x,y,value
1.7686902284622192,4.840458393096924,0.0
-0.7753066420555115,3.131962299346924,0.0
1.8203282356262207,8.000168800354004,1.5156540870666504
1.7869333028793335,4.460730075836182,0.0
-2.1213879585266113,10.305740356445312,1.589577555656433
0.18289338052272797,5.965559005737305,2.8160624504089355
0.701729416847229,9.140024185180664,0.0
-0.721032977104187,4.691699981689453,0.0
2.8001906871795654,6.666482448577881,0.0
1.5690028667449951,8.620880126953125,0.0
2.8011035919189453,3.7149484157562256,0.0
-1.7805752754211426,7.4761962890625,2.6801276206970215
3.264820098876953,6.096738338470459,1.83867609500885
8.799942970275879,5.462562561035156,0.0
2.9695658683776855,8.652464866638184,0.0
1.8236088752746582,5.7453179359436035,0.0
2.3623905181884766,7.212611198425293,0.0
0.9074247479438782,6.943155765533447,0.0
-0.00058314623311162,8.21694564819336,1.7318613529205322
0.9926198720932007,8.856407165527344,0.0
3.1887519359588623,5.81569766998291,0.0
-1.4579375982284546,5.602441310882568,0.0
3.96838641166687,6.02183723449707,0.0
2.1761832237243652,5.050922870635986,0.0
2.2992210388183594,5.123153209686279,0.0
1.1353671550750732,6.106144905090332,2.154311418533325
3.8332114219665527,7.781440734863281,0.0
3.6074461936950684,4.602542877197266,0.0
2.7634658813476562,6.503998756408691,0.0
1.5466166734695435,9.267939567565918,0.0
4.792639255523682,3.754587411880493,0.0
2.9365346431732178,8.6151123046875,0.0
0.04116610810160637,1.2877954244613647,0.0
-0.8187628388404846,7.745199680328369,0.0
-0.2608274519443512,7.581035614013672,0.0
1.6002426147460938,8.937971115112305,0.0
7.009944438934326,2.9232192039489746,0.0
1.511698842048645,7.076325416564941,0.0
2.6495559215545654,3.6280970573425293,0.0
7.6521759033203125,2.566608190536499,0.0
2.148956537246704,8.550108909606934,1.3821090459823608
1.2503300905227661,6.870631217956543,0.0
2.7847888469696045,2.3632256984710693,0.0
3.5925331115722656,5.136969566345215,0.0
0.4887317419052124,1.775762677192688,0.0
-0.6726189255714417,9.872345924377441,0.0
2.7394497394561768,7.7767744064331055,0.0
5.652835845947266,3.6334714889526367,0.0
-0.5859003067016602,0.5975130200386047,0.0
2.5612897872924805,2.562894344329834,0.0
-0.8203410506248474,1.2734451293945312,0.0
3.3196780681610107,4.479030609130859,3.0910234451293945
1.1982108354568481,7.2661309242248535,2.4181389808654785
7.0120768547058105,2.8742308616638184,0.0
2.7404990196228027,3.5595626831054688,0.0
2.9709601402282715,8.415693283081055,0.0
1.5971105098724365,7.534749507904053,1.7133512496948242
1.255202054977417,7.146905422210693,0.0
2.356633424758911,8.663192749023438,0.0
2.0334439277648926,8.759035110473633,0.0
2.1818199157714844,2.1979849338531494,0.0
1.5041698217391968,5.421416282653809,0.0
2.0632834434509277,4.177514553070068,0.0
-0.6499089002609253,6.221795558929443,0.0
6.760476112365723,2.9799790382385254,0.0
3.103915214538574,6.3729095458984375,0.0
-3.2172746658325195,9.79251480102539,0.0
-0.852013111114502,5.719568729400635,2.496675491333008
-4.311685562133789,8.27953052520752,0.0
2.7419633865356445,6.896858215332031,0.0
1.498123288154602,0.6839514374732971,0.0
3.8347325325012207,6.63939094543457,0.0
1.3916172981262207,4.011667251586914,0.0
0.9074513912200928,4.300107955932617,2.1610782146453857
-1.1186723709106445,4.509754657745361,0.0
1.8987764120101929,2.6056976318359375,2.1072309017181396
8.80977725982666,4.201570987701416,0.0
3.640608549118042,6.109217643737793,0.0
-1.898552417755127,8.40422534942627,0.0
0.1783585250377655,6.493265628814697,0.0
1.4445468187332153,3.24517560005188,0.0
3.1413443088531494,8.540016174316406,2.314643383026123
5.094595432281494,3.972174644470215,0.0
-0.5358308553695679,7.425823211669922,0.0
3.91294002532959,6.4842119216918945,0.0
0.9731794595718384,2.8639285564422607,0.0
5.507724285125732,3.922913074493408,0.0
-0.7624530792236328,8.28310775756836,2.5448787212371826
1.9596731662750244,8.691930770874023,0.0
2.3749184608459473,5.7214508056640625,0.0
0.540779709815979,8.594961166381836,0.0
2.2515006065368652,8.715363502502441,1.565488338470459
0.7902565002441406,7.020461082458496,0.0
1.0524204969406128,5.116380214691162,0.0
2.2128095626831055,6.973843097686768,0.0
0.9202266335487366,4.568451404571533,0.0
-2.400472402572632,2.0998525619506836,0.0
8.23691177368164,4.18079137802124,0.0
1.1208773851394653,2.188814163208008,0.0
4.091136932373047,4.881167411804199,0.0
1.36530339717865,1.905063271522522,0.0
1.4810791015625,3.157301425933838,0.0
0.5312268733978271,4.881251811981201,0.0
3.7612781524658203,2.8439557552337646,0.0
-0.8447713255882263,1.485040545463562,0.0
1.9173521995544434,4.795726299285889,0.0
1.2605429887771606,1.8036930561065674,0.0
4.7098541259765625,5.31002950668335,0.0
0.6433279514312744,3.9189417362213135,0.0
1.2944310903549194,1.815826654434204,0.0
2.3668923377990723,0.2505175471305847,0.0
0.20863021910190582,3.874452829360962,0.0
-0.18294605612754822,2.310335397720337,0.0
-4.263367652893066,6.139069557189941,0.0
-2.983569860458374,6.073299407958984,0.0
3.036795139312744,5.82723331451416,0.0
1.4613910913467407,3.4310877323150635,0.0
1.270029067993164,2.603071689605713,0.0
-4.121389389038086,2.9457807540893555,0.0
-1.0997761487960815,2.809368133544922,2.1922621726989746
1.2192193269729614,2.7738006114959717,0.0
-2.206296920776367,0.5555468201637268,0.0
1.1774522066116333,4.399228096008301,0.0
7.104996681213379,5.3323893547058105,0.0
2.1070003509521484,-0.6534273624420166,0.0
1.4573928117752075,2.824704170227051,0.0
-3.7344303131103516,2.913438081741333,0.0
-0.07879343628883362,3.6041617393493652,0.0
-2.765752077102661,5.194526195526123,0.0
-0.5692529082298279,2.5656769275665283,0.0
4.300351619720459,4.662817478179932,0.0
1.9640171527862549,5.706814765930176,0.0
3.387101650238037,2.2925708293914795,0.0
0.48708468675613403,1.2054338455200195,0.0
3.756418466567993,4.5804924964904785,2.235081672668457
-0.010325443930923939,4.031106948852539,0.0
-3.1801395416259766,6.7327446937561035,0.0
1.6348326206207275,5.439579486846924,2.115525960922241
4.057596683502197,1.9427720308303833,0.0
1.0543286800384521,2.762866735458374,0.0
0.8509449362754822,5.829938888549805,0.0
-0.4819783568382263,2.7421414852142334,0.0
0.3969973623752594,3.707347869873047,0.0
-2.6080844402313232,4.183070182800293,0.0
2.9779984951019287,4.84291934967041,3.069627523422241
6.729992866516113,5.311941146850586,2.599224328994751
0.25689107179641724,2.730278491973877,0.0
3.8862926959991455,3.8772058486938477,2.4562482833862305
-0.6631030440330505,3.0456743240356445,0.0
0.22661370038986206,2.825733184814453,0.0
3.69852614402771,2.4347164630889893,0.0
2.2958436012268066,3.8639116287231445,0.0
3.8787753582000732,5.320283889770508,2.999922037124634
3.720829725265503,4.371099472045898,3.0090346336364746
0.15907780826091766,4.005558490753174,0.0
-0.03558942303061485,4.142565727233887,0.0
1.3854299783706665,2.137178897857666,0.0
7.644799709320068,4.957180500030518,0.0
2.031904458999634,3.4438798427581787,0.0
0.10551183670759201,1.7180092334747314,0.0
1.1741664409637451,3.042497396469116,0.0
0.7870160341262817,4.074889183044434,0.0
-0.6097777485847473,3.1797139644622803,0.0
-3.7611641883850098,5.995010852813721,0.0
8.501888275146484,4.875683784484863,0.0
4.2244768142700195,5.177395343780518,2.638129234313965
9.321669578552246,3.79664945602417,0.0
-1.2021641731262207,2.1597094535827637,0.0
-4.16579008102417,6.609581470489502,0.0
1.3359030485153198,2.618835926055908,0.0
3.5796265602111816,6.412063121795654,2.5178987979888916
-2.9884727001190186,5.513586521148682,0.0
-2.9126689434051514,5.720271110534668,0.0
4.060966968536377,4.668223857879639,2.824223518371582
1.8825874328613281,8.77863597869873,0.0
0.95830899477005,1.6502712965011597,0.0
0.08397457748651505,2.135054349899292,0.0
5.679790019989014,3.5782816410064697,0.0
0.6611433625221252,2.2001872062683105,0.0
2.264873743057251,3.128011465072632,0.0
-3.421236276626587,5.905632019042969,0.0
-2.47786808013916,2.86026930809021,0.0
0.2575003504753113,4.274284362792969,0.0
-2.0568723678588867,3.3329293727874756,0.0
3.189692735671997,3.707246780395508,0.0
-2.600292205810547,6.537884712219238,0.0
-1.0047850608825684,3.146486520767212,0.0
1.4440041780471802,2.5554986000061035,0.0
1.1328001022338867,3.219182252883911,3.4176783561706543
1.4880136251449585,2.352076292037964,0.0
-0.181045800447464,3.7811293601989746,0.0
3.1878411769866943,3.0319669246673584,0.0
-2.716063976287842,6.005385875701904,0.0
-2.70939564704895,4.0165839195251465,0.0
2.240377902984619,-0.7207127213478088,0.0
6.21055269241333,3.3710646629333496,0.0
4.383741855621338,6.215223789215088,3.705798864364624
2.075850486755371,4.792262077331543,0.0
1.0518766641616821,2.737534761428833,0.0
1.3714629411697388,-1.5808634757995605,0.0
0.20721635222434998,4.551487922668457,0.0
0.5667025446891785,2.2707877159118652,0.0
1.099172592163086,2.296487331390381,0.0
1.0083187818527222,3.2394018173217773,0.0
1.6627018451690674,-0.8294950723648071,0.0
-3.8556554317474365,6.174473762512207,0.0
1.387465000152588,2.1547975540161133,0.0
-4.246719837188721,6.716123580932617,0.0
1.9023363590240479,3.446742534637451,0.0
-0.032932281494140625,4.56449031829834,0.0
1.2668551206588745,1.48824143409729,0.0
2.4880645275115967,-0.9343295693397522,0.0
2.331430196762085,5.9417877197265625,0.0
0.8061465620994568,0.3763619363307953,0.0
-3.6189045906066895,1.991504192352295,0.0
-2.3239548206329346,2.8435094356536865,0.0
7.20707368850708,2.7322773933410645,0.0
3.607887029647827,4.506050109863281,2.6237785816192627
-0.6470106840133667,3.2884249687194824,0.0
4.31717586517334,5.527577877044678,2.828707218170166
2.525273084640503,3.5282137393951416,0.0
2.2534751892089844,4.585914134979248,0.0
1.2661490440368652,3.067634105682373,0.0
1.6533535718917847,2.222637414932251,0.0
-2.6627650260925293,5.7945942878723145,0.0
5.584409713745117,4.542006492614746,2.6890318393707275
-0.7841774225234985,4.8841233253479,0.0
7.322607040405273,4.865598201751709,0.0
9.271509170532227,5.771054744720459,0.0
-0.41184002161026,4.085206031799316,0.0
-0.9411534667015076,3.157881498336792,0.0
1.002780556678772,5.618326663970947,0.0
-4.105723857879639,2.483224868774414,0.0
-4.106571197509766,7.087329864501953,2.9102349281311035
-3.8820831775665283,6.006054878234863,0.0
1.31436026096344,2.417497396469116,0.0
0.578273355960846,1.0741279125213623,0.0
1.6406298875808716,2.5830893516540527,0.0
3.245197296142578,2.389889717102051,0.0
-1.0954192876815796,2.0567095279693604,0.0
1.5813580751419067,2.428664445877075,0.0
1.843328595161438,3.8637192249298096,0.0
2.274437665939331,2.6834216117858887,2.501289129257202
0.42191243171691895,2.1740365028381348,0.0
-0.9457364678382874,3.8573150634765625,2.957416296005249
2.0501346588134766,5.028613567352295,0.0
-3.2505879402160645,6.841097354888916,0.0
0.47692233324050903,3.2440528869628906,0.0
-3.0421345233917236,3.6425626277923584,0.0
1.4885778427124023,4.34372615814209,0.0
0.07806584984064102,2.061300039291382,0.0
3.9437930583953857,2.088597059249878,0.0
3.492497444152832,4.721334934234619,2.70581316947937
-4.111846923828125,6.811720848083496,0.0
-1.7782366275787354,1.851133942604065,0.0
2.8959364891052246,2.1972498893737793,0.0
0.6740901470184326,2.9500608444213867,0.0
2.5712997913360596,7.586732387542725,0.0
1.7708758115768433,2.323875904083252,0.0
-2.4505810737609863,6.664450168609619,0.0
-3.3190665245056152,7.08069372177124,0.0
-0.37143900990486145,4.375646114349365,0.0
0.8791092038154602,3.215623617172241,3.4219677448272705
1.3427013158798218,4.1457905769348145,0.0
2.3606674671173096,3.7149879932403564,0.0
1.859400987625122,7.004030227661133,0.0
0.314980149269104,2.5434517860412598,0.0
0.2878267765045166,2.4092180728912354,0.0
5.523524761199951,3.412099838256836,0.0
-2.14589524269104,8.325370788574219,0.0
2.700838804244995,6.62108850479126,0.0
-3.4492831230163574,6.343592166900635,2.3075501918792725
-2.0124027729034424,4.950061321258545,0.0
-4.0561652183532715,6.987921714782715,0.0
-0.023020125925540924,2.784372329711914,0.0
0.6440768837928772,3.824847936630249,0.0
2.91544246673584,3.9377541542053223,0.0
0.8499457836151123,5.269929885864258,0.0
1.013471007347107,2.4120750427246094,0.0
-3.283578634262085,6.768448352813721,0.0
-1.3107558488845825,2.983983278274536,0.0
-0.6963827013969421,3.076108932495117,0.0
2.6952311992645264,0.026125987991690636,0.0
0.0310092531144619,3.0923542976379395,0.0
-3.250589609146118,5.847903251647949,0.0
1.99003005027771,2.411325216293335,2.9643630981445312
-0.8815163969993591,1.5322335958480835,0.0
-2.1572928428649902,2.1251821517944336,0.0
-2.035179853439331,3.6583731174468994,2.5586953163146973
-0.7704344391822815,4.8221588134765625,0.0
-2.7290520668029785,8.417784690856934,0.0
-1.3808400630950928,2.1517703533172607,0.0
-2.809037446975708,5.814054012298584,0.0
2.5014443397521973,3.207888126373291,0.0
-2.62626314163208,7.794331073760986,0.0
-0.20496031641960144,2.1020452976226807,0.0
3.012260913848877,5.94589900970459,0.0
-0.25557518005371094,2.0715107917785645,0.0
0.538412868976593,2.138052463531494,0.0
-0.07833249866962433,3.3296031951904297,0.0
0.14787468314170837,1.7005289793014526,0.0
2.5665578842163086,-0.4400647282600403,0.0
-3.299208879470825,6.874598503112793,2.1972246170043945
-0.8624657988548279,3.2358341217041016,0.0
3.6364877223968506,2.6431400775909424,0.0
1.348723292350769,1.9344395399093628,0.0
1.6821143627166748,3.1590468883514404,0.0
-1.4582171440124512,3.9552125930786133,2.6903114318847656
-3.8225669860839844,7.615478038787842,2.588911533355713
6.4299516677856445,3.3045620918273926,0.0
9.525341987609863,3.751354932785034,0.0
7.82719087600708,5.392364025115967,0.0
1.4520472288131714,3.4383704662323,0.0
2.2469675540924072,2.651054620742798,0.0
0.09791495651006699,0.6369658708572388,0.0
-3.314116954803467,7.112849235534668,0.0
1.1210198402404785,2.0004475116729736,0.0
0.47516679763793945,3.4159276485443115,0.0
2.6063125133514404,2.6785213947296143,0.0
0.12153838574886322,1.3498061895370483,0.0
1.0351217985153198,-0.08661013841629028,0.0
0.35998624563217163,2.936612606048584,0.0
1.8464676141738892,1.7425676584243774,0.0
4.705036163330078,5.931440830230713,0.0
-0.024442678317427635,2.01796817779541,0.0
8.925548553466797,5.772432327270508,1.5471848249435425
1.939607858657837,3.7543580532073975,0.0
1.7430177927017212,-0.05073504522442818,0.0
1.0901392698287964,2.7690346240997314,0.0
-1.1719439029693604,2.0934572219848633,0.0
-2.779172658920288,2.0909132957458496,0.0
0.9351856708526611,1.9984633922576904,0.0
-2.933885335922241,5.893412113189697,0.0
8.28071117401123,3.050170660018921,0.0
-0.3847469091415405,3.324230909347534,0.0
2.4024059772491455,1.7854833602905273,0.0
2.795982837677002,3.487643241882324,0.0
-1.1250871419906616,2.375964879989624,0.0
4.9802398681640625,7.061846733093262,2.6980278491973877
-4.077869892120361,7.0425543785095215,0.0
2.9061810970306396,4.7763590812683105,0.0
1.6755461692810059,2.001716136932373,0.0
0.10787277668714523,5.155452728271484,0.0
1.458370566368103,3.656846284866333,0.0
-3.3347268104553223,5.6622090339660645,0.0
-3.1052792072296143,3.4368600845336914,0.0
2.3012633323669434,6.394449710845947,0.0
2.208148717880249,4.7996721267700195,0.0
1.1688193082809448,2.8689112663269043,0.0
3.07629656791687,6.324985504150391,0.0
0.021013395860791206,4.392719268798828,0.0
-2.0115158557891846,3.155784845352173,0.0
-3.40575909614563,6.527703285217285,0.0
1.63985276222229,1.1819270849227905,0.0
2.961972713470459,-1.003881573677063,0.0
0.3035361170768738,6.3664679527282715,0.0
-4.181974411010742,7.484503746032715,0.0
5.865715980529785,3.6226067543029785,0.0
1.3111586570739746,2.871835708618164,0.0
6.266147136688232,3.2219882011413574,0.0
-2.4846601486206055,5.412564277648926,2.5412795543670654
2.2590324878692627,7.386445999145508,0.0
-2.766524076461792,3.8051517009735107,0.0
-3.2835044860839844,7.542637348175049,0.0
1.752895474433899,4.296731948852539,0.0
2.823615074157715,-0.4753926694393158,0.0
1.9603722095489502,2.6237192153930664,0.0
0.767936646938324,2.3473172187805176,0.0
0.91944420337677,1.7585772275924683,0.0
-2.2723822593688965,0.8266682624816895,0.0
-0.5057008266448975,3.7437875270843506,0.0
-2.764937162399292,6.828926086425781,0.0
-2.2459535598754883,7.396914005279541,2.503347635269165
-2.865884780883789,5.190580368041992,0.0
-3.7610385417938232,2.265719413757324,0.0
-2.491497039794922,8.95805549621582,0.0
-3.316457509994507,5.6191301345825195,0.0
1.0084757804870605,4.886655330657959,0.0
0.2788696885108948,1.116326928138733,0.0
-1.0653213262557983,2.8938677310943604,0.0
-1.4838353395462036,0.15916134417057037,0.0
-3.115645408630371,6.231940746307373,2.7255845069885254
-2.948917865753174,8.264583587646484,0.0
0.9593268036842346,2.693530797958374,0.0
-1.3784215450286865,4.2115983963012695,2.167217969894409
4.073737144470215,3.4733002185821533,0.0
0.3087066113948822,4.04606819152832,0.0
-0.369853138923645,3.878232955932617,2.622593402862549
-1.014479398727417,3.413034677505493,0.0
3.5439982414245605,5.202308654785156,3.769834280014038
2.8351638317108154,6.4628472328186035,3.152582883834839
1.3944580554962158,4.89400053024292,0.0
1.9040473699569702,4.549081802368164,0.0
-1.015701174736023,3.380725622177124,0.0
1.1851582527160645,2.2351772785186768,0.0
-3.7221570014953613,7.108940601348877,0.0
-1.8976446390151978,2.3673317432403564,0.0
-0.8788368105888367,5.742440223693848,0.0
-3.4078686237335205,7.604883670806885,0.0
3.506789207458496,4.755548477172852,2.165166139602661
6.096912860870361,3.1197757720947266,0.0
0.39097708463668823,3.8315253257751465,0.0
1.1402863264083862,1.8531769514083862,0.0
-1.0031665563583374,5.900041103363037,0.0
-3.6337687969207764,7.3179030418396,0.0
2.4292683601379395,2.7371068000793457,0.0
-0.8780129551887512,1.2060766220092773,0.0
-1.1284537315368652,2.1778857707977295,0.0
-1.088651180267334,1.9407403469085693,0.0
-0.9849575161933899,3.616000175476074,0.0
-0.032782889902591705,3.857947587966919,0.0
3.535429000854492,5.6393280029296875,0.0
-0.8145567774772644,2.931727647781372,0.0
1.4285911321640015,4.5674872398376465,0.0
-4.329521656036377,7.424632549285889,0.0
-1.3400764465332031,0.596405565738678,0.0
3.136502504348755,3.0229134559631348,0.0
-3.855619430541992,6.64139986038208,0.0
3.1714258193969727,-1.3275866508483887,0.0
0.36188775300979614,3.662567377090454,0.0
-3.696413278579712,7.260444641113281,0.0
2.862034559249878,5.389007091522217,2.4513890743255615
2.295853853225708,-1.3766429424285889,0.0
-0.2548682391643524,2.7696263790130615,0.0
3.5892322063446045,4.624384880065918,0.0
-0.2158970683813095,1.6093274354934692,0.0
1.145338535308838,-0.2974337339401245,0.0
2.706958055496216,1.9845259189605713,0.0
2.336498737335205,2.9816019535064697,0.0
-0.156611368060112,3.924480438232422,0.0
9.480795860290527,5.142827987670898,1.6770436763763428
-1.4978442192077637,3.2399184703826904,0.0
-4.0215606689453125,3.2028489112854004,0.0
2.2731690406799316,5.250016689300537,0.0
2.3738579750061035,6.903932571411133,0.0
-0.06758245080709457,4.053299427032471,0.0
2.9644527435302734,2.047788143157959,0.0
3.088144063949585,4.140966415405273,2.5900514125823975
1.8242182731628418,-1.1446291208267212,0.0
1.213448405265808,1.600640058517456,0.0
2.28875994682312,1.7943092584609985,0.0
3.5828475952148438,4.584436416625977,2.8317086696624756
3.6938529014587402,4.6303558349609375,0.0
-2.630782127380371,2.113288402557373,0.0
0.8003265857696533,2.7197983264923096,0.0
-3.0194740295410156,8.734162330627441,2.2065227031707764
2.0599963665008545,3.7355711460113525,0.0
0.9945284128189087,2.283390998840332,0.0
-2.952730178833008,4.826993942260742,0.0
0.9780024886131287,3.771864175796509,0.0
2.807725429534912,6.81032657623291,0.0
-1.080306053161621,1.8841826915740967,0.0
-1.2017868757247925,3.0437235832214355,0.0
0.4076220989227295,4.701837539672852,0.0
3.264786958694458,5.942716121673584,0.0
4.495369911193848,2.823453903198242,2.150949716567993
1.1442227363586426,3.0525057315826416,0.0
1.1690739393234253,3.538141965866089,3.0312860012054443
0.9348922967910767,3.1034512519836426,0.0
4.007021427154541,5.362036228179932,3.4191060066223145
1.2991046905517578,2.922004461288452,0.0
-0.015487715601921082,4.266499042510986,0.0
-2.160466432571411,6.199700832366943,0.0
2.6708028316497803,4.168427467346191,3.2568953037261963
-0.37553760409355164,5.831363677978516,0.0
-0.7620634436607361,3.473572015762329,0.0
2.2653396129608154,6.341426372528076,0.0
1.6301277875900269,0.14820587635040283,0.0
3.027139186859131,4.323731422424316,3.2665483951568604
1.4036628007888794,3.863105297088623,0.0
4.378325939178467,5.119926929473877,3.213515520095825
-2.4913816452026367,3.536383628845215,0.0
2.6485817432403564,2.695347547531128,0.0
0.864090621471405,2.6153762340545654,0.0
4.3976240158081055,6.526079177856445,0.0
2.874678373336792,-0.9286647439002991,0.0
1.2078369855880737,2.0237460136413574,0.0
-1.2380242347717285,1.0476605892181396,0.0
-4.228957176208496,7.03018045425415,0.0
2.608792543411255,-0.7886361479759216,0.0
1.7916836738586426,2.5810132026672363,0.0
-0.19449765980243683,2.924341917037964,0.0
-0.5565943717956543,2.0492427349090576,0.0
0.826246440410614,1.6461353302001953,0.0
3.6391820907592773,4.895486354827881,0.0
1.263819694519043,6.104709148406982,0.0
3.4747424125671387,6.296896934509277,1.9826195240020752
-0.47494858503341675,4.225282192230225,0.0
7.729806900024414,4.209817409515381,0.0
8.582754135131836,3.376624584197998,0.0
-1.2355090379714966,1.9272712469100952,0.0
3.423988103866577,4.456272602081299,2.9891066551208496
1.2335232496261597,1.3941071033477783,0.0
-3.3264997005462646,2.5531694889068604,0.0
-3.3692803382873535,6.311185836791992,0.0
1.9953651428222656,5.496755599975586,2.184525966644287
0.2110746204853058,1.5716967582702637,0.0
8.904712677001953,5.191850185394287,0.0
-3.59238338470459,2.322113513946533,0.0
4.836254596710205,5.57919979095459,2.877991199493408
0.4191529452800751,2.1461896896362305,0.0
9.464176177978516,4.602625370025635,0.0
2.8971288204193115,4.7535200119018555,0.0
-1.0760061740875244,0.39540982246398926,0.0
-0.7151637077331543,2.0371479988098145,0.0
-4.763651371002197,7.107154369354248,0.0
-2.804330825805664,3.790160894393921,0.0
0.18628911674022675,2.9593567848205566,0.0
-1.3776696920394897,2.392049789428711,0.0
2.0160176753997803,1.3197431564331055,0.0
8.207951545715332,2.6632485389709473,0.0
1.8876183032989502,3.0631163120269775,0.0
1.8362482786178589,-0.3738608658313751,0.0
-2.1400787830352783,2.6009135246276855,0.0
2.2485156059265137,2.8798317909240723,0.0
-1.9810205698013306,2.2240891456604004,2.9678566455841064
-0.31479668617248535,2.947482109069824,0.0
-0.04593454301357269,2.879394054412842,0.0
-3.319821357727051,3.812594175338745,0.0
-3.2900197505950928,3.263676881790161,0.0
1.4419143199920654,1.8532642126083374,0.0
-2.6702282428741455,1.1684812307357788,0.0
-0.3711784780025482,3.2754313945770264,0.0
3.556975841522217,4.506748199462891,0.0
2.4335708618164062,6.009758472442627,0.0
2.674903154373169,3.1690802574157715,0.0
-2.326587677001953,7.188969135284424,0.0
1.2506464719772339,9.304713249206543,0.0
-0.6967474818229675,6.8336920738220215,0.0
-2.149979829788208,8.07532787322998,0.0
1.7283308506011963,4.61577033996582,2.9652349948883057
1.9468241930007935,2.2340941429138184,0.0
0.2585817873477936,3.562108039855957,0.0
1.2006354331970215,1.7499830722808838,0.0
0.9572696089744568,7.414570331573486,0.0
0.048787567764520645,3.322676181793213,0.0
1.3631287813186646,3.8014514446258545,0.0
1.5179871320724487,2.3188393115997314,0.0
7.278955936431885,4.027669906616211,1.1225274801254272
1.549928069114685,7.669746398925781,0.0
1.619848608970642,3.5574607849121094,0.0
-2.843991279602051,6.5791544914245605,0.0
-2.396880626678467,2.739866018295288,0.0
1.7264894247055054,9.09731388092041,0.0
1.924916386604309,1.7457637786865234,0.0
-0.997448205947876,2.1032347679138184,0.0
9.160258293151855,4.081954002380371,0.0
0.04278130456805229,7.498974323272705,0.0
-2.9947988986968994,7.942301273345947,0.0
-1.9541302919387817,4.5480146408081055,2.7045106887817383
0.754703938961029,6.367988109588623,0.0
0.68520188331604,4.215722560882568,0.0
0.8354767560958862,4.273784160614014,0.0
-0.10104905813932419,9.488489151000977,2.3450660705566406
0.5852236151695251,9.404993057250977,0.0
2.624460458755493,5.18571662902832,0.0
-1.4962252378463745,2.3621182441711426,0.0
1.1426126956939697,3.9724507331848145,0.0
0.8268502354621887,2.2251880168914795,0.0
3.8394761085510254,2.429218292236328,0.0
-0.9445310831069946,7.489266395568848,0.0
1.9984842538833618,4.914603233337402,0.0
2.817378520965576,8.284696578979492,0.0
-2.4172451496124268,2.987727165222168,0.0
0.13209517300128937,6.831007480621338,0.0
-0.6182803511619568,2.2605271339416504,0.0
0.809497058391571,2.5716915130615234,0.0
1.5994244813919067,5.199467658996582,0.0
2.910642147064209,5.828111171722412,0.0
1.1880220174789429,7.531795024871826,0.0
2.4662654399871826,0.32057732343673706,0.0
-2.915817975997925,2.7666823863983154,0.0
0.8308988213539124,1.3812589645385742,0.0
-0.01009051501750946,4.560051918029785,0.0
-0.7975720763206482,5.5029683113098145,0.0
2.8689723014831543,3.126734733581543,0.0
2.597857713699341,-1.3632057905197144,0.0
-2.9996607303619385,5.231965065002441,0.0
4.705448150634766,2.4286465644836426,0.0
2.3053083419799805,3.434683322906494,1.946767807006836
-0.5348094701766968,7.757133483886719,0.0
2.0452468395233154,7.266158580780029,1.5745325088500977
0.16284073889255524,3.3874733448028564,0.0
-0.7123594284057617,5.054687023162842,2.588911533355713
3.8857080936431885,2.934588670730591,1.8635565042495728
-2.7314274311065674,1.9898715019226074,0.0
-0.2052299827337265,7.133273124694824,0.0
1.8662347793579102,5.709875583648682,0.0
3.715024948120117,6.053986549377441,0.0
3.001512289047241,1.3749563694000244,0.0
-0.7085207104682922,9.302748680114746,0.0
0.33147022128105164,1.3794996738433838,0.0
2.537444591522217,2.5346145629882812,1.6795239448547363
2.5825881958007812,-1.2549959421157837,0.0
7.807047367095947,2.5656845569610596,1.4977056980133057
1.2756397724151611,6.289574146270752,0.0
1.5010868310928345,9.595176696777344,0.0
-2.3068313598632812,7.894320964813232,1.2648576498031616
3.120257616043091,4.679418563842773,1.8285188674926758
-2.5473670959472656,3.8771169185638428,0.0
-0.4099051356315613,0.3271215856075287,0.0
2.31738018989563,6.594839096069336,0.0
-1.014107346534729,5.67679500579834,1.692784070968628
0.6767544746398926,8.537734985351562,0.0
-3.0957367420196533,6.739231586456299,0.0
1.2253234386444092,6.8947248458862305,0.0
0.6378046274185181,9.016571998596191,0.0
0.7922028303146362,8.863621711730957,0.0
2.618100881576538,4.4401021003723145,0.0
1.6023396253585815,6.191007137298584,0.0
-0.6817777752876282,1.2129013538360596,0.0
3.5944793224334717,2.1445047855377197,0.0
2.508420705795288,3.194169759750366,2.1642558574676514
3.291408061981201,7.450925350189209,0.0
-0.13440001010894775,1.5982823371887207,0.0
1.9201446771621704,1.9331995248794556,1.2911951541900635
4.03975248336792,0.946069061756134,2.0679335594177246
-3.666883707046509,5.9844536781311035,0.0
-0.7286921143531799,2.3491098880767822,0.0
-1.598984956741333,5.098662853240967,0.0
2.043599843978882,4.208137035369873,0.0
-1.0980677604675293,8.599997520446777,0.0
0.7773700952529907,3.597869396209717,0.0
-0.7098328471183777,6.145264625549316,0.0
0.30830812454223633,2.7492947578430176,0.0
0.11099938303232193,5.056708812713623,2.020251750946045
3.49609112739563,5.137973785400391,0.0
-1.0904258489608765,2.5093889236450195,0.0
2.083414077758789,2.5882675647735596,2.2195780277252197
-0.1531539410352707,7.103683948516846,2.2455856800079346
-3.3213815689086914,3.7874915599823,0.0
4.275198459625244,6.576744079589844,2.1327109336853027
-1.0456011295318604,4.406893730163574,0.0
1.8194493055343628,-0.8721786141395569,0.0
1.2067453861236572,3.3041632175445557,0.0
-0.7520114779472351,7.729487895965576,0.0
-2.021139621734619,6.660120010375977,0.0
-0.38257789611816406,3.6722636222839355,0.0
-2.790808916091919,4.201993465423584,0.0
2.634439706802368,3.0424468517303467,0.0
-3.0344250202178955,2.0124011039733887,0.0
0.6386138796806335,4.510518550872803,2.6321208477020264
-2.0384368896484375,3.0390372276306152,0.0
1.9222490787506104,5.114351749420166,0.0
0.41606995463371277,6.391274929046631,0.0
-1.1007053852081299,8.77855396270752,0.0
-1.652819037437439,7.972233772277832,0.0
2.327866792678833,3.458009719848633,0.0
0.7295001149177551,9.377607345581055,0.0
-1.1494492292404175,5.486045837402344,0.0
-0.16308918595314026,4.370260715484619,0.0
-0.04050663113594055,3.9553396701812744,2.2365739345550537
1.7959213256835938,2.719158887863159,0.0
0.310787558555603,9.244877815246582,0.0
1.0012426376342773,1.1955981254577637,0.0
-1.5831581354141235,1.745679259300232,0.0
1.8877341747283936,4.00720739364624,0.0
-0.3889368772506714,4.053946495056152,0.0
1.6785292625427246,6.5063323974609375,0.0
1.069248080253601,6.1735968589782715,0.0
0.2865299582481384,5.282628536224365,0.0
0.514044463634491,6.833649158477783,0.0
-0.3153649866580963,2.346395969390869,0.0
0.6095057725906372,3.3504483699798584,1.89890718460083
-1.0785062313079834,2.6219136714935303,0.0
-1.1300297975540161,3.202861785888672,0.0
2.874223232269287,-1.1837053298950195,2.1549854278564453
1.760905146598816,3.6043403148651123,0.0
7.59619665145874,2.6619627475738525,0.0
1.844282627105713,3.992060422897339,0.0
-1.4826921224594116,8.29612922668457,1.2331160306930542
3.991422414779663,7.32744836807251,0.0
-3.380384683609009,6.827398300170898,0.0
-1.50536048412323,5.233752250671387,0.0
1.3973239660263062,9.218194007873535,0.0
-1.5558154582977295,6.931381702423096,0.0
1.4515808820724487,5.510496139526367,0.0
0.8857961297035217,6.803451061248779,0.0
0.9126323461532593,3.056519031524658,0.0
0.4132579565048218,1.5822166204452515,0.0
-0.7620225548744202,6.2614569664001465,0.0
0.2528541684150696,5.254513740539551,0.0
-0.4748047888278961,8.225561141967773,0.0
1.9668493270874023,3.1945242881774902,0.0
-0.8178295493125916,5.1865949630737305,0.0
2.159538745880127,7.8692779541015625,0.0
0.6503883600234985,5.23524284362793,0.0
1.4079231023788452,3.5960490703582764,0.0
-4.644524097442627,7.428967475891113,0.0
2.5866174697875977,7.222795486450195,0.0
-0.4963497519493103,1.4713897705078125,0.0
1.741380214691162,8.500677108764648,2.148939371109009
1.0955129861831665,3.4700911045074463,0.0
-0.23178261518478394,8.1531400680542,0.0
8.49787425994873,4.4571075439453125,2.3991081714630127
1.206303358078003,6.6776275634765625,2.4915788173675537
6.41790246963501,3.711251974105835,1.1409367322921753
-0.07372811436653137,8.840670585632324,0.0
1.1427969932556152,-0.0603976733982563,0.0
3.334472179412842,2.0683650970458984,0.0
2.4331767559051514,5.015663146972656,0.0
1.1946858167648315,5.745333671569824,2.3915557861328125
2.166410446166992,3.951274871826172,0.0
1.7916635274887085,1.1945853233337402,0.0
1.9534357786178589,4.588619232177734,0.0
3.0243337154388428,-1.4935481548309326,0.0
1.5305068492889404,5.919313430786133,0.0
3.143989086151123,4.6319169998168945,2.0073142051696777
4.80587911605835,6.661125659942627,1.296767234802246
2.585905075073242,8.298065185546875,0.0
2.917705535888672,-1.5290409326553345,0.0
-1.7518877983093262,0.3670053780078888,0.0
-1.4672690629959106,10.249486923217773,0.0
3.36008882522583,0.274138480424881,0.0
2.6430811882019043,8.455100059509277,0.0
2.4214699268341064,8.48727035522461,2.167217969894409
3.200972080230713,6.711652755737305,0.9385131597518921
2.2757794857025146,5.105313301086426,0.0
2.8771934509277344,3.145232677459717,0.0
-3.6264259815216064,7.596286296844482,0.0
1.9356375932693481,5.863056182861328,0.0
2.2678797245025635,2.067600727081299,0.0
1.3792428970336914,4.299532890319824,0.0
2.7949068546295166,6.6294355392456055,0.0
-1.5241389274597168,3.75058913230896,0.0
0.4485548436641693,6.239969730377197,0.0
4.726176738739014,3.1007161140441895,0.0
-0.39254850149154663,3.248734474182129,0.0
3.23677921295166,6.131283760070801,0.0
-1.5242639780044556,3.311737537384033,0.0
-1.636338710784912,4.2636847496032715,0.0
2.6155080795288086,2.5427491664886475,0.0
-2.235884428024292,3.1961162090301514,2.7255845069885254
3.885798454284668,4.915395259857178,0.0
0.9275669455528259,2.880577802658081,0.0
-2.994621515274048,3.4707958698272705,2.3579609394073486
1.2480649948120117,1.6954468488693237,0.0
-2.922122001647949,7.967573642730713,0.0
5.3614501953125,3.9932920932769775,0.0
2.9679253101348877,2.6025233268737793,0.0
-0.06771844625473022,7.042389392852783,0.0
3.5438404083251953,4.331588268280029,0.0
3.6832427978515625,6.648812294006348,2.5790023803710938
1.8546756505966187,6.311202526092529,2.2834606170654297
-2.032276153564453,3.1941535472869873,0.0
-2.4121928215026855,3.5693392753601074,0.0
-1.5762284994125366,6.482537269592285,0.0
2.502622127532959,-1.8902987241744995,0.0
-0.6860910058021545,8.706843376159668,1.4062721729278564
-0.64958256483078,5.968236446380615,0.0
-0.8990016579627991,1.2096869945526123,0.0
1.1468300819396973,9.10402774810791,0.0
0.7027405500411987,3.8747570514678955,0.0
2.5192720890045166,0.3119402527809143,0.0
-0.17707957327365875,3.7987864017486572,0.0
-1.0541294813156128,3.976860523223877,0.0
-2.8390254974365234,7.807036876678467,0.0
4.315877437591553,3.4741618633270264,0.0
-2.9443814754486084,3.9858145713806152,0.0
1.1286898851394653,3.747018575668335,2.720710277557373
-1.994864821434021,8.654455184936523,1.5049335956573486
0.3853727877140045,2.3363561630249023,2.7478606700897217
0.21157841384410858,8.319482803344727,0.0
-0.10044719278812408,0.2510381042957306,2.636322259902954
1.4773805141448975,7.351083278656006,0.0
-3.0360944271087646,6.233776092529297,0.0
-2.681553602218628,6.744716644287109,0.0
2.2267367839813232,2.9381496906280518,0.0
2.5168278217315674,3.3346407413482666,2.2922112941741943
7.373490810394287,1.027788758277893,0.0
0.28061187267303467,4.485326766967773,0.0
9.839780807495117,3.9617655277252197,0.0
-0.0898553729057312,6.659153938293457,0.0
-1.7580113410949707,3.9754223823547363,0.0
1.8625117540359497,-0.6658435463905334,0.0
2.7396817207336426,8.078421592712402,2.4382483959198
1.6948232650756836,4.782639980316162,0.0
-1.3155348300933838,2.8584659099578857,0.0
-0.6463953256607056,4.83991003036499,1.7567994594573975
1.2147091627120972,2.971766471862793,0.0
0.545272946357727,2.824737071990967,0.0
-4.13124942779541,4.396819114685059,0.0
0.6108078360557556,4.299866676330566,0.0
2.658708095550537,8.234737396240234,0.0
-3.488783121109009,2.3892838954925537,0.0
4.692960262298584,4.951793670654297,0.0
2.8221724033355713,-1.436287522315979,0.0
0.26441532373428345,3.0500762462615967,0.0
2.63049578666687,5.750728607177734,0.0
1.7836260795593262,6.0773444175720215,0.0
4.605868816375732,4.872799396514893,0.0
0.020790398120880127,4.532470703125,0.0
4.057469367980957,5.281352519989014,0.0
1.2296661138534546,1.0037834644317627,0.0
2.2375218868255615,1.3287346363067627,0.0
3.225192070007324,0.9078553915023804,0.0
1.699824571609497,2.9111618995666504,0.0
3.715069532394409,5.9779438972473145,2.928476333618164
2.7456178665161133,6.264617919921875,0.0
1.326823115348816,1.4301259517669678,0.0
0.09553246200084686,5.98196268081665,0.0
2.3631818294525146,7.308548927307129,0.0
2.6166839599609375,-0.8141406774520874,2.2748031616210938
3.631565570831299,6.538248538970947,1.8022527694702148
-0.881828248500824,8.774887084960938,0.0
2.163252353668213,-0.20926795899868011,0.0
1.7650456428527832,8.730175971984863,2.576472520828247
1.1377593278884888,2.3588294982910156,0.0
7.898226737976074,2.837959051132202,2.215930223464966
-1.6775496006011963,3.9522759914398193,0.0
2.900299072265625,6.949349880218506,2.3227667808532715
0.6064900755882263,6.112135887145996,0.0
-0.11989913880825043,1.1846821308135986,0.0
0.6390753984451294,9.787867546081543,0.0
6.43113374710083,5.024198055267334,0.0
3.3268415927886963,0.30988839268684387,0.0
0.30791598558425903,2.5390195846557617,2.0767338275909424
7.883819103240967,3.3603157997131348,2.444953203201294
2.165635585784912,3.5715439319610596,0.0
2.951077461242676,5.095088958740234,0.0
2.070195198059082,8.013612747192383,0.0
3.09017276763916,4.008547782897949,0.0
3.5549612045288086,5.315835475921631,0.0
6.010168075561523,3.673685073852539,2.370840072631836
4.004440784454346,5.7035064697265625,2.0106680393218994
1.36757230758667,4.613619804382324,0.0
1.5082108974456787,3.539335012435913,0.0
3.5046441555023193,2.040694236755371,0.0
-0.27556943893432617,9.142778396606445,0.0
3.0901410579681396,4.066513538360596,2.301865577697754
-0.16981570422649384,2.8106253147125244,0.0
4.141433238983154,4.833853244781494,0.0
2.9804325103759766,4.175773620605469,2.111048460006714
1.0627944469451904,3.3359196186065674,2.457223415374756
1.0608325004577637,9.5989990234375,1.8293964862823486
2.3834614753723145,4.385164737701416,0.0
-0.6556270718574524,5.377313613891602,0.0
8.35535717010498,5.45949649810791,1.0109648704528809
-0.4485788941383362,3.8412790298461914,0.0
0.2907611131668091,2.4808783531188965,0.0
1.315717101097107,1.7658318281173706,0.0
3.0729877948760986,4.368163108825684,2.957416296005249
2.4143741130828857,8.168391227722168,0.0
5.497249126434326,3.5585432052612305,2.0503320693969727
0.5113078355789185,7.869668960571289,0.0
4.1469831466674805,5.070611476898193,0.0
4.302066802978516,4.221442699432373,1.3262834548950195
0.6751924753189087,3.697091579437256,0.0
2.8315017223358154,5.32747220993042,0.0
2.9973278045654297,7.79888391494751,0.0
3.159151077270508,5.148410320281982,0.0
3.18576979637146,6.616301536560059,0.0
1.5451061725616455,4.045395374298096,0.0
-4.146467685699463,2.2732045650482178,0.0
5.5695481300354,4.579484939575195,0.0
2.202803611755371,3.8763480186462402,2.655792713165283
4.106902122497559,6.95667028427124,1.7380132675170898
2.4216794967651367,6.860049724578857,0.0
4.312361240386963,5.211507320404053,0.0
2.9436402320861816,4.196201801300049,2.190850019454956
0.11056943237781525,1.6624709367752075,0.0
7.021240234375,3.4983556270599365,0.0
4.613606929779053,3.5302693843841553,0.0
8.20622730255127,5.10451602935791,1.7828569412231445
8.845318794250488,4.002499580383301,0.0
3.966336727142334,4.094718933105469,0.0
0.6668013334274292,5.268276691436768,2.2486119270324707
2.8276875019073486,6.532680034637451,0.0
4.060400009155273,5.405130863189697,0.0
2.3660948276519775,-0.8521336317062378,0.0
3.7761473655700684,3.524723768234253,0.0
1.2004106044769287,7.3376688957214355,0.0
4.430567264556885,6.631224155426025,2.8982768058776855
1.7762809991836548,-1.2706550359725952,0.0
7.292172908782959,3.1024954319000244,0.403755784034729
0.8283453583717346,7.455296039581299,0.0
1.5309789180755615,-0.2436855584383011,0.0
2.911703586578369,2.296574831008911,0.0
-0.41738173365592957,5.889978408813477,0.0
4.791831970214844,6.218881130218506,2.6830856800079346
1.5993082523345947,5.584219455718994,0.0
1.2774968147277832,4.6522321701049805,0.0
1.5028250217437744,2.1385629177093506,0.0
1.776448369026184,3.3851521015167236,0.0
0.45073339343070984,7.236902236938477,0.0
3.1422176361083984,5.6909565925598145,1.4034876823425293
5.0883283615112305,5.067270755767822,1.3947536945343018
2.7232091426849365,7.40440559387207,0.0
0.7457032799720764,7.199873924255371,0.0
-1.782262921333313,8.733758926391602,0.0
9.602286338806152,6.192785739898682,1.3004478216171265
-2.982269763946533,3.771085023880005,0.0
9.590692520141602,3.7958154678344727,2.6093289852142334
2.764920711517334,2.3084523677825928,0.0
3.6352145671844482,4.461651802062988,1.7639753818511963
2.4915523529052734,7.369804859161377,0.0
0.5137357711791992,0.15693870186805725,0.0
3.8301215171813965,4.913687229156494,1.6975042819976807
8.182832717895508,2.8455569744110107,2.0515127182006836
4.329837799072266,6.384547233581543,1.7946821451187134
1.3679269552230835,9.516678810119629,0.0
3.0629231929779053,2.4301249980926514,0.0
4.1671977043151855,5.071465015411377,0.0
1.9984511137008667,5.12092399597168,2.1226136684417725
4.922210693359375,6.087878704071045,2.1631195545196533
4.597422122955322,5.114435195922852,2.7051615715026855
-1.1795806884765625,6.125940322875977,1.939594030380249
-0.20024679601192474,3.799006223678589,0.0
-1.1734809875488281,2.7114663124084473,0.0
1.8017778396606445,6.091339588165283,0.0
1.3290349245071411,1.7457910776138306,0.0
-0.7510711550712585,2.8596181869506836,0.0
2.9596052169799805,4.945499420166016,1.494926929473877
3.698948621749878,5.495112895965576,0.0
2.041229486465454,8.814093589782715,0.0
2.569460868835449,3.3596556186676025,0.0
4.639391899108887,2.4162375926971436,2.574230194091797
2.2585318088531494,2.2682158946990967,2.612584114074707
1.8094710111618042,3.343411922454834,0.0
-2.685018539428711,4.1646504402160645,0.0
0.7901122570037842,3.1056599617004395,0.0
3.782912015914917,5.016289234161377,1.3010311126708984
7.805860996246338,5.687852382659912,0.0
1.2013428211212158,2.831339120864868,0.0
0.5943922996520996,6.110252380371094,2.2986347675323486
1.402929663658142,3.149704694747925,0.0
1.0314407348632812,5.750840187072754,0.0
-1.8669999837875366,0.7347413897514343,0.0
-0.6281145215034485,3.073556900024414,0.0
3.0093722343444824,7.912500381469727,0.0
-1.4874036312103271,1.726976752281189,0.0
1.9566916227340698,5.147242546081543,0.0
4.780858516693115,3.8524842262268066,1.3518346548080444
2.746727705001831,3.372749090194702,2.32901668548584
3.6505913734436035,4.554340839385986,2.423746109008789
5.967935085296631,2.887998104095459,0.0
4.259236812591553,5.184142589569092,0.0
2.6524715423583984,-0.035093456506729126,0.0
2.26603364944458,2.5854368209838867,0.0
4.667195796966553,4.900097370147705,0.0
3.556260585784912,7.168659210205078,1.8224053382873535
9.237820625305176,3.9269423484802246,0.0
2.1455624103546143,4.8711395263671875,0.0
0.1557854413986206,3.4450831413269043,0.0
0.33193379640579224,2.0482780933380127,0.0
0.24242690205574036,2.548323392868042,0.0
1.65309476852417,2.886812448501587,0.0
-2.3332273960113525,7.731907844543457,0.0
2.217855930328369,7.701927185058594,0.0
0.1523863524198532,2.6402268409729004,2.4809741973876953
2.443103551864624,-0.14271104335784912,0.0
0.2889980971813202,8.57861614227295,0.0
0.08311846852302551,1.9906433820724487,0.0
4.015523433685303,5.010445594787598,0.0
-2.6439707279205322,3.414771795272827,0.0
7.189442157745361,2.652040958404541,1.3818856477737427
1.2374228239059448,6.4797682762146,0.0
1.6448009014129639,8.638712882995605,2.0871798992156982
-3.1568052768707275,7.149303436279297,2.3737049102783203
-0.30458590388298035,5.353424072265625,0.0
6.8786516189575195,3.2406959533691406,0.0
2.531346559524536,7.350343227386475,0.0
0.2537432014942169,7.992023468017578,0.0
0.0675380751490593,2.831575870513916,0.0
0.737642765045166,9.11347770690918,0.0
3.7042839527130127,5.847474575042725,2.8928937911987305
3.131434679031372,7.201420783996582,0.0
1.8655542135238647,8.139524459838867,1.3861443996429443
-1.2755773067474365,2.1954448223114014,0.0
-1.7709399461746216,0.43520525097846985,0.0
2.411573648452759,2.9713921546936035,0.0
-0.5324747562408447,1.7737853527069092,0.0
-2.65130352973938,9.745024681091309,0.0
0.7156215906143188,3.1889073848724365,0.0
0.8208017349243164,4.635843276977539,0.0
2.808993101119995,3.835130214691162,0.0
7.6289753913879395,3.443674325942993,0.0
-0.010248801670968533,5.084583282470703,0.0
2.6310222148895264,7.2322845458984375,3.2006256580352783
2.6317927837371826,6.69082498550415,1.9385747909545898
-0.033458586782217026,9.071959495544434,0.0
3.9813852310180664,2.4900941848754883,2.0276620388031006
3.5459823608398438,4.51663875579834,0.0
0.6541730165481567,5.887144565582275,0.0
2.859647512435913,3.727257251739502,0.0
9.2918062210083,3.366359233856201,0.0
2.266404390335083,-0.5301406383514404,0.0
-3.5838515758514404,7.560643672943115,0.0
-0.25739383697509766,2.3180582523345947,0.0
4.5469465255737305,5.75091552734375,1.6848688125610352
0.8319710493087769,8.38353443145752,0.0
1.688594937324524,5.7860636711120605,0.0
-0.10136139392852783,2.384796142578125,0.0
2.329500675201416,3.5088508129119873,0.0
1.1507095098495483,3.8678786754608154,0.0
1.8199933767318726,1.6979998350143433,0.0
-1.061517357826233,2.2037298679351807,0.0
-0.21122580766677856,1.3272744417190552,0.0
0.25467589497566223,3.1983225345611572,0.0
9.011801719665527,2.9533517360687256,2.133694887161255
2.9640514850616455,-2.0450234413146973,0.0
-1.0832666158676147,7.443423271179199,0.0
-1.8887871503829956,1.8759127855300903,0.0
5.085628032684326,6.599825382232666,2.686903476715088
2.4846861362457275,3.4516172409057617,0.0
4.237232208251953,3.0332489013671875,0.0
0.11914065480232239,9.057755470275879,0.0
-0.5489398241043091,2.860851526260376,0.0
2.2257893085479736,7.600215435028076,0.0
0.27186453342437744,9.753740310668945,0.0
-3.541247844696045,2.2732694149017334,0.0
7.1639909744262695,3.392094135284424,0.0
6.605966091156006,3.1757373809814453,0.0
4.805707931518555,5.459062099456787,0.0
2.5897347927093506,-2.1149253845214844,0.0
9.484792709350586,6.080495357513428,2.151620864868164
3.577338218688965,6.760602951049805,1.6226885318756104
4.741624355316162,2.30952787399292,0.0
0.4076688885688782,8.470126152038574,2.148939371109009
0.1637295037508011,7.101934909820557,0.0
4.581150054931641,5.345534324645996,3.742750406265259
-0.22240611910820007,4.515578269958496,0.0
5.250000476837158,3.9604763984680176,1.3371566534042358
0.1900179237127304,8.952580451965332,0.0
1.7339451313018799,2.484632968902588,0.0
3.388944149017334,2.256359100341797,0.0
6.841249942779541,2.9703831672668457,0.0
4.523819923400879,5.308410167694092,0.0
4.310858726501465,5.829153537750244,2.777053117752075
0.0639696717262268,1.2855896949768066,0.0
5.757470607757568,4.859284400939941,0.0
0.5561295747756958,8.887398719787598,0.0
2.9341626167297363,4.6860480308532715,0.0
4.243466854095459,4.420816898345947,0.0
-1.4263030290603638,2.461566209793091,0.0
2.5868897438049316,5.4446187019348145,2.138303518295288
1.1620627641677856,8.088881492614746,0.0
0.45383915305137634,3.744096517562866,0.0
5.340146064758301,3.645667314529419,0.0
1.8277121782302856,3.463834047317505,0.0
2.307818651199341,0.7420698404312134,0.0
-4.1257123947143555,2.028411865234375,0.0
3.909292459487915,2.1501522064208984,0.0
-0.33905231952667236,7.644622325897217,0.0
3.8030269145965576,6.170051097869873,0.0
0.8418970704078674,5.859012603759766,0.0
0.003059961134567857,0.16520780324935913,0.0
0.5870223641395569,4.116322040557861,0.0
2.8245432376861572,0.4711693823337555,0.0
2.874345541000366,6.477161407470703,0.0
0.2879398465156555,4.285044193267822,0.0
1.0990113019943237,5.10190486907959,0.0
0.22455929219722748,2.6681764125823975,0.0
0.5194477438926697,9.392373085021973,0.0
1.0091595649719238,7.117839336395264,0.0
2.910419464111328,3.8951802253723145,0.0
7.144906997680664,2.898923873901367,0.0
1.7096903324127197,2.546769857406616,0.0
0.01509355753660202,2.1083686351776123,0.0
0.301180362701416,7.520469665527344,0.0
3.1624748706817627,7.7886481285095215,1.6924222707748413
2.90270733833313,7.3267974853515625,0.0
9.19028091430664,4.181637287139893,0.0
1.254387378692627,6.639739036560059,0.0
-0.4744745194911957,7.91074800491333,0.0
-1.056046485900879,3.014310121536255,0.0
0.4134252667427063,4.178874492645264,0.0
4.557107925415039,5.785567760467529,2.31491756439209
0.12697455286979675,1.930407166481018,0.0
0.10362888127565384,8.895094871520996,0.0
0.8933729529380798,5.111969470977783,0.0
1.8710857629776,2.8960835933685303,0.0
0.11947218328714371,3.1422698497772217,3.265336275100708
-0.05687662586569786,7.080394268035889,0.0
0.2089165896177292,2.37699031829834,0.0
3.690636396408081,3.8627727031707764,0.0
-1.2235578298568726,6.6908183097839355,2.473977565765381
7.036538124084473,2.968777894973755,0.0
0.10720003396272659,2.6883957386016846,0.0
5.068358898162842,5.3074188232421875,2.346773862838745
3.2070581912994385,5.315136909484863,0.0
1.7784314155578613,3.82826828956604,0.0
3.633329391479492,6.535374641418457,2.3190393447875977
-3.216695785522461,6.126792907714844,0.0
3.7523648738861084,4.8650689125061035,1.9902167320251465
2.145935297012329,6.199312210083008,2.596921920776367
2.339337110519409,6.688928604125977,0.0
5.0353803634643555,6.255878448486328,2.1466004848480225
2.4476466178894043,5.436132431030273,0.0
0.24500837922096252,5.035223484039307,2.168588876724243
0.6802570223808289,3.901656150817871,0.0
2.5997543334960938,5.794984817504883,0.0
1.150160551071167,3.778559923171997,2.2858378887176514
3.2500345706939697,4.908426761627197,0.0
-0.8295273184776306,6.708495616912842,0.0
-0.49200430512428284,2.873176336288452,0.0
0.160360187292099,2.084425926208496,0.0
8.768424034118652,4.237921237945557,2.3261773586273193
1.044765591621399,4.093047142028809,0.0
1.0293636322021484,0.45848357677459717,0.0
3.1286401748657227,3.728634834289551,0.0
3.7488315105438232,2.0779590606689453,0.0
2.2433643341064453,3.5708301067352295,2.0259456634521484
5.459429740905762,6.347225189208984,2.237321138381958
1.1349338293075562,6.037642002105713,0.0
2.5513596534729004,7.8615312576293945,0.0
0.07781125605106354,3.066797971725464,2.6178689002990723
4.176472187042236,5.153153419494629,0.0
-1.2823522090911865,2.9306082725524902,0.0
-0.3663909137248993,1.9787068367004395,0.0
2.2826855182647705,8.022823333740234,0.0
2.864471197128296,4.267533302307129,0.0
0.8902994990348816,3.757383346557617,0.0
2.4649901390075684,8.279099464416504,0.0
2.1034021377563477,0.7729282975196838,0.0
3.749094009399414,2.482973575592041,0.0
-0.5558698773384094,2.0161211490631104,0.0
6.65920352935791,3.892392873764038,0.0
2.18631649017334,6.879730701446533,0.0
3.9391024112701416,4.845610618591309,0.0
1.0550742149353027,3.3501570224761963,0.0
-0.310126394033432,4.632242202758789,0.0
5.486749172210693,4.63663387298584,1.7589843273162842
1.5401272773742676,2.46177077293396,0.0
1.8847072124481201,1.1587339639663696,0.0
4.860818862915039,5.910034656524658,1.9234505891799927
3.8860514163970947,4.809037208557129,0.0
0.6408991813659668,8.115500450134277,0.0
1.135474681854248,3.395456552505493,2.90777587890625
0.4594021141529083,5.020997047424316,0.0
0.45904675126075745,8.428149223327637,0.0
2.3970999717712402,5.208356857299805,2.389303207397461
2.663983106613159,7.291164398193359,0.0
4.594180107116699,3.711047410964966,0.0
3.0466835498809814,2.168893337249756,0.0
0.5588832497596741,2.217008352279663,0.0
3.3821921348571777,6.280977725982666,2.724252462387085
-0.218100905418396,1.85569167137146,0.0
3.9049441814422607,3.3815062046051025,2.3353147506713867
9.153937339782715,2.8496906757354736,1.4589451551437378
0.9879966974258423,1.7926602363586426,0.0
-0.8427354693412781,1.4413557052612305,0.0
1.1613694429397583,3.2026679515838623,0.0
3.0584518909454346,-0.4732262194156647,0.0
-3.4271469116210938,3.9027671813964844,0.0
-0.3790194094181061,2.7327988147735596,0.0
2.890167236328125,4.786294460296631,0.0
4.420403957366943,3.361790657043457,3.397916555404663
2.4218552112579346,8.631282806396484,0.0
-0.17692191898822784,3.3660709857940674,0.0
1.8252688646316528,-1.1991618871688843,0.0
-0.31457942724227905,7.921797752380371,0.0
3.513418436050415,4.2837815284729,0.0
2.516610622406006,4.88426399230957,0.0
4.8584747314453125,5.060993194580078,0.0
-0.13313505053520203,7.139763832092285,0.0
-1.7212374210357666,4.920068740844727,0.0
3.772357225418091,7.37559700012207,3.1209750175476074
0.9728915691375732,1.275896430015564,0.0
-0.5566008687019348,6.7613301277160645,0.0
2.0421993732452393,7.722613334655762,1.6191076040267944
4.684072017669678,5.066576957702637,0.0
3.4287023544311523,4.330424785614014,0.0
1.5442492961883545,2.2726564407348633,0.0
0.379436731338501,9.181533813476562,0.0
2.626598596572876,6.889706134796143,2.277940511703491
1.9898996353149414,4.468822002410889,0.0
0.09379607439041138,4.650170803070068,0.0
1.7726854085922241,2.4131827354431152,0.0
4.790796756744385,5.570987224578857,0.0
3.7345025539398193,3.881455421447754,0.0
3.4158449172973633,6.806326866149902,0.0
3.6904332637786865,6.222168445587158,2.3790199756622314
-1.1208633184432983,2.9930758476257324,0.0
-3.222243070602417,8.958213806152344,0.0
-0.43739867210388184,5.055309772491455,0.0
1.2174047231674194,5.2689948081970215,0.0
1.1909313201904297,4.895420074462891,0.0
0.4993458092212677,6.7009992599487305,0.0
2.349780559539795,4.5312042236328125,0.0
2.3717424869537354,8.563627243041992,0.0
3.8498377799987793,4.2778000831604,2.526326894760132
0.818346381187439,4.854131698608398,0.0
3.423348903656006,6.008023738861084,1.582780122756958
0.8973516821861267,8.791370391845703,0.0
2.4788825511932373,2.91261625289917,0.0
-1.3356939554214478,3.9742543697357178,2.756103038787842
-0.3783947229385376,3.9380908012390137,0.0
9.106489181518555,3.896829843521118,0.0
3.572960138320923,6.002477645874023,0.0
2.693510055541992,1.4723109006881714,0.0
2.7406423091888428,3.5275232791900635,0.0
-0.6786406636238098,6.137449741363525,0.0
-1.2058137655258179,3.1611649990081787,0.0
4.536287307739258,2.815415143966675,0.0
0.34271717071533203,6.252381801605225,0.0
0.681496262550354,2.3820481300354004,0.0
3.6911299228668213,5.1223931312561035,2.5402028560638428
9.649919509887695,5.154477119445801,1.4922492504119873
4.70149040222168,3.9809694290161133,0.0
2.9668784141540527,5.662093162536621,0.0
2.0538108348846436,8.662711143493652,2.74145770072937
2.034198045730591,5.009210586547852,1.8237110376358032
0.7710450291633606,2.212480068206787,0.0
2.4899957180023193,3.3628149032592773,2.043285369873047
3.980393648147583,5.906137466430664,0.0
1.4601868391036987,-0.000999545562081039,0.0
3.2251105308532715,0.2319220006465912,0.0
1.2377058267593384,2.7478439807891846,0.0
-0.5066751837730408,8.380248069763184,1.792593240737915
2.326540946960449,2.2198829650878906,0.0
1.353468418121338,3.5297658443450928,0.0
9.516700744628906,3.914822578430176,1.2761012315750122
0.6668471097946167,1.922438383102417,0.0
1.4677300453186035,3.100961685180664,0.0
4.212275981903076,3.559781074523926,1.9380656480789185
0.7915329337120056,8.802632331848145,0.0
1.5173166990280151,2.7946603298187256,0.0
4.633707523345947,6.241905212402344,0.0
3.5995354652404785,1.9793405532836914,0.0
1.8427391052246094,3.868187427520752,2.2036502361297607
0.8698549866676331,4.163440227508545,0.0
2.156602621078491,9.30256175994873,0.0
1.4500614404678345,9.650593757629395,2.602303981781006
8.960129737854004,6.159431457519531,0.0
1.4612141847610474,3.653043270111084,0.0
2.0199544429779053,6.248417854309082,0.0
0.18663258850574493,8.523231506347656,0.0
2.0047426223754883,5.5359601974487305,0.0
-2.6304492950439453,3.149106025695801,0.0
2.46705961227417,2.8842899799346924,3.1983695030212402
0.3958714008331299,5.924637794494629,0.0
0.2834070026874542,7.7944817543029785,0.0
-0.7689453959465027,6.966620922088623,0.0
2.4962804317474365,7.125667095184326,0.0
4.2669548988342285,5.290956497192383,2.0825541019439697
3.9341607093811035,0.6016402244567871,0.0
-3.411435842514038,3.283466100692749,0.0
3.41874361038208,6.452382564544678,2.70581316947937
-1.8497505187988281,8.942749977111816,0.0
0.4394168257713318,3.0133185386657715,0.0
-1.0258280038833618,4.033382415771484,0.0
-0.5213548541069031,2.2280707359313965,0.0
-0.3333422541618347,5.703301906585693,0.0
1.4449163675308228,8.167210578918457,0.0
4.983726501464844,5.045825004577637,1.9365403652191162
1.807784080505371,-0.1888834536075592,0.0
6.628800868988037,3.909214496612549,2.467038631439209
1.3897784948349,8.35372543334961,0.0
2.688438892364502,2.504157304763794,0.0
2.813612222671509,2.9320764541625977,0.0
2.719898223876953,7.822570323944092,1.7847111225128174
7.009111404418945,2.808929681777954,0.9790618419647217
-3.5952675342559814,6.007493495941162,0.0
1.8608027696609497,4.515350818634033,1.8324764966964722
-1.0268083810806274,2.475017786026001,0.0
0.4634855091571808,5.288152694702148,0.0
1.8923319578170776,1.8707181215286255,2.6539487838745117
7.682859897613525,2.495507001876831,1.000626802444458
4.326434135437012,4.825573444366455,0.0
1.6295264959335327,2.8552961349487305,0.0
2.0879344940185547,5.039425373077393,2.575350761413574
-3.6767377853393555,3.4774651527404785,0.0
2.9246156215667725,6.703216075897217,1.7849174737930298
3.2013258934020996,5.7576518058776855,0.0
-1.1148768663406372,7.459559440612793,0.0
-2.1468887329101562,3.3994741439819336,0.0
-0.8775395154953003,9.249305725097656,0.0
1.4295520782470703,5.774266242980957,0.0
-0.17152437567710876,1.0198787450790405,0.0
1.2206642627716064,7.4229841232299805,0.0
-1.2944310903549194,2.648984670639038,0.0
1.0899673700332642,6.8468918800354,0.0
0.5762277841567993,2.7590184211730957,2.728254795074463
3.7534801959991455,4.345677375793457,1.9545308351516724
3.3590593338012695,5.122366905212402,0.0
1.8346840143203735,3.3485422134399414,0.0
2.4195265769958496,5.755224227905273,0.0
1.9536272287368774,1.4840953350067139,0.0
-0.7888466119766235,8.223137855529785,0.0
4.213294506072998,6.341912746429443,0.0
2.9263548851013184,-0.881722092628479,0.0
-1.2801554203033447,1.3159157037734985,0.0
1.984061598777771,3.501817226409912,0.0
8.591720581054688,4.299332141876221,0.0
1.055045247077942,6.22515344619751,0.0
-0.8984174132347107,6.107253551483154,0.0
1.8507603406906128,4.49400520324707,0.0
1.7228268384933472,7.571667194366455,1.6207329034805298
2.950505256652832,6.365352630615234,0.0
-3.1879336833953857,3.540038585662842,0.0
-0.5353094339370728,4.5074872970581055,0.0
2.1166374683380127,7.509565353393555,0.0
5.756067276000977,3.37743878364563,2.416278123855591
4.2552666664123535,3.9963886737823486,0.0
8.779121398925781,4.388886451721191,0.0
0.3289158046245575,9.795190811157227,0.0
9.447944641113281,6.118193626403809,1.2286536693572998
1.6379501819610596,1.907823085784912,0.0
7.255188941955566,2.672189712524414,1.5405235290527344
3.395869016647339,4.181796550750732,0.0
3.8400871753692627,6.739134788513184,0.0
3.7674455642700195,3.7739484310150146,1.8969783782958984
4.096616268157959,6.2211198806762695,2.112964153289795
1.244580626487732,4.325013637542725,1.7847111225128174
2.4448659420013428,-1.614561915397644,0.0
1.3226732015609741,7.932628154754639,0.0
2.004997968673706,6.236531734466553,0.0
-0.4284471571445465,2.769711494445801,0.0
0.49270138144493103,9.677234649658203,0.0
3.960326671600342,6.624014377593994,1.5087612867355347
-1.3748482465744019,2.643723249435425,0.0
0.538278341293335,6.847219944000244,0.0
1.3459335565567017,2.022292375564575,0.0
1.6327589750289917,5.864111423492432,0.0
5.192729473114014,6.104357719421387,0.0
0.0859612300992012,9.426314353942871,0.0
0.07563164085149765,10.146943092346191,0.0
3.432778835296631,6.6332526206970215,0.0
0.28894543647766113,4.88775634765625,0.0
-0.09550978988409042,5.155819416046143,0.0
1.1287550926208496,2.2460451126098633,0.0
-2.2640445232391357,3.2415757179260254,0.0
4.778528690338135,4.164069175720215,0.0
0.4664854109287262,5.092951774597168,0.0
0.7131494283676147,1.4763325452804565,0.0
3.1508424282073975,3.395045757293701,2.495143413543701
-0.6827813982963562,2.174811601638794,0.0
2.4101645946502686,4.5885844230651855,0.0
-1.1422001123428345,2.5402884483337402,0.0
-3.556133508682251,2.2567155361175537,0.0
2.7197952270507812,7.331413745880127,0.0
-4.556528091430664,2.860740900039673,0.0
-0.7057914733886719,3.8423726558685303,3.5573902130126953
-0.7244104743003845,6.786788463592529,0.0
0.9527575373649597,2.4739112854003906,0.0
2.723787784576416,6.155946731567383,2.0586352348327637
2.4778084754943848,1.721573829650879,0.0
2.684239149093628,3.3753161430358887,0.0
-1.0690011978149414,5.352185249328613,0.0
1.4733272790908813,2.9364442825317383,0.0
9.389418601989746,5.344377517700195,1.9972023963928223
4.504886627197266,6.712791442871094,2.0473880767822266
2.3885676860809326,2.5085909366607666,0.0
-2.370166063308716,2.7326390743255615,0.0
1.7749159336090088,-0.002264193957671523,0.0
0.5040919184684753,9.071548461914062,0.0
2.3645482063293457,6.702579021453857,0.0
5.2061872482299805,6.369220733642578,0.0
0.007623821031302214,5.000793933868408,0.0
-1.6677091121673584,2.0851452350616455,0.0
0.8006327748298645,1.401740550994873,0.0
3.581441640853882,5.790496826171875,0.0
0.13021668791770935,7.745716094970703,0.0
4.289440631866455,6.613743305206299,2.0529911518096924
-0.47405925393104553,3.14587664604187,0.0
2.571247100830078,6.816227912902832,0.0
9.864399909973145,5.7408599853515625,1.4220579862594604
0.21764110028743744,4.332201957702637,0.0
7.712221145629883,5.45839786529541,0.8142780661582947
7.230690956115723,2.7189457416534424,0.0
2.579211950302124,1.24856698513031,0.0
4.2077555656433105,6.930955410003662,2.5231566429138184
-0.48562222719192505,7.065197944641113,0.0
0.8153862357139587,7.7522501945495605,0.0
8.952400207519531,4.188656330108643,0.0
-0.6702066659927368,3.652085542678833,0.0
0.08925871551036835,4.207910537719727,0.0
0.3106502592563629,4.558498382568359,2.348484992980957
3.1607487201690674,4.202938556671143,1.9179810285568237
-0.6231530904769897,1.4077880382537842,0.0
1.7861113548278809,0.21480336785316467,0.0
3.2451117038726807,-0.5737274885177612,0.0
1.7101099491119385,2.681100368499756,0.0
4.856703758239746,5.906475067138672,0.0
-0.7010681629180908,2.210024118423462,0.0
1.5499283075332642,7.633829116821289,0.0
-0.0958823636174202,7.033026218414307,0.0
2.2203896045684814,8.15088176727295,0.0
0.19355706870555878,0.16333521902561188,0.0
-0.007155660539865494,4.0368971824646,0.0
2.410468578338623,2.3517706394195557,0.0
2.0707294940948486,6.833775043487549,1.696776032447815
4.18878698348999,6.6382365226745605,0.0
-1.4151294231414795,3.1333796977996826,0.0
2.053077220916748,2.276200294494629,0.0
2.7131872177124023,1.7917087078094482,0.0
0.37552663683891296,3.5227530002593994,0.0
5.637319087982178,3.5626261234283447,0.0
0.05355885252356529,6.192349433898926,0.0
-5.424773216247559,2.801830530166626,0.0
1.687975525856018,0.09556763619184494,0.0
1.527114987373352,5.612325191497803,0.0
1.676608681678772,8.52972412109375,0.0
-0.3623269200325012,7.306488513946533,0.0
1.008398413658142,2.306971311569214,0.0
0.056679531931877136,1.225197434425354,0.0
-4.16758918762207,3.3867626190185547,0.0
2.540041923522949,6.886688232421875,0.0
5.480045795440674,4.545677185058594,0.0
3.2154664993286133,5.258358478546143,0.0
3.4065017700195312,7.19794225692749,1.877962589263916
4.585180282592773,6.370804309844971,0.0
3.70444393157959,5.794126987457275,0.0
0.8864449262619019,4.492112636566162,0.0
1.1526774168014526,1.5135834217071533,2.686478614807129
1.0907965898513794,7.150061130523682,0.0
-3.0197408199310303,9.33828353881836,0.0
2.273665189743042,2.9609508514404297,0.0
2.503633499145508,6.632577896118164,1.980462908744812
2.273618459701538,3.487299680709839,0.0
1.447942852973938,2.671290159225464,2.1617579460144043
3.897042989730835,5.684752464294434,0.0
2.3836071491241455,3.6560072898864746,0.0
0.7361524701118469,8.75644588470459,2.41349458694458
-4.5567755699157715,7.988755226135254,0.0
0.6651855111122131,1.20083749294281,0.0
0.588668167591095,2.2827200889587402,0.0
-2.8350636959075928,7.035796642303467,2.585123062133789
8.703224182128906,3.9953835010528564,0.0
1.1875624656677246,3.3865768909454346,0.0
4.49890661239624,6.296027660369873,0.0
-1.8962695598602295,7.126965522766113,2.140949010848999
4.473172187805176,4.435727596282959,1.826766848564148
0.9442511200904846,2.7596185207366943,0.0
-0.1898847073316574,5.728174209594727,0.0
-1.0164320468902588,3.0164268016815186,0.0
-1.0604076385498047,2.2061045169830322,0.0
1.1359549760818481,4.462790489196777,0.0
2.469792366027832,3.1536805629730225,0.0
3.245612144470215,8.25973129272461,2.29461407661438
2.662975549697876,4.437243938446045,0.0
3.229907274246216,4.074213981628418,0.0
1.6704715490341187,4.0367655754089355,2.0462136268615723
-1.197169303894043,3.886491060256958,0.0
2.908752679824829,3.1123061180114746,0.0
-0.24345165491104126,8.887511253356934,0.0
1.0521957874298096,6.459735870361328,0.0
1.092590570449829,4.1197099685668945,0.0
0.49775707721710205,5.486526012420654,2.4360251426696777
-0.3218308687210083,7.303155422210693,0.0
-0.7866067886352539,3.29988694190979,0.0
1.5607906579971313,3.5575969219207764,3.0814521312713623
0.5582954287528992,3.5894739627838135,0.0
0.9293836951255798,6.1198248863220215,2.9028780460357666
2.167214870452881,5.168605327606201,1.93147873878479
2.892535448074341,3.8342065811157227,0.0
-1.7998661994934082,2.9700162410736084,0.0
3.0002903938293457,-2.3268275260925293,0.0
-0.32766658067703247,3.8130319118499756,0.0
2.516709566116333,0.12858128547668457,0.0
1.8966368436813354,2.8863625526428223,0.0
0.9212920665740967,5.208066463470459,0.0
0.39652249217033386,3.0526440143585205,0.0
0.46383002400398254,6.326708793640137,0.0
8.575889587402344,3.36169171333313,0.0
-1.3660051822662354,3.215888023376465,0.0
2.780003786087036,4.408344268798828,3.0584378242492676
0.8801867365837097,0.7271772027015686,0.0
9.53183650970459,4.7182745933532715,0.0
-4.1530632972717285,3.508936643600464,0.0
0.5580927729606628,8.34131145477295,0.0
0.5667462348937988,7.433203220367432,0.0
0.17586563527584076,4.4578375816345215,0.0
6.567460536956787,4.898408889770508,0.0
-1.6855932474136353,0.2241058647632599,0.0
0.59061199426651,2.82143497467041,0.0
2.247556209564209,6.330484390258789,0.0
1.9441146850585938,5.943264484405518,0.0
-0.7972540855407715,2.8028340339660645,0.0
8.644850730895996,3.961944341659546,1.3597434759140015
2.281841278076172,3.287142276763916,2.8801050186157227
2.7154130935668945,3.3294730186462402,2.1059625148773193
2.041957139968872,3.4586055278778076,0.0
1.9788708686828613,0.46282729506492615,0.0
3.854395627975464,2.17755389213562,3.3560352325439453
2.5511248111724854,7.768495559692383,0.0
9.611220359802246,3.7198495864868164,1.959227442741394
4.310745716094971,6.277276992797852,0.0
1.723198652267456,2.3482327461242676,0.0
5.425997257232666,3.979018211364746,2.7756409645080566
-1.0647565126419067,2.2564752101898193,0.0
0.8743577003479004,2.792640447616577,0.0
2.7133994102478027,5.298422813415527,0.0
7.953754425048828,2.4826409816741943,0.0
2.4079246520996094,7.874746322631836,0.0
4.527370929718018,6.252565383911133,0.0
1.1070939302444458,5.335206508636475,0.0
2.916250228881836,5.798555850982666,2.853008508682251
7.76799201965332,3.0542185306549072,2.853008508682251
3.731693744659424,1.8831453323364258,0.0
7.8503522872924805,4.763421535491943,0.0
0.6006653308868408,8.955854415893555,0.0
2.466987133026123,6.331634044647217,0.0
-1.8758546113967896,5.956760406494141,1.6405497789382935
3.69998836517334,3.860316514968872,2.2516496181488037
2.454986095428467,4.355473041534424,2.29461407661438
1.5063501596450806,3.5680088996887207,0.0
0.6515510678291321,4.598404884338379,0.0
1.3772716522216797,2.0774877071380615,0.0
-0.2752836346626282,8.457954406738281,0.0
-3.001091718673706,8.851480484008789,2.0890378952026367
1.0749813318252563,2.2768824100494385,2.6166915893554688
-1.9682159423828125,2.8557422161102295,0.0
1.2275550365447998,4.271812915802002,0.0
-0.8017619848251343,7.295157432556152,0.0
7.755538463592529,4.097142219543457,0.0
3.1494922637939453,2.06752872467041,0.0
-0.37592217326164246,1.2521015405654907,0.0
0.4362858533859253,1.6010334491729736,0.0
3.7993133068084717,3.8290770053863525,2.8182806968688965
3.3366129398345947,0.09200727939605713,0.0
0.5541274547576904,7.543715000152588,0.0
0.8287506699562073,7.46018123626709,0.0
4.6015191078186035,4.987227439880371,0.0
7.949209213256836,4.86204195022583,0.9555114507675171
1.4174551963806152,6.946063995361328,0.0
2.876777172088623,-0.33666083216667175,0.0
1.7215750217437744,8.822312355041504,0.0
1.8592146635055542,8.29660415649414,2.171337604522705
0.692600667476654,4.557240962982178,0.0
3.7956418991088867,3.8752546310424805,0.0
0.7004786133766174,8.307137489318848,0.0
2.2130138874053955,6.861591339111328,0.0
2.8390867710113525,8.210750579833984,1.4965388774871826
1.5610231161117554,3.6246843338012695,2.6273441314697266
-0.020063746720552444,3.1893391609191895,0.0
0.8129744529724121,6.228352069854736,0.0
4.403066158294678,5.212131500244141,1.6459341049194336
0.7484495639801025,4.230898857116699,0.0
1.0838277339935303,3.3498613834381104,0.0
3.0198051929473877,3.65519642829895,0.0
5.901328086853027,3.2973434925079346,0.0
-0.510787844657898,4.435581684112549,0.0
0.343855619430542,2.729292631149292,2.460155963897705
-0.6126770377159119,1.6834160089492798,0.0
-1.0068385601043701,2.743422031402588,3.3036696910858154
4.300992488861084,5.852534770965576,0.0
7.602113723754883,3.6600124835968018,1.201400637626648
0.21158044040203094,3.0886855125427246,0.0
1.0632542371749878,5.661627292633057,0.0
3.1157422065734863,5.034203052520752,2.0462136268615723
4.504538536071777,6.1748366355896,0.0
2.269235134124756,-0.07695746421813965,0.0
2.9720630645751953,-1.26679265499115,0.0
-0.7490400075912476,3.9650156497955322,2.084092855453491
1.7003347873687744,3.178760051727295,0.0
4.142219543457031,6.5227179527282715,0.0
0.4170491695404053,5.574676036834717,0.0
-1.7914248704910278,0.21685577929019928,0.0
8.14985466003418,5.064673900604248,0.0
-0.5098732709884644,7.74161958694458,0.0
0.36692744493484497,4.5671305656433105,0.0
2.6930923461914062,2.8727102279663086,0.0
3.38624906539917,5.155712127685547,2.4616260528564453
1.2072457075119019,7.972801685333252,3.1004934310913086
-2.434276819229126,7.912578582763672,1.7544234991073608
7.27345085144043,3.8478593826293945,1.4753763675689697
3.0264179706573486,5.060809135437012,2.020251750946045
5.143932819366455,5.812736988067627,0.0
-1.3208967447280884,6.717902183532715,0.0
0.18735748529434204,5.569479942321777,0.0
4.267786026000977,6.221370220184326,1.8663227558135986
8.829911231994629,3.0067672729492188,2.548583507537842
2.019566535949707,4.222174167633057,0.0
1.111631989479065,3.6662070751190186,0.0
-0.008352169767022133,9.093538284301758,0.0
-0.7026075720787048,9.112056732177734,0.0
3.361440420150757,3.698174476623535,0.0
1.5823506116867065,0.5583691596984863,0.0
2.4543025493621826,6.535089015960693,0.0
3.959857225418091,0.7051764726638794,0.0
4.846731662750244,6.695332050323486,2.252410888671875
3.2238667011260986,5.982898712158203,2.5470454692840576
3.5400846004486084,3.8681650161743164,0.0
1.3550758361816406,8.431313514709473,0.0
1.922614336013794,4.3917012214660645,2.767913579940796
2.033036947250366,3.247129201889038,2.5295090675354004
-0.028956213966012,3.583348274230957,0.0
4.671424388885498,3.196044921875,0.0
4.867049217224121,5.526327133178711,1.5858612060546875
-0.11834028363227844,2.5809338092803955,0.0
-0.9566782116889954,8.517210006713867,0.0
4.114811897277832,3.430272340774536,0.0
-0.45807069540023804,2.7561206817626953,0.0
-1.2864729166030884,2.5077812671661377,0.0
2.1694788932800293,0.9657453894615173,0.0
-0.3010523319244385,7.604230880737305,0.0
-0.3937935531139374,2.9165077209472656,0.0
2.7198286056518555,3.624253034591675,0.0
-1.2077054977416992,2.5332911014556885,0.0
2.053487539291382,3.1264450550079346,0.0
0.15585096180438995,5.188386917114258,0.0
3.2119357585906982,3.6219120025634766,0.0
-0.43875980377197266,6.218468189239502,0.0
0.870279848575592,3.296234369277954,2.090900421142578
-1.1597603559494019,3.760500192642212,0.0
0.1788710206747055,3.4321141242980957,0.0
-0.9894778728485107,1.534106731414795,0.0
7.340522289276123,3.4941487312316895,1.9796557426452637
4.719664096832275,6.266324996948242,1.961849570274353
-0.2392750233411789,1.6222056150436401,0.0
0.32954877614974976,0.17202319204807281,0.0
3.8374080657958984,4.4212822914123535,2.1768639087677
-2.3563520908355713,2.237307548522949,0.0
1.5449641942977905,9.430140495300293,0.0
0.35287749767303467,1.4796737432479858,0.0
4.424996376037598,5.50880241394043,2.2029337882995605
8.29073715209961,4.605277061462402,0.0
3.0719127655029297,2.7431180477142334,0.0
3.156940460205078,6.074400901794434,2.8202574253082275
-0.017535537481307983,4.172953128814697,0.0
2.5628411769866943,7.383474826812744,0.0
3.997049570083618,5.057154178619385,1.8718868494033813
-3.7782959938049316,2.069185256958008,0.0
2.20487380027771,1.0304598808288574,0.0
1.146018147468567,5.6594624519348145,0.0
5.025916576385498,5.067091464996338,2.807243824005127
3.964200496673584,6.6117262840271,2.80553936958313
4.297992706298828,6.558046340942383,1.6777514219284058
0.9935976266860962,4.955591678619385,0.0
3.17659592628479,5.649991035461426,2.658257484436035
7.234038352966309,2.562462568283081,0.0
0.9237604141235352,7.844664096832275,0.0
-3.2470388412475586,6.001787185668945,0.0
3.0873680114746094,-2.1806881427764893,0.0
1.426602840423584,4.560588836669922,0.0
4.6480631828308105,3.743204355239868,0.0
-3.5556998252868652,3.735710620880127,0.0
0.3916465640068054,1.731284499168396,0.0
1.4523005485534668,5.831196308135986,2.3545026779174805
4.624858856201172,5.085910797119141,0.0
4.645814418792725,6.667945384979248,2.186979293823242
-0.6171931028366089,4.240540981292725,0.0
2.507021903991699,2.4676449298858643,0.0
0.572172999382019,2.4558792114257812,2.3051090240478516
1.6865787506103516,4.503286361694336,2.5375168323516846
3.1331605911254883,-0.8945735692977905,0.0
-0.3870960772037506,5.298112392425537,0.0
2.866771697998047,8.055641174316406,0.0
5.125051975250244,6.628789901733398,2.442232847213745
2.762845754623413,6.4079437255859375,0.0
-1.0131454467773438,4.650977611541748,0.0
0.9568955302238464,0.19208642840385437,0.0
0.30531808733940125,4.076982021331787,2.291411876678467
-1.0592660903930664,2.3880796432495117,0.0
-0.4470774233341217,0.7260024547576904,0.0
3.6223177909851074,0.5197429060935974,0.0
2.859226703643799,4.24698543548584,0.0
4.622322082519531,2.6920664310455322,0.0
4.8137407302856445,3.6482369899749756,2.534839153289795
-3.2443745136260986,3.9487600326538086,0.0
8.957571029663086,5.638889789581299,0.0
4.3106560707092285,5.064122676849365,2.5391273498535156
-0.2565069794654846,2.406001567840576,0.0
8.962554931640625,6.266384601593018,0.0
3.390885353088379,-0.07559144496917725,0.0
2.950547933578491,7.647344589233398,0.0
4.556350231170654,2.3734428882598877,2.8145864009857178
-0.7323113679885864,1.797029733657837,0.0
6.011444568634033,3.097437858581543,2.0039749145507812
1.9064995050430298,2.4549100399017334,0.0
4.389877796173096,2.500504970550537,2.4920871257781982
3.9537763595581055,2.2631256580352783,0.0
3.532449722290039,2.285848379135132,1.9639536142349243
1.0156298875808716,6.2974066734313965,0.0
9.129701614379883,6.036178112030029,0.0
-3.7311649322509766,8.437137603759766,0.0
0.965909481048584,0.642944872379303,0.0
3.6090166568756104,2.155770778656006,0.0
3.8269355297088623,6.211970806121826,1.8338005542755127
1.6466368436813354,2.1130316257476807,0.0
1.7647541761398315,5.004028797149658,1.8069188594818115
0.645993173122406,0.45953959226608276,0.0
-0.9098589420318604,5.248902797698975,0.0
3.9182167053222656,5.765763282775879,0.0
1.0310624837875366,2.446197509765625,0.0
-3.143620252609253,7.706450462341309,0.0
-1.9135167598724365,7.753967761993408,0.0
2.327230453491211,6.022287845611572,0.0
5.035293102264404,3.8623759746551514,1.9441978931427002
2.416293144226074,2.7964234352111816,0.0
1.8215718269348145,2.735680103302002,0.0
1.120596170425415,6.4987711906433105,0.0
3.8713090419769287,5.867453098297119,2.2850446701049805
0.19167958199977875,4.646444320678711,0.0
3.0153112411499023,4.476810932159424,1.8732844591140747
1.5798977613449097,4.80828332901001,0.0
1.2893599271774292,1.2309705018997192,0.0
4.626377105712891,5.377623081207275,0.0
1.2047975063323975,4.23240852355957,0.0
1.6821821928024292,5.627127170562744,0.0
3.2892236709594727,4.085695266723633,0.0
0.5415477156639099,2.8323323726654053,0.0
0.7830978631973267,5.298273086547852,0.0
2.0738203525543213,5.996954441070557,2.5980725288391113
7.395245552062988,2.7906301021575928,2.103116273880005
3.2957520484924316,3.8726284503936768,0.0
4.337442398071289,6.281915664672852,2.9608829021453857
1.6702678203582764,1.388723373413086,0.0
3.294569969177246,4.483682155609131,0.0
0.7932315468788147,2.2496299743652344,2.9828569889068604
2.6353511810302734,8.434069633483887,2.8014132976531982
1.903948187828064,9.367888450622559,0.0
1.1103686094284058,3.2382149696350098,0.0
2.018070936203003,7.627340316772461,0.0
4.338552474975586,4.7644500732421875,0.0
2.2930099964141846,-0.3102097809314728,0.0
1.1263796091079712,1.5638455152511597,0.0
0.8855851292610168,8.70633602142334,0.0
3.007194995880127,5.166921138763428,1.5602697134017944
1.4343202114105225,6.377070426940918,0.0
1.060441017150879,8.756304740905762,1.9027799367904663
2.5034990310668945,8.340744018554688,0.0
-2.9667246341705322,2.3510751724243164,0.0
-1.068152666091919,6.191593170166016,0.0
0.8709250092506409,5.179141044616699,2.7193853855133057
1.4439325332641602,6.716810703277588,0.0
-0.33440232276916504,2.9030227661132812,0.0
-1.5325262546539307,7.285551071166992,2.6638290882110596
0.4273129999637604,4.896069049835205,0.0
0.8863356709480286,2.1624629497528076,0.0
-0.4787609875202179,8.475500106811523,0.0
1.9360483884811401,6.008422374725342,0.0
1.6694815158843994,6.949263095855713,0.0
2.4068057537078857,7.060622692108154,0.0
-0.2761538326740265,4.74929141998291,0.0
2.1756134033203125,5.658864974975586,3.2677621841430664
-0.43225330114364624,5.3235087394714355,0.0
6.719090461730957,3.155107021331787,1.442442536354065
2.5555286407470703,6.746586322784424,0.0
-0.1403874009847641,0.2401810735464096,0.0
-0.47016799449920654,2.888157844543457,0.0
2.016125440597534,3.749882698059082,0.0
1.1492302417755127,2.0745625495910645,0.0
1.9395761489868164,6.557657241821289,2.3281805515289307
1.1632163524627686,0.9307210445404053,0.0
0.7003380656242371,6.815011978149414,2.1631195545196533
1.9169219732284546,2.1328036785125732,0.0
9.835025787353516,6.20721960067749,1.8094769716262817
1.1221401691436768,7.141502857208252,0.0
-2.3817570209503174,3.894659996032715,0.0
2.672272205352783,2.8315529823303223,0.0
-0.34490251541137695,8.06326961517334,0.0
1.5451382398605347,2.166238784790039,0.0
1.7114487886428833,3.4443585872650146,0.0
1.4293529987335205,2.2271831035614014,0.0
3.4677138328552246,6.4946608543396,3.605252742767334
6.152804851531982,3.2907869815826416,2.498723030090332
2.9545156955718994,4.642693519592285,0.0
0.4252294898033142,4.992194175720215,0.0
1.8859854936599731,1.3341788053512573,0.0
1.8885260820388794,7.74489688873291,2.5980725288391113
-0.108089879155159,2.771364688873291,2.3215222358703613
-0.9498875141143799,3.1071152687072754,0.0
3.265195846557617,4.200267314910889,0.0
3.797623634338379,5.054532527923584,0.0
6.186357021331787,3.530421495437622,0.0
2.287679433822632,2.428635358810425,0.0
-2.9986042976379395,8.546019554138184,0.0
7.026291370391846,3.293494462966919,0.0
-0.4309435486793518,2.3041741847991943,0.0
-1.572189450263977,1.6123045682907104,0.0
0.7399605512619019,1.2387036085128784,0.0
1.2880862951278687,3.4245424270629883,0.0
6.852567672729492,3.6759555339813232,0.0
1.9978227615356445,2.1432971954345703,0.0
2.9071290493011475,3.861631393432617,0.0
5.083381652832031,5.987358093261719,0.0
-2.466078758239746,4.465263366699219,0.0
-1.5466043949127197,2.660107135772705,0.0
9.61151123046875,4.628100872039795,0.0
-0.906520664691925,2.542173147201538,0.0
9.440279960632324,5.091557502746582,0.0
2.7897677421569824,3.643681764602661,0.0
-0.4240684509277344,2.5576589107513428,0.0
2.75799298286438,2.55618953704834,0.0
0.47202450037002563,2.1418707370758057,0.0
3.1234140396118164,2.131472587585449,0.0
2.1460142135620117,3.881742238998413,0.0
0.4048708975315094,2.7837095260620117,0.0
-2.1988842487335205,6.423131942749023,0.0
4.485541820526123,5.692734241485596,2.5653185844421387
-2.4655208587646484,4.980096340179443,0.0
-1.6778039932250977,3.1728641986846924,0.0
0.0912005603313446,4.218391418457031,0.0
-1.6449735164642334,2.4056968688964844,0.0
6.840233325958252,3.696326732635498,0.0
-1.9716928005218506,2.7439281940460205,0.0
0.7675557136535645,4.434930801391602,0.0
-1.7513539791107178,6.217184066772461,0.0
0.033698420971632004,4.372012138366699,0.0
-3.564375638961792,6.547601222991943,0.0
2.393272876739502,2.7446951866149902,0.0
-3.253018856048584,5.663749694824219,0.0
1.2777456045150757,0.08844321966171265,0.0
-0.043042462319135666,2.0101263523101807,0.0
1.498357892036438,4.611783027648926,0.0
9.093282699584961,3.527517795562744,0.0
0.11269863694906235,3.773250102996826,0.0
-2.2913434505462646,2.7025234699249268,0.0
0.3618062138557434,2.822404146194458,0.0
-2.3067052364349365,8.606759071350098,0.0
1.3509197235107422,5.77023458480835,0.0
-2.7283935546875,5.590909957885742,0.0
-0.229389950633049,3.430948495864868,0.0
3.5791847705841064,2.360011339187622,0.0
-3.332327127456665,7.365636825561523,0.0
-3.185819387435913,5.550445079803467,2.536980628967285
3.057460308074951,5.909955024719238,0.0
-0.7536553740501404,3.1064038276672363,0.0
4.455682277679443,6.118875503540039,0.0
2.6510074138641357,2.932725667953491,0.0
-0.8040058612823486,3.4726569652557373,0.0
6.6835408210754395,3.54632306098938,0.0
0.1131942868232727,3.12766695022583,0.0
-0.23491139709949493,0.622632622718811,0.0
1.6801635026931763,1.2669140100479126,0.0
4.081150531768799,7.004834175109863,0.0
-2.6912853717803955,4.091184616088867,0.0
-1.3005433082580566,3.198279857635498,0.0
0.054330483078956604,3.284935712814331,0.0
-1.0439623594284058,2.055330276489258,0.0
1.6118141412734985,3.8155367374420166,0.0
8.459707260131836,3.913790702819824,0.0
-0.8104035258293152,5.864492893218994,0.0
3.490203857421875,4.165699481964111,0.0
-2.7218971252441406,6.967092514038086,0.0
-3.779778480529785,6.653305530548096,0.0
0.24642419815063477,2.063323736190796,0.0
-1.026267170906067,3.861599922180176,0.0
6.243066310882568,3.1830379962921143,0.0
0.2458631694316864,3.5616207122802734,0.0
-3.261789560317993,6.73933744430542,0.0
-1.688843846321106,6.495414733886719,0.0
4.092867374420166,5.4481658935546875,0.0
-3.236180067062378,6.978277683258057,0.0
0.29562005400657654,2.0397634506225586,0.0
-1.3290833234786987,3.5027170181274414,0.0
-0.4716600775718689,1.299589991569519,0.0
5.747186183929443,4.173361778259277,2.64905047416687
7.55768346786499,3.2830567359924316,0.0
-3.3173396587371826,7.683782577514648,0.0
3.3164892196655273,2.8913629055023193,0.0
-1.8562713861465454,2.783784866333008,0.0
-0.1243230402469635,3.0277791023254395,0.0
-1.7149938344955444,2.472125768661499,0.0
1.9171147346496582,1.9445321559906006,0.0
-2.4322614669799805,2.340826988220215,0.0
-3.814885377883911,6.940253257751465,0.0
3.0699172019958496,3.4224367141723633,0.0
-3.510201930999756,6.045506000518799,0.0
0.7229691743850708,2.117486000061035,0.0
-0.3451153039932251,2.1906821727752686,0.0
-2.425603151321411,2.891883611679077,0.0
6.681565284729004,3.832794666290283,0.0
6.787073135375977,4.953207969665527,0.0
1.57891047000885,5.382831573486328,0.0
-0.7339122891426086,2.0937392711639404,0.0
6.882939338684082,4.272614479064941,0.0
-3.285240888595581,6.441385746002197,0.0
-3.362043619155884,6.006797790527344,0.0
0.5271231532096863,2.246105909347534,0.0
4.275731086730957,5.018747806549072,0.0
-3.332401752471924,7.323777675628662,0.0
-1.8761647939682007,0.4133354425430298,0.0
-0.9462428092956543,2.522691249847412,0.0
3.029228925704956,-0.5612155795097351,0.0
1.2471632957458496,2.6067564487457275,0.0
0.4042777717113495,3.923060655593872,0.0
-2.849886894226074,3.048953056335449,0.0
1.7621301412582397,1.8757154941558838,0.0
0.3445218801498413,0.911266028881073,0.0
-3.1242997646331787,6.795368671417236,0.0
-0.703727662563324,2.0934951305389404,0.0
1.3029038906097412,4.390032768249512,0.0
1.3707448244094849,3.464114189147949,0.0
2.4933688640594482,2.5048744678497314,0.0
4.238834381103516,4.928133487701416,2.8748297691345215
-2.38248348236084,7.938479900360107,0.0
-1.3402574062347412,3.2857937812805176,0.0
0.6333409547805786,1.9925075769424438,0.0
-2.7787556648254395,7.757329940795898,0.0
-0.7077887654304504,2.108788013458252,0.0
0.8129165172576904,2.93629789352417,0.0
-3.2270450592041016,2.9628171920776367,0.0
8.224015235900879,4.801708698272705,0.0
-0.6772381067276001,3.2910475730895996,0.0
0.7582727670669556,0.11818786710500717,0.0
5.80622673034668,3.3121461868286133,0.0
-3.9864346981048584,6.759715557098389,0.0
-3.0858421325683594,3.7994821071624756,0.0
0.46998366713523865,3.7884247303009033,0.0
-0.008136201649904251,2.395143747329712,0.0
-1.43850576877594,1.9586113691329956,0.0
-0.42420971393585205,3.242910146713257,0.0
-3.481168031692505,6.444457530975342,0.0
3.422619104385376,4.550288677215576,2.6096622943878174
9.687630653381348,5.325873851776123,0.0
4.711801528930664,6.761800765991211,0.0
-3.800609588623047,1.8879693746566772,0.0
-2.715353012084961,3.7451894283294678,0.0
-3.1185779571533203,5.851263523101807,0.0
-0.8528838157653809,2.2611050605773926,0.0
8.813650131225586,5.782533168792725,0.0
0.7286220788955688,1.9118777513504028,0.0
-3.910832643508911,7.069513320922852,2.6131696701049805
4.381861209869385,5.956731796264648,0.0
1.5302464962005615,0.2791382074356079,0.0
3.6076722145080566,2.07427978515625,0.0
9.511255264282227,3.5326008796691895,0.0
-1.4953444004058838,6.216342449188232,0.0
0.16524317860603333,3.2811696529388428,0.0
-1.9422322511672974,3.7432665824890137,0.0
4.642054557800293,6.127837181091309,0.0
0.9149835109710693,2.6244120597839355,0.0
4.0016398429870605,2.135878801345825,0.0
1.957141399383545,2.441009998321533,0.0
2.9482967853546143,3.2073326110839844,0.0
-1.4850858449935913,3.2272636890411377,0.0
7.19828462600708,3.6650404930114746,0.0
-2.242393732070923,8.070034980773926,0.0
0.011264120228588581,3.9127461910247803,0.0
6.432058334350586,4.728460311889648,0.0
-3.23895525932312,6.406711101531982,0.0
-4.335982799530029,6.534754753112793,0.0
-3.4959542751312256,5.96444034576416,0.0
-1.202066421508789,3.2224340438842773,0.0
2.1520373821258545,2.335629463195801,0.0
-0.04594108462333679,2.5374298095703125,2.8257155418395996
0.5994541645050049,1.957718849182129,0.0
1.42327880859375,1.8229953050613403,0.0
0.8969563841819763,2.43170428276062,0.0
-2.516557216644287,2.7226529121398926,0.0
4.157291412353516,2.4509048461914062,0.0
1.5926520824432373,1.9429816007614136,0.0
1.362753987312317,2.9883363246917725,0.0
-0.20583312213420868,2.525447368621826,0.0
-2.874488592147827,8.109333038330078,0.0
6.773829936981201,3.2390708923339844,0.0
-1.2266035079956055,6.283226013183594,0.0
0.43539246916770935,2.8293983936309814,0.0
1.6507960557937622,1.1096913814544678,0.0
0.4328542649745941,1.8666186332702637,0.0
-4.327261924743652,7.564256191253662,0.0
5.351862907409668,3.8161818981170654,0.0
0.14527635276317596,2.9462738037109375,0.0
-0.20035859942436218,3.9838099479675293,0.0
3.108966112136841,3.618760824203491,2.1922621726989746
-1.7067657709121704,3.8065731525421143,0.0
1.5680606365203857,2.9556095600128174,0.0
-2.677652359008789,7.117129802703857,0.0
1.0333220958709717,3.9070255756378174,0.0
0.41466113924980164,2.3506455421447754,0.0
3.499457359313965,2.048307418823242,0.0
0.4277119040489197,3.6786110401153564,0.0
1.2708932161331177,2.2284750938415527,0.0
3.288069486618042,3.8878278732299805,0.0
0.8327869176864624,3.5743606090545654,0.0
0.0904630720615387,1.8775014877319336,0.0
-3.712472915649414,6.671798229217529,0.0
1.0580278635025024,1.9310531616210938,0.0
0.9647965431213379,3.6900877952575684,0.0
-3.160676956176758,7.4210076332092285,0.0
-2.4442687034606934,5.273764610290527,0.0
3.5392794609069824,5.415029525756836,2.167217969894409
-1.306547999382019,1.7479681968688965,0.0
-0.5758655667304993,3.209111213684082,0.0
-0.17893362045288086,0.15458843111991882,0.0
-3.581890344619751,2.95654559135437,0.0
-3.4556162357330322,5.856281280517578,0.0
-3.4905993938446045,5.683497905731201,0.0
-1.628447413444519,1.5973433256149292,0.0
4.815267562866211,5.6181135177612305,0.0
6.06374979019165,3.1594998836517334,0.0
-3.7610740661621094,8.070499420166016,0.0
-0.30516406893730164,3.122082471847534,0.0
2.2027902603149414,3.751387119293213,0.0
-0.326141357421875,0.2131473422050476,0.0
-3.835242748260498,7.315374374389648,2.559795618057251
1.5717856884002686,3.563687562942505,0.0
-2.953451156616211,3.2136504650115967,0.0
-2.8256044387817383,5.264712333679199,0.0
-0.6931102871894836,3.421419620513916,0.0
1.22979736328125,4.0069260597229,0.0
3.9087140560150146,2.085792303085327,0.0
0.9052902460098267,1.1902029514312744,0.0
0.6167193651199341,1.461166501045227,0.0
-3.4212465286254883,6.0986104011535645,0.0
0.857711136341095,2.9466867446899414,0.0
-2.694866895675659,5.86794900894165,0.0
0.36346378922462463,2.719069480895996,0.0
1.6333630084991455,3.891695499420166,0.0
0.1675187647342682,4.541266441345215,0.0
-1.3397226333618164,3.490389823913574,0.0
1.4455058574676514,3.062213659286499,0.0
1.2457587718963623,2.0070722103118896,0.0
9.90978717803955,6.204967975616455,0.0
-4.333969593048096,6.597134113311768,0.0
-1.6371999979019165,4.633715629577637,0.0
-3.4240469932556152,7.131405353546143,0.0
-3.3225197792053223,6.508713722229004,0.0
1.8473163843154907,4.075577259063721,0.0
1.8747471570968628,-0.12680715322494507,0.0
0.901870608329773,2.047203302383423,0.0
-1.1569262742996216,1.6431366205215454,0.0
-2.625406265258789,2.171464204788208,0.0
-2.9346044063568115,5.804869174957275,2.931833028793335
-0.7344800233840942,5.784344673156738,0.0
6.754032135009766,4.698154449462891,0.0
-0.46760985255241394,4.149203300476074,0.0
-2.7454962730407715,7.28330135345459,2.58097505569458
4.477889060974121,4.878678798675537,0.0
-0.6720863580703735,-0.09590297192335129,0.0
-1.6293566226959229,6.427644729614258,0.0
-0.16959793865680695,6.932558059692383,0.0
3.0157504081726074,4.443256378173828,0.0
0.2452739179134369,4.0208420753479,0.0
1.1026583909988403,6.396390438079834,0.0
2.255669116973877,3.323610544204712,0.0
-1.0054774284362793,8.128218650817871,0.0
2.4917802810668945,-1.4064993858337402,0.0
2.1160402297973633,3.050614356994629,0.0
3.29115629196167,-0.33807218074798584,0.0
2.530135154724121,5.0544586181640625,0.0
2.677846908569336,4.738783359527588,0.0
2.703062057495117,0.18762613832950592,0.0
2.1089701652526855,6.866970539093018,0.0
-1.7250345945358276,5.417114734649658,0.0
1.9990687370300293,1.3814971446990967,0.0
2.537557363510132,-0.8422347903251648,0.0
6.824429035186768,2.813585042953491,0.0
1.7822093963623047,2.2810542583465576,0.0
1.1777291297912598,4.7218756675720215,0.0
1.0504707098007202,1.6051609516143799,0.0
2.048387289047241,2.604306936264038,0.0
0.41573116183280945,-0.029454952105879784,0.0
1.6272287368774414,-0.5213719606399536,0.0
1.5653871297836304,-0.21882005035877228,0.0
2.050996780395508,0.47672349214553833,0.0
-4.016788959503174,6.430168628692627,0.0
1.666648268699646,2.857689619064331,0.0
3.772075653076172,0.9710724949836731,0.0
-0.1802416741847992,4.9458417892456055,0.0
-0.6039758920669556,3.037195920944214,0.0
7.696722507476807,5.756546497344971,0.0
2.7492547035217285,-1.6927387714385986,0.0
8.964216232299805,4.86979866027832,0.0
2.255289077758789,-0.4963264763355255,0.0
-1.0171244144439697,3.2134485244750977,0.0
1.9582749605178833,-0.45808354020118713,0.0
0.4666149914264679,1.5745172500610352,0.0
0.47373566031455994,6.282338619232178,0.0
-3.3660130500793457,5.759150981903076,0.0
-4.4081902503967285,6.326594352722168,0.0
-2.9814414978027344,2.4573633670806885,0.0
0.21809858083724976,1.6376231908798218,0.0
3.1643459796905518,-1.2051043510437012,0.0
-2.8219478130340576,6.644084930419922,0.0
2.3180177211761475,8.7348051071167,0.0
0.10449154675006866,3.6764988899230957,0.0
0.2797158360481262,9.159887313842773,0.0
-3.5683867931365967,6.087700366973877,0.0
-2.333724021911621,4.130200386047363,0.0
1.3606337308883667,2.307122230529785,0.0
-3.271939754486084,2.151181221008301,0.0
1.698518991470337,4.810817718505859,0.0
0.376485675573349,2.897679090499878,0.0
-1.3222066164016724,3.530214786529541,0.0
0.7521438598632812,3.4663712978363037,0.0
0.9743184447288513,6.568497657775879,0.0
-0.04310612753033638,3.4147279262542725,0.0
-1.7777800559997559,8.711997032165527,0.0
2.529695987701416,-1.9192274808883667,0.0
0.05972296744585037,3.015810251235962,0.0
1.2422152757644653,0.2630991041660309,0.0
-2.53100323677063,1.2458637952804565,0.0
1.0670610666275024,5.016676902770996,0.0
-2.9409878253936768,7.253769874572754,0.0
-1.3768432140350342,2.1088736057281494,0.0
2.03617000579834,-0.5229116678237915,0.0
0.11758462339639664,4.419382572174072,0.0
1.8485897779464722,-0.6655542850494385,0.0
-4.346139430999756,6.523862361907959,2.0363025665283203
-2.0220019817352295,2.5866501331329346,0.0
-4.590816497802734,6.852445602416992,0.0
-3.3879191875457764,6.297774314880371,0.0
-0.6276493668556213,5.544156551361084,0.0
2.7351198196411133,0.9975574016571045,0.0
0.2752270996570587,6.383920192718506,0.0
-0.8488246202468872,2.1331872940063477,0.0
-4.450085163116455,3.416905403137207,0.0
0.5887972712516785,2.5803425312042236,2.6038479804992676
-4.284506320953369,3.3625850677490234,0.0
3.6467015743255615,1.1753841638565063,0.0
3.6239492893218994,2.243689775466919,0.0
3.7527682781219482,4.491157054901123,0.0
-1.5772184133529663,6.120396614074707,0.0
7.522149562835693,4.986432075500488,0.0
-1.9752336740493774,7.890334606170654,0.0
1.801227331161499,7.571133613586426,2.244076728820801
0.8551906943321228,4.478520393371582,0.0
-3.7995829582214355,6.142189025878906,0.0
-0.6111072301864624,2.2110583782196045,0.0
2.3726868629455566,-0.5268079042434692,0.0
6.872618198394775,2.9168365001678467,0.0
2.8988382816314697,5.51078987121582,2.420003890991211
1.0054748058319092,2.4306907653808594,0.0
-0.7712565660476685,2.817110538482666,0.0
0.28616589307785034,1.537171721458435,0.0
2.4552228450775146,7.745060443878174,0.0
2.369555950164795,3.7066433429718018,0.0
1.7918206453323364,-0.7172327041625977,0.0
0.5867089629173279,8.855103492736816,0.0
-3.012054681777954,5.761963367462158,0.0
-2.4179532527923584,5.077425003051758,0.0
0.2842463552951813,4.012208461761475,0.0
-2.4841268062591553,2.16463041305542,0.0
0.7989872097969055,7.3190388679504395,0.0
1.4078514575958252,2.492131471633911,0.0
-0.5660314559936523,4.0984110832214355,0.0
0.10900074988603592,1.8544845581054688,0.0
-1.2239593267440796,5.014217853546143,0.0
-2.939349412918091,9.702427864074707,0.0
-3.7390832901000977,8.074974060058594,0.0
-0.5719226598739624,2.667912721633911,0.0
0.3465547561645508,9.178085327148438,0.0
-0.45071282982826233,1.9639835357666016,0.0
2.313004493713379,0.24151380360126495,0.0
2.437795400619507,-0.02699325978755951,0.0
-1.1651194095611572,2.7390055656433105,0.0
-1.0761626958847046,5.530528545379639,0.0
-1.4951181411743164,6.458164691925049,0.0
9.406715393066406,4.48619270324707,0.0
3.0266265869140625,-1.3447530269622803,0.0
3.3105990886688232,4.399595260620117,0.0
3.2456629276275635,-0.3047164976596832,0.0
2.3689329624176025,4.607585906982422,0.0
9.358427047729492,5.029574394226074,0.0
-3.882883310317993,6.500330924987793,0.0
-1.103809118270874,2.7830193042755127,0.0
-2.077944755554199,4.672760963439941,0.0
1.7827463150024414,3.9400155544281006,0.0
1.7743796110153198,-0.1587904989719391,0.0
-3.7794952392578125,7.75039529800415,0.0
-0.9622723460197449,3.0316848754882812,0.0
6.943436145782471,4.79850959777832,0.0
0.9791378378868103,9.191882133483887,0.0
-1.7135000228881836,2.116814136505127,0.0
9.276275634765625,5.024532318115234,1.0641083717346191
-5.134018898010254,2.435744285583496,0.0
2.2560384273529053,3.5914053916931152,0.0
1.531576156616211,5.393459796905518,0.0
2.515048027038574,3.747176170349121,0.0
3.0955557823181152,7.168118953704834,0.0
3.607475757598877,5.4870381355285645,0.0
4.413612365722656,4.72756290435791,0.0
0.3661695122718811,2.1768741607666016,0.0
-1.3973805904388428,6.100295543670654,0.0
-1.8640432357788086,1.8130598068237305,0.0
2.609992504119873,1.4407272338867188,0.0
-3.1384999752044678,3.010704755783081,0.0
1.1047042608261108,3.1875646114349365,0.0
1.7999088764190674,2.4855599403381348,0.0
0.1895321011543274,3.9737308025360107,0.0
1.9138346910476685,-0.388716459274292,0.0
-3.269373893737793,5.922394275665283,0.0
2.600682258605957,0.4328978359699249,0.0
-3.392225980758667,7.168671607971191,0.0
0.660418689250946,-0.6439529657363892,0.0
3.554466962814331,0.33466166257858276,0.0
0.916776180267334,4.271694183349609,0.0
0.1946408897638321,6.918516159057617,0.0
-0.10331109166145325,8.25157642364502,2.465066432952881
-3.598642110824585,9.48953914642334,0.0
3.6351161003112793,1.9619061946868896,0.0
2.138364553451538,0.8702690005302429,0.0
1.3519939184188843,4.996912002563477,0.0
-0.5959764122962952,5.604772090911865,0.0
0.15306352078914642,8.039999008178711,0.0
2.5623507499694824,1.4947154521942139,0.0
-0.9986363649368286,6.891124725341797,0.0
1.0192456245422363,2.814417839050293,0.0
2.957113265991211,0.07217461615800858,0.0
-3.234776258468628,7.512489318847656,0.0
2.578930139541626,-1.2787039279937744,0.0
-1.3074342012405396,5.324939250946045,0.0
2.675713300704956,3.48974609375,0.0
6.096719264984131,3.523270606994629,0.0
-1.0898936986923218,3.33429217338562,0.0
5.518868446350098,3.3690662384033203,0.0
2.077193260192871,7.243037223815918,0.0
-3.3539726734161377,3.193899631500244,0.0
-1.8139294385910034,5.898894786834717,0.0
2.564682722091675,6.145963668823242,2.5129337310791016
-0.7584189176559448,2.792670726776123,0.0
-1.8517922163009644,6.009423732757568,0.0
1.5756545066833496,2.1767122745513916,0.0
-4.071264743804932,6.664077281951904,0.0
-1.020026445388794,2.416032075881958,0.0
5.935108661651611,3.4569590091705322,0.0
7.406403064727783,2.6891515254974365,0.0
-0.9337980151176453,6.986237049102783,1.5678880214691162
2.0452280044555664,2.955756425857544,0.0
2.4206435680389404,-0.4226492643356323,0.0
2.5764241218566895,2.852717876434326,0.0
2.8203985691070557,4.592992305755615,0.0
0.2501329779624939,2.9937825202941895,0.0
1.9344642162322998,9.41381549835205,0.0
-3.7139651775360107,5.453740119934082,0.0
1.7967888116836548,2.7687721252441406,0.0
8.303046226501465,3.095712423324585,0.0
1.0067286491394043,2.436384916305542,0.0
-3.0410072803497314,6.183866500854492,0.0
2.7076661586761475,5.640937805175781,0.0
4.200680732727051,4.7967753410339355,0.0
-1.379409670829773,8.9176607131958,0.0
-3.5443007946014404,8.810423851013184,0.0
-2.238147735595703,6.546836853027344,0.0
7.741415500640869,5.792232036590576,0.0
-0.6098394989967346,2.891477584838867,0.0
0.9772262573242188,5.145495891571045,0.0
-3.4967241287231445,6.352596282958984,0.0
0.4633002281188965,2.3984827995300293,0.0
0.2962087392807007,6.566282749176025,0.0
3.353363037109375,2.3388495445251465,0.0
-2.694988965988159,8.189342498779297,0.0
1.132117748260498,2.4633374214172363,0.0
2.9358718395233154,6.427906513214111,0.0
-0.0769217386841774,2.833061933517456,0.0
-1.06308913230896,4.445640563964844,0.0
9.31650161743164,4.236804485321045,1.028296947479248
-1.7844158411026,3.094130516052246,0.0
-2.876051187515259,8.314034461975098,0.0
-2.0980141162872314,6.920499801635742,0.0
0.46414047479629517,2.11112642288208,0.0
-0.22109568119049072,4.061679363250732,0.0
2.452524423599243,7.257173538208008,0.0
-4.554564952850342,6.8662638664245605,0.0
-0.9110139012336731,5.59290075302124,0.0
3.7045023441314697,4.8164801597595215,0.0
1.3157397508621216,1.0347458124160767,0.0
0.818200409412384,3.268643856048584,0.0
-0.755208432674408,7.604104042053223,0.0
-0.8575853705406189,7.694534778594971,0.0
-1.9712151288986206,6.8488006591796875,0.0
2.6720330715179443,-0.7758543491363525,0.0
-0.5459704399108887,1.8996576070785522,0.0
-1.986063003540039,9.671857833862305,0.0
1.6119861602783203,3.3249151706695557,2.3754727840423584
0.3949940800666809,8.156982421875,0.0
1.935714602470398,1.2447912693023682,0.0
-1.762499451637268,5.3899664878845215,0.0
1.1386585235595703,2.624265432357788,0.0
3.3006839752197266,3.089134931564331,0.0
-3.6195249557495117,4.14789342880249,0.0
2.4907426834106445,-0.412612646818161,0.0
2.249889373779297,-1.4191447496414185,0.0
4.203756332397461,6.74398946762085,0.0
1.3460659980773926,0.6217977404594421,0.0
-1.6893126964569092,10.101465225219727,0.0
-1.1590864658355713,3.3526885509490967,0.0
0.19813953340053558,6.923023223876953,0.0
8.4662504196167,5.9990553855896,0.0
2.216155529022217,-0.9016767144203186,0.0
-1.2104417085647583,1.9589385986328125,0.0
3.082902669906616,-0.6754904389381409,0.0
1.5214542150497437,3.595123291015625,0.0
-2.5810601711273193,5.309305191040039,0.0
8.125856399536133,5.8018999099731445,0.0
1.3145203590393066,2.253800630569458,0.0
2.0601117610931396,3.5047242641448975,0.0
-2.6087331771850586,6.770369529724121,0.0
1.9170928001403809,4.355698108673096,0.0
0.8161768317222595,1.3689489364624023,0.0
1.7632101774215698,0.31742221117019653,0.0
7.500986099243164,2.8787004947662354,0.0
-3.789095163345337,3.9196267127990723,0.0
1.871099591255188,2.6645166873931885,0.0
-1.7734042406082153,2.87967848777771,0.0
1.6098612546920776,1.8771040439605713,0.0
-1.1870096921920776,3.946455478668213,0.0
0.3966520428657532,9.084513664245605,0.0
1.2339235544204712,2.770329475402832,0.0
-3.687204599380493,7.285984039306641,0.0
-4.08721399307251,6.257763862609863,0.0
2.7543129920959473,-1.883605718612671,0.0
2.814242124557495,-0.2812139391899109,0.0
0.6618543863296509,0.5825318694114685,0.0
1.6204214096069336,-1.0980424880981445,0.0
2.1612203121185303,-0.43188053369522095,0.0
2.2135024070739746,6.378623008728027,0.0
-1.42111074924469,5.750962734222412,0.0
2.3460066318511963,2.0103886127471924,0.0
-1.03500497341156,3.358797073364258,2.884347677230835
-2.9613099098205566,5.863028049468994,0.0
1.3216661214828491,-0.1844395399093628,0.0
-2.8098397254943848,8.080698013305664,0.0
-2.468090057373047,8.634246826171875,0.0
1.3370558023452759,1.899545669555664,2.645394802093506
-0.1358642280101776,7.878471374511719,0.0
5.780539512634277,3.2333462238311768,0.0
-1.45638108253479,7.7624030113220215,0.0
1.6780223846435547,5.8826446533203125,1.5506874322891235
1.5590174198150635,4.639761924743652,0.0
3.00376033782959,0.04870281368494034,0.0
0.7411425709724426,3.2849411964416504,0.0
3.2136623859405518,1.1364043951034546,0.0
-3.1001107692718506,3.861619234085083,0.0
-0.18962326645851135,0.7870047092437744,0.0
1.882599115371704,3.0369904041290283,0.0
2.1418845653533936,-0.34542742371559143,0.0
2.8489134311676025,1.1046853065490723,0.0
-1.4553245306015015,2.957735776901245,0.0
2.45662784576416,4.122115135192871,0.0
2.2033355236053467,-0.5910245180130005,0.0
1.4576853513717651,2.609938144683838,0.0
-0.23160134255886078,3.6242783069610596,0.0
-3.416306257247925,8.288607597351074,0.0
0.8463555574417114,-0.3976796269416809,0.0
1.1323179006576538,2.716414213180542,0.0
1.1696317195892334,1.8596833944320679,0.0
-0.43820059299468994,1.7205411195755005,0.0
0.4166405498981476,2.742081880569458,0.0
2.2888331413269043,2.0428202152252197,0.0
-0.4829752445220947,6.370509624481201,0.0
2.3453783988952637,3.8943965435028076,0.0
1.7634639739990234,6.982150554656982,0.0
3.3100688457489014,8.355825424194336,0.0
-1.2738804817199707,0.1657709777355194,0.0
-2.1216001510620117,7.56284236907959,0.0
0.43874436616897583,2.2208995819091797,0.0
2.4816396236419678,-0.4705323874950409,0.0
2.002570152282715,1.5905033349990845,0.0
2.8303916454315186,2.8994579315185547,0.0
8.836685180664062,3.8040659427642822,0.0
-0.12859126925468445,5.740250587463379,0.0
-3.903319835662842,7.222872734069824,0.0
-2.4904496669769287,8.358498573303223,0.0
1.1777150630950928,1.8945748805999756,0.0
3.656759023666382,0.8047574758529663,0.0
-2.4567677974700928,5.417450904846191,0.0
2.3664329051971436,3.8448121547698975,0.0
-0.3809688687324524,3.7535250186920166,0.0
9.025677680969238,3.3722734451293945,0.0
-1.6867879629135132,0.043612197041511536,0.0
-3.851858139038086,6.206056594848633,0.0
-0.20899856090545654,7.928835868835449,0.0
0.9036717414855957,3.491905689239502,0.0
2.902529001235962,-1.1037399768829346,0.0
-0.8490023016929626,2.989140510559082,0.0
4.354568004608154,2.9797635078430176,0.0
-2.149752616882324,9.012454986572266,0.0
2.2537872791290283,-1.1599348783493042,0.0
-0.8752748966217041,3.16566801071167,0.0
3.869591474533081,4.992044448852539,0.0
3.6297812461853027,0.4682973623275757,0.0
2.6338934898376465,2.804962158203125,0.0
3.4175219535827637,6.332211494445801,0.0
-1.3247720003128052,5.360998153686523,0.0
3.4647085666656494,1.9787888526916504,0.0
-1.4668654203414917,10.361207962036133,0.0
-0.623351514339447,1.4593435525894165,0.0
4.427122592926025,5.524074554443359,0.0
7.56109619140625,3.8425962924957275,0.0
0.5308776497840881,4.892149925231934,0.0
3.938453435897827,4.3328657150268555,0.0
-0.5570999979972839,4.942326545715332,0.0
-1.817172646522522,4.364964485168457,0.0
2.8074331283569336,-1.24556565284729,0.0
5.106197357177734,6.996981143951416,0.0
-2.6940791606903076,6.774654388427734,0.0
8.043066024780273,5.7086920738220215,0.0
2.0248515605926514,8.2918062210083,0.0
1.4793286323547363,0.9695969223976135,0.0
1.7546414136886597,-1.5097570419311523,0.0
-1.5706759691238403,4.765491962432861,0.0
-1.6051101684570312,3.0975093841552734,0.0
-3.1043198108673096,6.2713165283203125,0.0
2.394357204437256,-0.02349487505853176,0.0
-3.8911523818969727,5.911365032196045,0.0
2.4416418075561523,1.8549306392669678,0.0
1.7248393297195435,0.6235725283622742,0.0
1.549401044845581,-0.4318687915802002,0.0
2.810316562652588,5.241015911102295,0.0
1.9186792373657227,1.660586953163147,0.0
-3.6505308151245117,7.882233619689941,0.0
1.8792225122451782,1.4736387729644775,0.0
2.596611261367798,-1.4948787689208984,0.0
7.641546249389648,2.930366277694702,0.0
8.721040725708008,3.270367383956909,0.0
-1.4165821075439453,2.3087456226348877,0.0
0.01538014318794012,4.265632629394531,0.0
2.27528715133667,5.258218765258789,0.0
7.040249824523926,4.277146339416504,0.0
0.01692822016775608,8.482427597045898,0.0
-1.2841099500656128,2.5168182849884033,0.0
-1.0829612016677856,3.2230119705200195,0.0
-0.7051159739494324,3.56379771232605,0.0
1.3948904275894165,0.006345018744468689,0.0
2.2104594707489014,2.5784261226654053,0.0
-0.02615027315914631,3.501105785369873,0.0
-0.3501110374927521,1.7145719528198242,0.0
1.8319780826568604,3.564748525619507,0.0
0.38779309391975403,6.516582489013672,0.0
0.5269033312797546,1.4180033206939697,0.0
1.8607251644134521,2.8932764530181885,0.0
-0.7824758887290955,1.3484784364700317,0.0
-0.4352804720401764,2.1990277767181396,0.0
0.8765047192573547,5.968060493469238,0.0
2.788635015487671,-1.5681345462799072,0.0
-0.5435494184494019,4.68922758102417,0.0
-0.6763626337051392,3.456052780151367,0.0
8.88682746887207,5.703320503234863,0.0
-4.352566242218018,4.527185440063477,0.0
-1.0594289302825928,1.3072108030319214,0.0
-0.27970626950263977,1.9017800092697144,0.0
0.9460827112197876,7.738164901733398,0.0
1.3494658470153809,2.247096300125122,0.0
1.7373169660568237,4.307974338531494,0.0
1.8395333290100098,-0.5294654369354248,0.0
-0.36535003781318665,7.177042007446289,0.0
-1.6070384979248047,2.902554750442505,0.0
2.9826629161834717,2.9675536155700684,0.0
-0.5262605547904968,3.334364652633667,0.0
0.8187903761863708,1.9926613569259644,0.0
-0.6585699915885925,2.7906923294067383,0.0
-2.0080950260162354,8.31324577331543,0.0
2.3289637565612793,0.8343346118927002,0.0
4.6649298667907715,5.962015151977539,0.0
1.768308401107788,-0.032094549387693405,0.0
-2.9964704513549805,3.9311296939849854,0.0
2.0159006118774414,3.5050930976867676,0.0
0.5853776931762695,2.4548799991607666,2.4190707206726074
3.1436686515808105,5.2818989753723145,0.0
-2.406554937362671,6.448927879333496,0.0
-2.0505166053771973,8.340950012207031,0.0
0.5454971790313721,2.1319737434387207,0.0
0.8583126664161682,2.3912694454193115,0.0
2.9584414958953857,4.228167533874512,0.0
1.4449959993362427,6.738397121429443,0.0
-0.6739860773086548,8.088888168334961,0.0
3.310469388961792,4.9519476890563965,0.0
2.7607975006103516,0.39826300740242004,0.0
1.600136399269104,3.0421266555786133,0.0
1.2128183841705322,4.5885725021362305,0.0
1.0681055784225464,2.070779323577881,0.0
-0.49723246693611145,2.79982852935791,0.0
3.024217367172241,-0.8866176009178162,0.0
-2.7239017486572266,6.240817070007324,0.0
0.44799426198005676,8.875398635864258,0.0
1.4512494802474976,2.1266448497772217,0.0
-2.899968385696411,2.097503662109375,0.0
1.981995701789856,1.0136055946350098,0.0
0.22843500971794128,2.656283378601074,0.0
-2.113330841064453,0.7700223922729492,0.0
-1.2210561037063599,1.7826769351959229,0.0
-4.120316505432129,6.235232830047607,2.0363025665283203
-1.857574224472046,2.3816580772399902,0.0
0.07808639109134674,2.5932085514068604,0.0
-4.6257524490356445,6.825535774230957,0.0
-3.47396183013916,6.277001857757568,0.0
2.7309958934783936,0.9730506539344788,0.0
1.2365138530731201,2.3330631256103516,2.610245704650879
-4.179373741149902,3.336597442626953,0.0
3.691816806793213,1.0707582235336304,0.0
3.7362029552459717,2.251082181930542,0.0
-1.4905821084976196,6.175455570220947,0.0
2.431394100189209,0.5168905854225159,0.0
2.180860757827759,0.546319842338562,0.0
-3.6980960369110107,6.050611972808838,0.0
1.6976004838943481,-0.4620194733142853,0.0
-2.4750754833221436,5.852653503417969,0.0
0.7919797897338867,8.759235382080078,0.0
-2.452500104904175,5.432013988494873,0.0
-2.4102954864501953,2.215020179748535,0.0
1.2412596940994263,2.8707408905029297,0.0
-2.7413430213928223,9.597330093383789,0.0
1.300382137298584,1.9686414003372192,0.0
-3.7183611392974854,8.220858573913574,0.0
0.0822102352976799,8.798181533813477,0.0
2.4480299949645996,4.212778091430664,0.0
-3.686055898666382,7.746993064880371,0.0
-0.8814117908477783,2.9216468334198,0.0
9.240781784057617,4.974697113037109,1.0642327070236206
-4.790713787078857,2.282572031021118,0.0
1.2861614227294922,4.8608012199401855,0.0
-1.0102574825286865,6.324466228485107,0.0
2.696901798248291,1.5728596448898315,0.0
-3.0094122886657715,5.81382942199707,0.0
0.3882008492946625,6.897922515869141,0.0
-3.5141026973724365,9.310335159301758,0.0
3.022125482559204,0.04825565963983536,0.0
-3.221881151199341,7.311577320098877,0.0
6.223302841186523,3.637629508972168,0.0
5.740362167358398,3.291090726852417,0.0
2.4669511318206787,6.860517501831055,0.0
-2.787428379058838,3.259948492050171,0.0
2.764718532562256,6.078006744384766,2.513976573944092
-4.032654762268066,6.5799055099487305,0.0
2.784745216369629,3.0790770053863525,0.0
-0.05329779535531998,2.999724864959717,0.0
-3.7628583908081055,5.56760835647583,0.0
2.792158842086792,5.442180156707764,0.0
-1.2654216289520264,8.69966983795166,0.0
-3.4903690814971924,8.725860595703125,0.0
-3.5212461948394775,8.540915489196777,0.0
7.574478626251221,5.795113563537598,0.0
0.08531215786933899,8.172551155090332,0.0
-2.073850154876709,6.9637017250061035,0.0
1.5911041498184204,0.05181461572647095,0.0
-4.486898899078369,6.978328227996826,0.0
1.5532779693603516,1.3146113157272339,0.0
-1.7626680135726929,6.889800548553467,0.0
2.654466152191162,-0.6817898154258728,0.0
0.20217175781726837,8.166513442993164,0.0
3.2399239540100098,3.150719165802002,0.0
-1.5382009744644165,10.117980003356934,0.0
-1.1220955848693848,3.1768641471862793,0.0
8.508584022521973,5.849812984466553,0.0
2.173569679260254,-0.9205825924873352,0.0
-0.9322498440742493,1.8877089023590088,0.0
3.118638753890991,-0.8251242637634277,0.0
1.207797646522522,3.6198806762695312,0.0
2.2029285430908203,3.5770628452301025,0.0
-3.5687808990478516,4.051352024078369,0.0
1.6462129354476929,2.9572699069976807,0.0
-1.0087686777114868,4.005007743835449,0.0
-0.2119896411895752,3.825432538986206,0.0
-0.2975415289402008,4.3979811668396,0.0
-3.5321078300476074,7.241030216217041,0.0
2.7159862518310547,-1.966050386428833,0.0
0.8506064414978027,0.738405704498291,0.0
-1.3136687278747559,4.655527591705322,0.0
2.280299186706543,-0.35375139117240906,0.0
2.2410738468170166,6.448610305786133,0.0
-1.3433518409729004,5.401628017425537,0.0
-1.1202548742294312,2.536980628967285,0.0
-2.811432123184204,7.832235336303711,0.0
-0.02951934188604355,8.060003280639648,0.0
6.173489570617676,3.31246280670166,0.0
1.4319108724594116,5.578939914703369,1.5530331134796143
3.1167500019073486,1.091564416885376,0.0
2.66924786567688,1.249443531036377,0.0
-3.0562562942504883,8.146719932556152,0.0
1.1323368549346924,-0.40326666831970215,0.0
1.9144078493118286,6.970459938049316,0.0
2.5786874294281006,-0.5720809102058411,0.0
2.685279607772827,2.6812047958374023,0.0
9.399263381958008,5.095218658447266,0.0
-3.595752716064453,6.971032619476318,0.0
9.07107925415039,3.3661837577819824,0.0
4.216516971588135,3.164168357849121,0.0
2.6390111446380615,-0.4172222316265106,0.0
7.558884620666504,3.912485361099243,0.0
2.6701788902282715,-1.2485796213150024,0.0
1.1862189769744873,1.151501178741455,0.0
-1.570794701576233,3.509481906890869,0.0
-2.900918960571289,5.950945854187012,0.0
2.5827834606170654,0.28462088108062744,0.0
1.6715019941329956,-0.5516084432601929,0.0
2.381920099258423,-1.4897626638412476,0.0
-1.022875428199768,2.813018798828125,0.0
1.408124327659607,0.040937647223472595,0.0
0.5712071657180786,6.338385581970215,0.0
1.5708591938018799,1.776525855064392,0.0
-0.7366341948509216,1.274454951286316,0.0
-3.0838253498077393,3.717775821685791,0.0
2.77201771736145,-1.748496174812317,0.0
-4.072641849517822,4.654869556427002,0.0
0.47455573081970215,0.6920232772827148,0.0
1.5965192317962646,2.6086647510528564,0.0
2.4907917976379395,4.7732696533203125,0.0
2.0447678565979004,4.448139667510986,0.0
1.8898169994354248,-0.7077014446258545,0.0
4.463729381561279,5.84428071975708,0.0
-2.9093565940856934,4.227828025817871,0.0
-1.810074806213379,8.413984298706055,0.0
-1.4014097452163696,6.104478359222412,0.0
-0.3740966320037842,6.891997814178467,0.0
0.35155269503593445,3.5635242462158203,0.0
2.3631298542022705,6.5532917976379395,0.0
-1.587775707244873,5.136028289794922,0.0
6.7899651527404785,2.716034412384033,0.0
1.717238187789917,2.7911741733551025,0.0
3.7557785511016846,0.8916592597961426,0.0
-0.0034931818954646587,4.557414531707764,0.0
0.2598635256290436,6.382907390594482,0.0
-3.060044288635254,2.642693281173706,0.0
2.3391714096069336,8.875014305114746,0.0
1.3840140104293823,6.398434638977051,0.0
-2.1500723361968994,8.79945182800293,0.0
0.09877694398164749,6.64395809173584,0.0
-4.4247918128967285,3.4953787326812744,0.0
3.998603105545044,4.52454137802124,0.0
7.626160621643066,4.917628765106201,0.0
-2.283630132675171,7.764709949493408,0.0
1.604892611503601,7.270042419433594,2.2608320713043213
1.3973822593688965,3.398566961288452,0.0
6.7368035316467285,2.970517158508301,0.0
3.041195869445801,5.210344314575195,2.4256234169006348
2.393160104751587,7.412789344787598,0.0
-1.7295634746551514,4.529523849487305,0.0
0.48733869194984436,7.179149150848389,0.0
0.3965987265110016,1.8091951608657837,0.0
-1.1673613786697388,4.5096588134765625,0.0
-0.3715692162513733,2.601651668548584,0.0
-1.3176641464233398,2.3874363899230957,0.0
-1.6016126871109009,5.626006603240967,0.0
-1.5814083814620972,6.568192005157471,0.0
9.469289779663086,4.447933673858643,0.0
3.3139660358428955,3.7978620529174805,0.0
3.231459856033325,-0.5028669834136963,0.0
9.294386863708496,5.019251823425293,0.0
-1.9769459962844849,4.348531246185303,0.0
2.05078387260437,3.1536710262298584,0.0
1.6999884843826294,-0.47221681475639343,0.0
6.806438446044922,4.988892078399658,0.0
1.114842176437378,9.410144805908203,0.0
2.6576027870178223,3.616121530532837,0.0
2.954094648361206,7.09483003616333,0.0
-2.7348592281341553,2.8461406230926514,0.0
0.07719598710536957,3.8680083751678467,0.0
-3.590860366821289,7.30709171295166,0.0
3.550481081008911,0.4944069981575012,0.0
-0.1691494584083557,8.222206115722656,2.472982883453369
1.3468468189239502,4.818097114562988,0.0
-0.9597874879837036,4.214648723602295,0.0
0.12805582582950592,8.205760955810547,0.0
-0.5833831429481506,6.625350475311279,0.0
3.011498212814331,4.8962626457214355,0.0
2.791947364807129,-1.0031558275222778,0.0
1.1609338521957397,0.783195436000824,0.0
-2.1416127681732178,6.193047046661377,0.0
5.857889175415039,3.400148868560791,0.0
-0.9847955703735352,6.831737041473389,2.055065870285034
2.5375640392303467,-0.5612338185310364,0.0
2.027920722961426,9.203314781188965,0.0
2.071410894393921,2.7146506309509277,0.0
-3.425852060317993,6.371034622192383,0.0
-2.8178653717041016,6.6792521476745605,0.0
1.0776628255844116,5.111419200897217,0.0
0.19876432418823242,6.864768028259277,0.0
2.825716018676758,6.300616264343262,0.0
0.9532389640808105,3.492215394973755,0.0
6.655121326446533,3.7969233989715576,0.0
9.293431282043457,4.212169170379639,1.0287587642669678
-1.4691935777664185,3.002472400665283,0.0
2.6779985427856445,7.213314533233643,0.0
-1.00346839427948,5.4410858154296875,0.0
-1.145032286643982,8.138762474060059,0.0
-0.8113926649093628,7.836123466491699,0.0
-1.8862510919570923,9.737418174743652,0.0
-1.7957205772399902,5.447482585906982,0.0
-3.047002077102661,4.89391565322876,0.0
2.554550886154175,-0.03624720126390457,0.0
2.738889694213867,2.5185370445251465,0.0
4.053955078125,6.668430805206299,0.0
8.329511642456055,2.951540231704712,0.0
0.20873263478279114,6.583353519439697,0.0
8.325514793395996,5.867228984832764,0.0
-2.700490713119507,6.963062286376953,0.0
1.4873552322387695,3.654843330383301,0.0
0.34617629647254944,8.975797653198242,0.0
0.15244130790233612,9.76056957244873,0.0
-3.03173828125,5.972382545471191,0.0
-2.7834293842315674,8.300445556640625,0.0
-1.4134021997451782,7.696207046508789,0.0
1.8561806678771973,4.6161885261535645,0.0
-0.7733868360519409,3.2988078594207764,0.0
-0.07601673901081085,1.8047442436218262,0.0
-0.8449814319610596,6.317862510681152,0.0
2.5624496936798096,3.6486876010894775,0.0
3.3622233867645264,8.161800384521484,0.0
-1.9512810707092285,7.662568092346191,0.0
0.5038053393363953,1.8231534957885742,0.0
3.985112428665161,4.957534313201904,0.0
-0.058302126824855804,5.551397800445557,0.0
3.576117515563965,0.8994839191436768,0.0
-0.33777791261672974,3.565721273422241,0.0
-0.5036610960960388,7.4504008293151855,0.0
3.070723295211792,-1.1196846961975098,0.0
-2.190589427947998,8.925739288330078,0.0
2.081982374191284,-1.2464358806610107,0.0
3.6271791458129883,0.48713165521621704,0.0
-1.4740631580352783,10.40965461730957,0.0
0.6643363833427429,4.453567028045654,0.0
-1.0060772895812988,4.994502067565918,0.0
5.010692596435547,6.935750961303711,0.0
8.153876304626465,5.799042701721191,0.0
1.7800638675689697,8.059075355529785,0.0
6.000491619110107,3.5751543045043945,0.0
7.827619552612305,2.8564798831939697,0.0
7.195553302764893,4.281343460083008,0.0
0.05764635279774666,8.401091575622559,0.0
-0.5556113123893738,3.380336046218872,0.0
-0.4559158682823181,1.593130111694336,0.0
-0.17551107704639435,3.0770668983459473,0.0
-0.032607752829790115,1.866797924041748,0.0
8.915111541748047,5.7077765464782715,0.0
0.9311832189559937,7.873843193054199,0.0
-0.1328236162662506,7.156118869781494,0.0
-1.9482394456863403,8.312417030334473,0.0
1.8863403797149658,3.492492437362671,0.0
-2.5106801986694336,6.551833152770996,0.0
1.1419429779052734,-0.479727566242218,0.0
1.886824131011963,0.09608415514230728,0.0
-0.501248300075531,1.7358037233352661,0.0
2.5875768661499023,6.199779987335205,0.0
7.599615573883057,5.568941116333008,0.0
2.65999436378479,2.1536765098571777,0.0
3.0487568378448486,4.21078634262085,0.0
2.3664498329162598,3.8218817710876465,1.697140097618103
-3.333469867706299,6.253220558166504,0.0
-3.540553331375122,2.944901704788208,0.0
1.8544975519180298,2.1738853454589844,0.0
3.069606065750122,3.28231143951416,0.0
8.82284164428711,4.3011932373046875,0.0
-3.7002153396606445,7.817483425140381,0.0
1.6927086114883423,2.29333233833313,0.0
0.1624697744846344,1.4830762147903442,0.0
1.9483293294906616,2.9821553230285645,0.0
0.08046980202198029,1.8028444051742554,0.0
-3.1425182819366455,2.985158920288086,0.0
8.252365112304688,5.627751350402832,0.0
3.0589399337768555,5.857863903045654,0.0
3.73791766166687,4.209657669067383,0.0
-1.882116436958313,4.356019973754883,0.0
7.57736873626709,4.171021938323975,0.0
8.421409606933594,3.4109511375427246,1.1793477535247803
-0.7103586792945862,4.760012149810791,2.5708775520324707
5.270325660705566,3.6955981254577637,0.0
8.550429344177246,4.801018714904785,0.0
-4.268078804016113,2.7825849056243896,0.0
3.3257393836975098,4.432734966278076,0.0
2.8657290935516357,5.749226093292236,0.0
1.7119650840759277,0.48020145297050476,0.0
3.4646761417388916,3.0908946990966797,0.0
2.2404117584228516,6.276174068450928,0.0
-0.4856855273246765,4.68084192276001,0.0
0.1783158779144287,0.734979510307312,0.0
2.1688742637634277,3.0611283779144287,0.0
3.6512110233306885,2.106057643890381,0.0
0.4440288543701172,0.34963950514793396,0.0
7.466925621032715,2.6697049140930176,0.0
-2.0005271434783936,2.027299642562866,0.0
0.7918357253074646,2.6568291187286377,0.0
-3.222440719604492,3.003824472427368,0.0
1.5026843547821045,1.6131584644317627,0.0
1.8941837549209595,6.042079925537109,0.0
7.250884056091309,2.8888750076293945,1.021651268005371
3.479536771774292,0.5281758308410645,0.0
0.5825409293174744,2.178846836090088,0.0
-5.123262405395508,2.361980438232422,0.0
1.9428484439849854,2.9677536487579346,0.0
2.4625720977783203,-0.4879510998725891,0.0
-0.0715697854757309,1.1979228258132935,0.0
3.856997489929199,5.993732929229736,2.985887050628662
0.10518980771303177,2.018364906311035,0.0
-0.3158142566680908,1.4881771802902222,0.0
7.794997692108154,5.321413993835449,1.7040939331054688
2.7197952270507812,3.280594825744629,0.0
4.131594181060791,2.514472007751465,0.0
-1.966308832168579,3.9006035327911377,0.0
3.361814022064209,0.8553611040115356,0.0
0.8115153908729553,7.2624831199646,0.0
7.239394664764404,3.9306647777557373,0.0
-5.082472324371338,3.4953646659851074,0.0
4.4205451011657715,6.321573734283447,1.65924072265625
3.9971506595611572,1.953667163848877,0.0
0.37847742438316345,1.7655351161956787,0.0
3.633302688598633,3.107985496520996,2.645394802093506
-1.2305982112884521,3.0764873027801514,0.0
-0.7824803590774536,2.542018175125122,0.0
3.1576406955718994,4.201966762542725,0.0
-1.6872180700302124,2.0449907779693604,0.0
0.4904818534851074,0.5154554843902588,0.0
2.01806640625,7.26881217956543,0.0
3.1748175621032715,4.460443496704102,0.0
5.74354887008667,3.4137425422668457,0.0
-0.9028345346450806,0.7780712842941284,0.0
0.4638240337371826,8.356308937072754,0.0
-2.7171883583068848,8.13929271697998,0.0
2.1775753498077393,6.212672233581543,0.0
2.615015745162964,2.588442325592041,0.0
-3.84437894821167,4.104866981506348,0.0
-3.969128131866455,2.3261027336120605,0.0
0.15631695091724396,3.8581278324127197,0.0
9.08961296081543,4.402231693267822,0.0
1.4675859212875366,0.47564783692359924,0.0
-0.5425228476524353,0.5234822630882263,0.0
-1.6880767345428467,6.44620943069458,0.0
3.838435173034668,2.1361100673675537,0.0
3.5111007690429688,0.9973583817481995,0.0
2.053050994873047,7.801480770111084,1.8612592220306396
4.030697345733643,2.107039451599121,0.0
1.1204469203948975,-0.234282985329628,0.0
2.09704327583313,0.07064290344715118,0.0
-3.0616164207458496,7.3896803855896,0.0
2.5337278842926025,2.2247283458709717,0.0
1.374377965927124,2.2782466411590576,0.0
4.271735668182373,6.815125465393066,0.0
9.325358390808105,4.5356364250183105,1.5148922204971313
1.7974036931991577,5.146730422973633,0.0
-0.7849655151367188,0.2514791488647461,0.0
4.30202054977417,4.961212158203125,2.3807992935180664
1.562530755996704,8.828415870666504,0.0
-4.214866638183594,6.567380428314209,2.003419876098633
2.503002405166626,-1.0372583866119385,0.0
-4.165212154388428,6.6430463790893555,0.0
0.7186118960380554,-1.1581138372421265,0.0
2.325188398361206,7.195343971252441,0.0
1.0643342733383179,2.168081760406494,0.0
1.436484456062317,-0.47134801745414734,0.0
3.980800151824951,6.53857946395874,0.0
-1.6842294931411743,3.008066415786743,0.0
7.257665157318115,5.218557834625244,0.0
1.7960354089736938,-1.0718032121658325,0.0
3.201472282409668,3.3420300483703613,0.0
2.342743158340454,-0.26977309584617615,0.0
2.4168949127197266,2.2638983726501465,0.0
2.5812833309173584,1.0132282972335815,0.0
2.871807813644409,-2.211489677429199,0.0
2.6923370361328125,3.438960552215576,0.0
2.5084762573242188,2.667330741882324,0.0
4.514627456665039,6.072515964508057,0.0
1.921212077140808,0.563024640083313,0.0
0.6103178858757019,2.5901408195495605,0.0
-2.4520204067230225,0.8996490240097046,0.0
2.647010087966919,-1.4544991254806519,0.0
-3.956688404083252,7.227291584014893,0.0
2.6622166633605957,5.463927268981934,0.0
2.621572256088257,3.0372912883758545,0.0
1.9040296077728271,5.964792728424072,0.0
2.7522287368774414,-1.79672110080719,0.0
2.745378255844116,-1.6001313924789429,0.0
-2.6396002769470215,8.929999351501465,1.339231014251709
2.165897846221924,-0.8789118528366089,0.0
3.4556734561920166,6.723021984100342,2.084709405899048
-1.0758029222488403,2.3633644580841064,0.0
7.0471906661987305,1.3679368495941162,0.9054553508758545
6.788552761077881,2.817338466644287,0.0
-2.2829928398132324,2.412505626678467,0.0
0.665086567401886,3.575535535812378,0.0
2.5384109020233154,4.43703031539917,0.0
5.9066362380981445,3.457747220993042,0.0
-3.5094757080078125,8.321406364440918,0.0
2.4428839683532715,8.274249076843262,1.3162091970443726
1.542959213256836,2.607578754425049,0.0
4.724606513977051,6.189733982086182,0.0
2.3922224044799805,0.17474623024463654,0.0
0.6121859550476074,0.46642035245895386,0.0
-0.06120153144001961,0.33188390731811523,0.0
3.020707130432129,0.47162291407585144,0.0
0.7145667672157288,-0.8244520425796509,0.0
2.6507391929626465,3.078392267227173,0.0
1.3224718570709229,1.1602646112442017,0.0
3.4857113361358643,3.047927141189575,0.0
1.0469027757644653,2.2264790534973145,0.0
7.583080291748047,4.734353065490723,0.0
-1.395883560180664,2.8735926151275635,0.0
-1.3353562355041504,2.3133749961853027,0.0
2.069467067718506,-0.5336552858352661,0.0
-0.05640776827931404,-0.6574720740318298,0.0
-0.3743743896484375,0.8339701294898987,0.0
-0.0717499703168869,3.3925986289978027,0.0
0.6912617683410645,-0.20803798735141754,0.0
2.001253604888916,3.617438793182373,0.0
2.4552667140960693,4.117481708526611,0.0
2.0206079483032227,6.952132701873779,0.0
0.7585198283195496,1.7402180433273315,0.0
2.050722360610962,-0.4824332594871521,0.0
2.712401866912842,-1.583823323249817,0.0
2.6514036655426025,-1.501421332359314,0.0
4.931621074676514,5.662542819976807,1.594252586364746
1.7801705598831177,4.010839939117432,0.0
2.8066728115081787,1.185315728187561,0.0
4.449063301086426,6.12389612197876,0.0
-2.8254308700561523,8.159016609191895,0.0
1.3167273998260498,0.9661870002746582,0.0
5.222375392913818,6.5156121253967285,0.9494484066963196
9.300582885742188,5.282022476196289,1.1902204751968384
1.4508156776428223,-0.9192308783531189,0.0
1.574273943901062,3.2627880573272705,0.0
1.3076248168945312,-0.1820015162229538,0.0
2.6992719173431396,-0.8150405287742615,0.0
5.684757232666016,3.5216784477233887,0.0
2.526902198791504,3.9834561347961426,0.0
0.30802080035209656,3.5044350624084473,0.0
2.0903286933898926,5.051898002624512,0.0
-3.82085919380188,2.5265166759490967,0.0
2.1880955696105957,2.3393588066101074,0.0
3.3129005432128906,4.997403144836426,0.0
-0.47665584087371826,1.0594924688339233,0.0
1.1749589443206787,3.016035318374634,0.0
2.594071388244629,3.451659917831421,0.0
-3.8004133701324463,6.539614677429199,0.0
-3.2514915466308594,8.196605682373047,0.0
-0.20251619815826416,4.4234795570373535,0.0
7.757218360900879,2.966480255126953,1.407086730003357
-0.592054545879364,4.32790994644165,0.0
0.4841561019420624,0.8922126889228821,0.0
1.6273422241210938,3.5492899417877197,2.792978525161743
0.8325455784797668,2.3278682231903076,0.0
1.6552519798278809,1.2843427658081055,0.0
2.4559900760650635,3.2784087657928467,0.0
2.838682174682617,4.288464069366455,0.0
1.9045820236206055,-0.14446458220481873,0.0
2.857800006866455,5.408900737762451,0.0
0.6135112047195435,1.0428569316864014,0.0
4.349635601043701,5.307254791259766,1.2009943723678589
3.25040602684021,3.1489357948303223,0.0
1.2521851062774658,6.025290489196777,0.0
0.01245314534753561,5.537939548492432,0.0
0.09597509354352951,2.5950896739959717,0.0
1.6736563444137573,-0.5838437676429749,0.0
-0.6483597755432129,4.730010986328125,0.0
-0.16902364790439606,3.4109582901000977,0.0
-2.0243146419525146,2.740293264389038,0.0
4.245750904083252,3.274749279022217,0.0
1.8951730728149414,-0.7202590703964233,0.0
2.4176578521728516,2.7849061489105225,0.0
4.583260536193848,6.490961074829102,0.0
-0.31936967372894287,1.111812949180603,0.0
3.608762264251709,4.07493782043457,0.0
1.7223542928695679,2.0534958839416504,0.0
2.098620653152466,5.334502696990967,0.0
0.5601860880851746,0.21887421607971191,0.0
8.354113578796387,5.924247741699219,2.026517391204834
9.07894229888916,3.791447639465332,0.0
7.532721042633057,3.7761762142181396,0.0
2.046478748321533,4.304484844207764,0.0
5.743118762969971,3.539564609527588,0.0
8.929008483886719,5.255586624145508,0.0
2.6781749725341797,6.451085567474365,0.0
8.398359298706055,4.350492477416992,1.862636685371399
9.475202560424805,6.172068119049072,0.0
8.277174949645996,4.090163230895996,0.0
0.5015255808830261,7.198945045471191,0.0
-0.5842030644416809,8.770747184753418,0.0
2.226032018661499,7.95615291595459,0.0
-1.6136038303375244,4.034726619720459,0.0
9.511241912841797,5.107941150665283,0.0
1.8739979267120361,2.4382424354553223,0.0
-0.017389733344316483,5.79367733001709,0.0
2.6315975189208984,6.045890808105469,0.0
7.177152156829834,2.7703981399536133,0.0
0.7810214161872864,3.0436134338378906,0.0
4.490344047546387,6.280442237854004,0.0
0.266082227230072,6.417875289916992,2.0012032985687256
7.236949443817139,4.7278618812561035,0.0
8.42847728729248,4.988326072692871,0.0
2.741135358810425,8.462165832519531,0.0
1.8067779541015625,1.0795584917068481,0.0
3.8273508548736572,5.609792232513428,2.8362302780151367
6.4117045402526855,3.074977159500122,0.0
8.813285827636719,5.2669525146484375,0.0
5.354815483093262,3.451047897338867,0.0
3.598844289779663,2.119539260864258,0.0
6.264134407043457,3.4099862575531006,0.0
1.387166142463684,4.8705620765686035,0.0
1.4381721019744873,3.6847028732299805,0.0
7.967918872833252,4.314792156219482,0.0
9.051846504211426,4.991924285888672,0.0
7.561167240142822,3.071174383163452,0.0
7.461599349975586,3.4000885486602783,0.0
7.750988483428955,2.9174208641052246,0.0
8.575968742370605,3.9534850120544434,0.0
0.9399641752243042,2.6886680126190186,0.0
9.055880546569824,6.132145881652832,0.0
5.922524929046631,3.313483476638794,0.0
-2.9542033672332764,6.9366960525512695,0.0
2.703925609588623,4.049291133880615,0.0
-0.8998803496360779,1.6555554866790771,0.0
-1.0244851112365723,2.92818021774292,0.0
9.806581497192383,4.407271862030029,0.0
1.1699905395507812,3.1451163291931152,2.662587881088257
6.772144317626953,3.470844030380249,0.0
8.301352500915527,5.1140289306640625,0.0
-4.194925308227539,4.016683578491211,0.0
8.376747131347656,5.088015079498291,0.0
1.5512893199920654,4.7672834396362305,0.0
4.703218460083008,3.182802677154541,0.0
2.346935510635376,0.26476767659187317,0.0
7.7110595703125,4.196810722351074,0.0
3.347047805786133,7.6431965827941895,0.0
0.15432113409042358,0.5569097399711609,1.491181492805481
6.187745571136475,3.068591594696045,0.0
0.6398817300796509,3.547764539718628,0.0
3.2547030448913574,6.070456027984619,0.0
3.211169958114624,0.44986942410469055,0.0
7.350675106048584,2.8598759174346924,0.0
9.608551979064941,3.7839300632476807,0.0
7.783647060394287,3.7451682090759277,2.3983497619628906
7.37360143661499,4.064894199371338,0.0
9.296562194824219,3.954457998275757,0.0
0.9642274975776672,7.878843784332275,0.0
8.205134391784668,3.318999767303467,0.0
-1.1521971225738525,1.6839021444320679,0.0
1.0239201784133911,8.3131103515625,0.0
1.5778130292892456,8.12690258026123,0.0
2.78391432762146,4.156209468841553,0.0
-3.804227590560913,6.35955286026001,0.0
0.885499894618988,6.306893825531006,2.5586953163146973
1.4385496377944946,2.1805052757263184,0.0
4.582171440124512,4.800636291503906,2.728923797607422
-0.257731556892395,6.182326316833496,0.0
3.644990921020508,2.144354820251465,0.0
8.57484245300293,5.113361358642578,0.0
-1.291801929473877,0.7734963893890381,0.0
2.9018023014068604,-0.9602190256118774,0.0
8.805707931518555,4.084401607513428,0.0
0.4395731985569,1.8853983879089355,0.0
0.4098666310310364,3.771697759628296,0.0
3.968139410018921,3.6826891899108887,2.4246842861175537
-1.0840517282485962,3.526305913925171,0.0
-0.8793496489524841,3.07086181640625,0.0
1.4690181016921997,2.918611526489258,0.0
4.351867198944092,5.599460124969482,0.0
5.116641521453857,3.6578404903411865,0.0
1.6500482559204102,2.432610034942627,0.0
-1.822973608970642,1.648791790008545,0.0
1.7898993492126465,6.652596950531006,0.0
3.154853343963623,7.01766300201416,2.6539487838745117
1.0939795970916748,3.1614532470703125,0.0
8.537278175354004,3.7900032997131348,0.0
0.8819295167922974,6.732859134674072,0.0
6.413281440734863,4.903417110443115,0.0
2.3245058059692383,7.111900806427002,0.0
2.180988073348999,3.1795451641082764,0.0
2.629739761352539,8.401070594787598,0.0
3.2190186977386475,6.767739295959473,2.4427123069763184
3.381948709487915,6.292594909667969,0.0
2.0491480827331543,4.331400394439697,0.0
2.37753963470459,4.619418621063232,0.0
5.605776309967041,3.60606050491333,0.0
8.555699348449707,6.1871466636657715,1.7845048904418945
-1.193986415863037,1.079749345779419,0.0
-0.5442607998847961,3.3279197216033936,0.0
0.9456763863563538,1.4790472984313965,0.0
7.80756950378418,3.8225111961364746,0.0
0.7191609740257263,1.9504724740982056,0.0
8.04311752319336,4.343612194061279,0.0
7.384213447570801,3.158041000366211,1.2173197269439697
8.482413291931152,5.297674655914307,0.0
6.849473476409912,3.958533763885498,0.0
2.1596295833587646,6.103018760681152,2.3124544620513916
4.201848030090332,4.378363132476807,0.0
-3.2905454635620117,6.5745697021484375,0.0
4.013068675994873,4.893669605255127,0.0
3.7909018993377686,5.134365081787109,0.0
3.7427046298980713,3.9321823120117188,0.0
-0.2237694412469864,6.986043453216553,0.0
0.9898965358734131,3.114881753921509,0.0
4.830609321594238,3.448565721511841,1.1996965408325195
7.2487711906433105,4.2658891677856445,0.0
7.205609321594238,2.8014297485351562,0.0
2.4682953357696533,8.72751235961914,1.4701950550079346
5.042657375335693,4.2437639236450195,0.0
9.293254852294922,5.186497688293457,0.9048065543174744
-0.538602888584137,3.1043636798858643,0.0
2.6064231395721436,-0.0014145940076559782,0.0
6.184928894042969,3.259795665740967,0.0
-3.3872036933898926,8.324353218078613,0.0
2.34942364692688,7.482310771942139,0.0
7.481827259063721,5.515433311462402,0.0
9.811081886291504,6.238410949707031,0.0
8.745011329650879,4.651742458343506,0.0
-0.43719130754470825,2.3943870067596436,0.0
5.810077667236328,3.204819917678833,0.0
8.854127883911133,3.181605815887451,1.2892862558364868
3.1393017768859863,4.339406967163086,2.449453115463257
-3.151852607727051,6.094324111938477,0.0
2.304278612136841,2.6312410831451416,0.0
2.6135292053222656,7.181941032409668,0.0
3.4029324054718018,5.735507011413574,0.0
-0.017426421865820885,7.769152641296387,0.0
0.9023885130882263,1.6480680704116821,0.0
4.712602138519287,3.6252965927124023,0.0
5.075902938842773,3.5720651149749756,0.0
8.36763858795166,3.5102357864379883,0.0
7.724276065826416,3.381452798843384,0.0
-2.7038962841033936,8.103940963745117,0.0
0.0852925032377243,7.925948619842529,0.0
-0.0864558070898056,7.017661094665527,0.0
3.3445885181427,6.785518169403076,0.0
9.23449993133545,3.7652456760406494,0.0
-0.1446915864944458,4.390007972717285,0.0
3.6529548168182373,1.1995172500610352,0.0
6.925727844238281,4.1331257820129395,0.8206344842910767
7.07377290725708,5.218657493591309,0.0
-1.099932074546814,2.596027374267578,0.0
-0.2561853229999542,3.129655361175537,0.0
7.819315433502197,3.4012064933776855,0.0
8.168971061706543,5.435482978820801,0.0
5.439563274383545,3.4790992736816406,0.0
8.290362358093262,3.9863874912261963,0.0
3.5333261489868164,5.825308322906494,0.0
0.91376793384552,1.44072425365448,0.0
2.0197556018829346,3.084986686706543,0.0
4.147235870361328,2.495237112045288,0.0
0.8892675042152405,-0.7090551257133484,0.0
7.329134464263916,3.760146141052246,0.0
7.632694244384766,4.421357154846191,0.0
-0.08567684888839722,6.963779449462891,0.0
5.823227405548096,3.887559175491333,0.0
1.8477164506912231,3.790538787841797,0.0
-0.8803185224533081,3.0271778106689453,0.0
-2.361677646636963,2.4670770168304443,0.0
-0.16362735629081726,2.072413206100464,0.0
9.4119234085083,5.24422025680542,0.0
4.293128967285156,4.814855098724365,0.0
3.090160608291626,6.875956058502197,0.0
-1.1690274477005005,8.434072494506836,0.0
0.030924472957849503,2.4769928455352783,0.0
5.4560160636901855,3.6288626194000244,0.0
-2.962765693664551,2.372695207595825,0.0
6.893429756164551,3.360107421875,0.0
2.9796056747436523,6.3520331382751465,0.0
9.316330909729004,3.499216318130493,0.0
9.023283958435059,4.935915470123291,0.0
4.073838710784912,2.1337168216705322,0.0
8.55579948425293,4.499424934387207,0.0
2.286970376968384,0.5872251391410828,0.0
2.9505248069763184,4.678245544433594,0.0
0.9850738644599915,8.671011924743652,0.0
8.598267555236816,5.25102424621582,0.0
5.674689292907715,3.1413826942443848,0.0
1.8276361227035522,2.569977283477783,2.8182806968688965
4.154804229736328,4.9202752113342285,0.0
7.955846786499023,3.6116416454315186,0.0
6.773111343383789,4.484892845153809,0.0
2.911655902862549,7.007939338684082,0.0
9.831025123596191,4.03188419342041,0.0
7.987213611602783,5.320871353149414,0.0
0.9505529403686523,4.099414348602295,0.0
0.422160267829895,2.3535611629486084,0.0
0.3478049337863922,2.356400728225708,0.0
3.618736505508423,4.572231769561768,0.0
3.649797201156616,6.226305961608887,0.0
-0.7412236928939819,2.275670051574707,0.0
2.776697874069214,2.5993664264678955,0.0
7.303617000579834,5.808530330657959,0.0
0.47906675934791565,6.992739677429199,0.0
1.8954575061798096,2.6446897983551025,0.0
8.049511909484863,5.776458740234375,0.0
8.120707511901855,5.353421688079834,0.0
0.1420719474554062,6.706950664520264,2.6539487838745117
5.843981742858887,4.826640605926514,0.0
7.7386155128479,3.836700201034546,0.0
1.9768952131271362,2.755915403366089,0.0
1.449792742729187,2.1192431449890137,0.0
6.177640438079834,3.7748448848724365,0.0
1.9644376039505005,1.148890495300293,0.0
6.237430095672607,3.1457648277282715,0.0
1.659443974494934,8.943683624267578,0.0
7.853485107421875,4.442052841186523,0.5610445141792297
4.730700969696045,5.372345924377441,2.7336199283599854
-0.5784445405006409,1.7678524255752563,0.0
2.1543593406677246,6.79389762878418,2.5095534324645996
0.7324680685997009,7.93595027923584,0.0
1.976929783821106,-0.4617289900779724,0.0
4.243128776550293,5.3744587898254395,2.620227813720703
-1.054492712020874,4.315422058105469,0.0
3.103121757507324,5.141890525817871,3.236711025238037
3.9946277141571045,7.523128509521484,0.0
1.4872156381607056,8.335579872131348,0.0
9.091906547546387,3.9719624519348145,2.2274155616760254
0.7551096677780151,5.896821975708008,0.0
5.016818046569824,3.581786870956421,0.0
3.2287051677703857,5.333033084869385,2.915173053741455
4.04434871673584,6.893094062805176,0.0
9.319269180297852,4.921950817108154,0.0
3.55657958984375,5.390813827514648,0.0
0.9699156284332275,7.946400165557861,0.0
6.325773239135742,3.0605790615081787,0.0
4.3752288818359375,4.627587795257568,2.207962989807129
7.538814544677734,2.9944980144500732,0.0
7.840092182159424,3.028733730316162,0.0
6.702094554901123,3.9856128692626953,1.7085219621658325
-1.1710216999053955,2.4312777519226074,0.0
3.301907539367676,6.095215320587158,0.0
8.663451194763184,4.266656398773193,0.9338955283164978
9.26209545135498,3.7186167240142822,0.0
2.3831915855407715,0.7191751599311829,0.0
4.391738414764404,5.066296100616455,0.0
8.290107727050781,5.319271087646484,0.0
-0.9703089594841003,3.0705740451812744,0.0
2.718409299850464,3.1506364345550537,0.0
0.9379229545593262,1.6144466400146484,0.0
3.2258639335632324,3.5308592319488525,0.0
1.78997004032135,5.587308406829834,0.0
-0.6849971413612366,7.27895975112915,0.0
1.8265928030014038,3.492365598678589,0.0
9.097487449645996,5.119658470153809,0.0
2.2828495502471924,3.0097198486328125,0.0
1.0793863534927368,3.198594093322754,0.0
9.398653030395508,5.241946697235107,0.0
-1.1306867599487305,5.315767765045166,0.0
7.0969014167785645,3.532649517059326,0.0
7.435414791107178,2.879854440689087,0.0
2.9885127544403076,3.05297589302063,0.0
5.1319146156311035,6.485259532928467,1.862636685371399
-0.04072585701942444,8.28762149810791,0.0
2.6563150882720947,3.7221837043762207,0.0
-0.2023998647928238,8.44772720336914,0.0
2.1495563983917236,4.457536220550537,0.0
1.5560797452926636,6.030149459838867,0.0
-0.10309216380119324,2.3075764179229736,0.0
2.4814279079437256,2.9461753368377686,0.0
1.0960944890975952,6.424473762512207,0.0
8.84644603729248,6.0880351066589355,0.0
-0.03170409053564072,2.670788288116455,0.0
-0.39915382862091064,2.5714364051818848,0.0
-0.20714931190013885,3.660048007965088,0.0
-0.14782322943210602,8.987604141235352,0.0
4.832960605621338,5.489120006561279,0.0
5.654061794281006,3.335386037826538,0.0
3.7246410846710205,2.597311019897461,0.0
6.739568710327148,5.120657920837402,0.0
-1.28211510181427,3.9489243030548096,0.0
1.0541188716888428,9.323673248291016,0.0
0.5847615003585815,8.075182914733887,0.0
4.232381343841553,5.745339870452881,0.0
2.6664621829986572,-0.13624945282936096,0.0
9.259587287902832,6.04738712310791,0.0
8.784086227416992,4.803136348724365,1.8663227558135986
8.931864738464355,5.931490421295166,0.0
5.687516212463379,3.449873685836792,0.0
2.1052489280700684,4.046808242797852,2.0157268047332764
7.466395854949951,5.061855792999268,2.4470393657684326
1.0519592761993408,8.947107315063477,0.0
2.1014516353607178,4.821089744567871,0.0
6.3023505210876465,3.1130402088165283,0.0
-0.4875811040401459,2.727071523666382,0.0
0.6314781904220581,8.41694450378418,0.0
1.4095268249511719,5.14688777923584,2.384369373321533
-2.8162801265716553,6.07681131362915,0.0
6.343582630157471,4.826368808746338,0.0
6.469482421875,4.707077503204346,0.0
0.2684224545955658,9.037020683288574,0.0
1.3385846614837646,6.968590259552002,0.0
1.0590983629226685,6.584969997406006,0.0
0.9192015528678894,8.580718994140625,0.0
7.532939434051514,2.7015151977539062,0.0
9.082610130310059,4.512791633605957,0.0
2.3857810497283936,0.9845654964447021,0.0
7.444779396057129,4.765530109405518,1.8426896333694458
-2.2958099842071533,6.267834186553955,0.0
7.650484085083008,5.4105682373046875,0.0
9.116928100585938,4.119533061981201,0.0
1.596498966217041,-0.4157959520816803,0.0
3.930429458618164,6.371911525726318,0.0
4.286678314208984,5.949355125427246,2.9226317405700684
0.7406335473060608,5.61042594909668,0.0
1.4481924772262573,6.970794677734375,0.0
2.9968717098236084,5.796943187713623,0.0
8.414051055908203,4.6880598068237305,0.0
4.456500053405762,5.004124641418457,1.9534912109375
0.34468668699264526,2.794933557510376,0.0
0.6944068074226379,2.613504409790039,0.0
4.813522815704346,6.249194145202637,0.0
-0.6757723689079285,2.195296049118042,0.0
4.919127941131592,6.44904088973999,0.0
9.107605934143066,6.146771430969238,0.0
0.6505980491638184,1.9271483421325684,0.0
0.4033738076686859,6.242896556854248,0.0
1.9637629985809326,5.198789596557617,0.0
2.914219379425049,-1.4273298978805542,0.0
2.1661033630371094,2.9174325466156006,0.0
6.404457092285156,2.9892451763153076,2.3510587215423584
3.6068737506866455,5.1572160720825195,2.3306915760040283
-3.636673927307129,6.216708660125732,0.0
9.7315673828125,5.810827732086182,1.3021994829177856
2.077932357788086,-0.5633050203323364,0.0
7.076654434204102,4.975090026855469,0.0
3.9556641578674316,4.701206207275391,0.0
4.115123748779297,3.5418343544006348,0.0
8.618331909179688,5.156524658203125,0.0
8.373109817504883,3.9059090614318848,0.0
9.57119369506836,4.5751423835754395,0.0
7.892032623291016,2.9953815937042236,0.0
-0.02778315544128418,7.083079814910889,0.0
7.216960430145264,5.456846237182617,0.0
-0.9982834458351135,2.923828125,0.0
3.806401491165161,6.545320987701416,0.0
2.60495662689209,3.8641393184661865,0.0
1.8956000804901123,1.9690864086151123,0.0
5.390544414520264,3.3312230110168457,0.0
-0.7465989589691162,2.860766649246216,0.0
1.1112523078918457,8.098331451416016,0.0
0.6131094098091125,1.4518975019454956,0.0
2.480449676513672,6.377870559692383,0.0
3.530062675476074,4.6313910484313965,0.0
0.05601242184638977,4.442647457122803,0.0
3.99678635597229,5.051044464111328,0.0
3.8320658206939697,4.9933085441589355,0.0
3.7756614685058594,7.3700103759765625,0.0
4.244244575500488,5.942083835601807,0.0
7.010307788848877,3.5793075561523438,0.0
3.5559518337249756,1.1075187921524048,0.0
4.048544883728027,4.311905860900879,2.479971170425415
2.6829490661621094,2.991921901702881,0.0
2.6276402473449707,6.1935272216796875,0.0
2.873469352722168,4.655848503112793,0.0
0.5108784437179565,2.432307481765747,0.0
-3.7091917991638184,6.155412197113037,0.0
0.7765424847602844,2.5066041946411133,0.0
-1.2024129629135132,1.9333308935165405,0.0
0.2980235517024994,8.734868049621582,0.0
8.97676944732666,3.073871374130249,0.0
8.414868354797363,4.341525077819824,0.0
-1.8887369632720947,4.045238018035889,0.0
8.933915138244629,4.966128349304199,0.0
6.148135185241699,3.3393471240997314,0.0
0.540235161781311,7.714883327484131,2.24332332611084
9.691201210021973,5.93483829498291,0.0
0.5811391472816467,2.537665605545044,0.0
-2.181443691253662,2.4714596271514893,0.0
1.723423957824707,8.848078727722168,0.0
4.423098564147949,5.395700454711914,0.0
0.43592706322669983,2.525758981704712,0.0
-2.2822265625,9.653214454650879,0.0
7.413887023925781,3.2266509532928467,0.0
3.7527027130126953,6.253188133239746,0.0
0.9980577826499939,5.393855571746826,0.0
-4.744759559631348,4.015862464904785,0.0
5.128154277801514,3.7440571784973145,0.0
2.895886182785034,1.319270372390747,0.0
2.958035707473755,-0.3093166947364807,0.0
1.2151728868484497,1.9890025854110718,0.0
8.520045280456543,4.531434535980225,0.0
9.241535186767578,4.347378253936768,0.0
2.1858415603637695,6.557518005371094,0.0
2.4401967525482178,5.065874099731445,0.0
4.467286109924316,5.437784194946289,0.0
0.38836613297462463,3.2358200550079346,0.0
9.11334228515625,4.901883125305176,0.0
4.695908546447754,5.581705093383789,0.0
3.123047351837158,2.687178611755371,0.0
9.418774604797363,4.016447067260742,0.0
1.1284908056259155,3.3255646228790283,2.7110419273376465
2.076993465423584,2.590651512145996,0.0
7.578462600708008,4.360522270202637,0.0
-0.05821669101715088,9.917722702026367,0.0
8.366646766662598,3.9176459312438965,0.0
8.985008239746094,4.518518447875977,1.8672471046447754
8.009721755981445,2.9374663829803467,0.0
-1.7780200242996216,7.351684093475342,0.0
-2.3832449913024902,0.5758988261222839,0.0
9.152523040771484,5.274228096008301,0.0
2.135509967803955,3.9586193561553955,0.0
8.163349151611328,4.643693447113037,0.0
-1.4726781845092773,2.0373759269714355,0.0
5.296056747436523,3.693362236022949,0.0
-0.6079472899436951,2.3530850410461426,0.0
-0.1579379290342331,3.990722417831421,0.0
0.7195239067077637,2.911468744277954,0.0
8.05749797821045,5.434619903564453,0.0
9.334930419921875,5.0273518562316895,0.0
7.399012088775635,3.1131227016448975,0.0
-0.4438905715942383,3.3422164916992188,0.0
1.1665122509002686,8.69839859008789,0.0
-0.8623397350311279,2.951683521270752,3.001737117767334
0.48940226435661316,6.702241897583008,0.0
7.076321125030518,2.8256618976593018,0.0
3.315877676010132,4.190115928649902,0.0
1.5924683809280396,3.852503538131714,0.0
7.911196708679199,5.722904682159424,1.9860470294952393
7.1066718101501465,3.1602509021759033,0.0
6.6598358154296875,3.110137462615967,0.0
2.7594189643859863,2.8138363361358643,0.0
4.835729598999023,6.478574752807617,0.0
2.0423712730407715,5.84883975982666,0.0
-1.5477200746536255,3.1382720470428467,0.0
7.487827777862549,3.1054930686950684,0.0
2.8220856189727783,4.1685261726379395,0.0
2.284292459487915,2.3715178966522217,0.0
-0.3033319413661957,2.5399255752563477,0.0
3.0045080184936523,6.549355983734131,0.0
8.840499877929688,3.09438157081604,1.869795322418213
9.478106498718262,3.61515736579895,0.0
9.2489595413208,5.885156154632568,0.0
7.261993408203125,4.620810508728027,0.0
7.412103652954102,5.383939743041992,0.0
4.754711151123047,5.2994465827941895,0.0
9.01980209350586,3.643479824066162,0.0
0.6746234893798828,3.9865405559539795,0.0
4.167776107788086,4.640660762786865,0.0
3.9127092361450195,2.0788767337799072,0.0
3.8726260662078857,3.414482355117798,0.0
0.28530046343803406,8.097389221191406,0.0
2.017580270767212,6.907481670379639,0.0
1.2435156106948853,4.076523303985596,0.0
2.0591602325439453,2.4392755031585693,0.0
8.647135734558105,3.5564568042755127,0.0
1.720888614654541,3.304382562637329,0.0
3.6775872707366943,4.61707067489624,0.0
-4.274083137512207,3.9211950302124023,0.0
-0.8360722064971924,4.294683933258057,0.0
7.399100303649902,5.537599563598633,1.4882540702819824
-0.9923474192619324,6.03406286239624,0.0
4.1029276847839355,5.6467742919921875,2.242570400238037
9.332649230957031,4.528646469116211,0.0
-0.5738419890403748,1.1055896282196045,0.0
1.3299697637557983,8.537550926208496,0.0
2.146672248840332,6.513296127319336,0.0
-2.442972421646118,7.797420978546143,0.0
7.383716106414795,5.183428764343262,0.0
2.1288511753082275,2.1148931980133057,0.0
7.543999671936035,5.501243591308594,0.0
2.20688533782959,3.915851354598999,0.0
5.485645294189453,3.140223264694214,0.0
9.203910827636719,4.562145709991455,0.0
-0.12108343094587326,1.83746337890625,0.0
2.9943292140960693,4.292037010192871,0.0
7.193383693695068,5.562712669372559,0.0
7.230907440185547,3.316516876220703,0.0
1.180933952331543,8.717421531677246,0.0
8.946357727050781,3.5027480125427246,0.0
6.023532390594482,3.2951951026916504,0.0
3.214292526245117,0.5430462956428528,0.0
1.854066014289856,0.5789532661437988,0.0
2.4585952758789062,5.808884620666504,0.0
-0.6419781446456909,5.493135452270508,0.0
1.9469003677368164,2.3073980808258057,0.0
1.679064154624939,3.2424118518829346,0.0
8.005407333374023,3.7448065280914307,0.0
1.6241834163665771,6.018946647644043,0.0
-4.290842533111572,3.4877426624298096,0.0
-1.2405651807785034,3.5206398963928223,0.0
1.0216416120529175,1.8764945268630981,0.0
4.632055282592773,3.550161361694336,0.0
1.320736050605774,7.531609058380127,0.0
2.5380845069885254,4.747889041900635,3.1103355884552
-1.396393060684204,8.381226539611816,0.0
-1.2500783205032349,3.6574716567993164,0.0
1.38869309425354,4.85822868347168,0.0
7.782016754150391,5.278631687164307,1.6021182537078857
-0.5627782940864563,7.01558780670166,0.0
2.1672396659851074,2.4231929779052734,0.0
-4.3415207862854,2.233116388320923,0.0
1.0510923862457275,2.9860024452209473,0.0
2.981980323791504,3.5992958545684814,2.0990231037139893
2.6869866847991943,6.604715824127197,0.0
0.009862537495791912,6.125677108764648,0.0
4.084925651550293,5.895296096801758,0.0
6.7523369789123535,5.280918598175049,0.0
7.838059902191162,5.6429901123046875,0.0
3.7977962493896484,3.1149988174438477,0.0
-2.7793381214141846,0.9781962633132935,0.0
8.5111665725708,3.5480384826660156,0.0
7.661663055419922,4.306971549987793,0.0
3.323568820953369,6.919177055358887,0.0
4.408876419067383,6.418189525604248,2.7934584617614746
6.873751163482666,4.829070568084717,0.0
0.5361970663070679,9.00944709777832,0.0
4.048987865447998,4.946876525878906,1.8103317022323608
-0.26141518354415894,3.6622626781463623,0.0
-0.35607004165649414,2.537776470184326,0.0
-2.2008039951324463,3.034332752227783,0.0
5.163298606872559,4.663628101348877,0.0
1.5478224754333496,3.0257210731506348,0.0
5.466102600097656,3.2488884925842285,0.0
4.208661079406738,2.8561267852783203,0.0
7.474695682525635,3.679056167602539,0.0
8.12614917755127,5.594845771789551,1.7278532981872559
1.4086428880691528,1.8113470077514648,0.0
2.891489028930664,8.522221565246582,0.0
1.801256537437439,8.52802562713623,0.0
3.764618396759033,4.600597858428955,0.0
-1.251106858253479,2.7096505165100098,0.0
2.755152463912964,8.516093254089355,0.0
7.3036041259765625,2.7966628074645996,0.0
6.0787787437438965,3.3293488025665283,0.0
0.0186784565448761,8.413662910461426,0.0
1.879148244857788,7.004733085632324,0.0
1.3061400651931763,3.6494016647338867,0.0
-2.3905515670776367,7.542905807495117,0.0
2.519768476486206,2.8003416061401367,0.0
-1.296433448791504,2.8786611557006836,0.0
2.4207589626312256,7.321477890014648,0.0
0.320163756608963,4.519554138183594,0.0
0.5699547529220581,1.9197425842285156,0.0
1.8626359701156616,2.065865993499756,0.0
2.341647148132324,4.597289085388184,0.0
5.893767356872559,4.691467761993408,0.0
8.707573890686035,6.2142014503479,0.0
1.1971734762191772,-0.005998116917908192,0.0
3.8018665313720703,7.20565938949585,2.1278090476989746
4.635924816131592,6.478711128234863,2.602689743041992
4.320704460144043,6.253113746643066,0.0
7.925055980682373,5.289402008056641,0.0
3.7080600261688232,7.0153656005859375,0.0
3.270214557647705,4.345378398895264,2.536980628967285
5.434601783752441,3.349764108657837,0.0
1.2294589281082153,2.6609647274017334,0.0
8.078897476196289,4.011508464813232,0.0
0.09007590264081955,1.158352017402649,0.0
2.2432985305786133,3.5768637657165527,0.0
8.596283912658691,3.990502119064331,0.0
8.968762397766113,3.425685405731201,0.0
9.187746047973633,4.362553596496582,1.121387004852295
1.505851149559021,-0.03882336989045143,0.0
-0.9308400750160217,8.104249954223633,0.0
-0.6002506017684937,3.1318960189819336,0.0
-2.9020307064056396,7.227389812469482,0.0
-0.4875883460044861,3.157968282699585,0.0
1.0451414585113525,2.480677604675293,0.0
1.0552314519882202,5.2838287353515625,0.0
7.01238489151001,2.9172427654266357,0.0
6.246136665344238,4.981382846832275,0.0
1.6308640241622925,1.8181805610656738,0.0
1.9556047916412354,2.7651004791259766,2.8685405254364014
9.234577178955078,4.936279773712158,1.562203288078308
8.432965278625488,4.697712421417236,0.0
6.171873569488525,3.275717258453369,0.0
9.19611930847168,5.73964786529541,0.0
-3.4435746669769287,2.019421100616455,0.0
1.9546699523925781,2.7532687187194824,0.0
8.10932445526123,3.051762104034424,0.0
3.5732054710388184,3.073821783065796,0.0
7.700847625732422,3.7552883625030518,0.0
3.05458664894104,5.514824867248535,0.0
7.368110656738281,3.1233837604522705,0.0
-0.1447117179632187,3.2682764530181885,0.0
2.7032346725463867,4.2038092613220215,0.0
2.535095453262329,4.832230091094971,0.0
9.74680233001709,6.124001502990723,0.0
1.320239782333374,3.7862353324890137,0.0
2.7707204818725586,2.85021710395813,0.0
0.7202416062355042,2.6250698566436768,0.0
6.878623962402344,4.087682723999023,0.0
2.4189624786376953,4.7833075523376465,2.2795140743255615
6.5834269523620605,3.324237823486328,0.0
6.772595405578613,2.550339460372925,0.0
7.133025646209717,3.258985757827759,0.0
2.456505060195923,6.308505535125732,0.0
7.7656073570251465,4.383225917816162,0.0
8.425962448120117,5.428772449493408,1.5607154369354248
-3.085935115814209,2.9079556465148926,0.0
6.650135517120361,4.583411693572998,0.0
-0.9953323006629944,2.0357565879821777,0.0
-0.9739424586296082,2.232992172241211,0.0
0.49470871686935425,2.3263399600982666,0.0
1.5914342403411865,7.986152172088623,0.0
3.1703057289123535,6.6151347160339355,0.0
8.996149063110352,6.06825065612793,0.0
-0.489155113697052,6.405462265014648,0.0
6.0299482345581055,3.207458734512329,0.0
7.61236047744751,5.585829257965088,0.0
2.869313955307007,4.604713439941406,0.0
1.8017809391021729,2.2914297580718994,0.0
-1.4092793464660645,2.664533853530884,0.0
8.927577018737793,4.594263553619385,0.0
2.9486591815948486,2.7921156883239746,0.0
3.318042516708374,4.949174880981445,1.9375568628311157
0.8656960129737854,2.9710259437561035,0.0
-1.1590125560760498,7.65022087097168,2.2470974922180176
0.7133225202560425,8.467247009277344,0.0
6.729543685913086,3.580996513366699,0.0
-0.780422568321228,2.4419636726379395,0.0
7.873401641845703,4.288730621337891,0.0
5.989043235778809,3.835495948791504,0.0
6.6673994064331055,2.636868715286255,0.0
1.2732658386230469,6.1291046142578125,0.0
8.088887214660645,5.488094329833984,0.0
-0.9591193199157715,5.313229560852051,0.0
1.15680992603302,7.421523571014404,0.0
-0.8938074707984924,5.582573890686035,0.0
5.52974796295166,3.3299858570098877,0.0
-1.269156575202942,0.7768445014953613,0.0
2.2740821838378906,7.172665119171143,0.0
1.4531131982803345,2.1259515285491943,0.0
2.8126325607299805,3.266832113265991,0.0
-2.026623249053955,1.6683735847473145,0.0
8.141135215759277,4.377162933349609,0.0
8.04832935333252,3.1520309448242188,0.0
8.47233772277832,4.108693599700928,0.0
-0.12330551445484161,1.7004284858703613,0.0
3.1424429416656494,7.459867477416992,0.0
6.603971481323242,5.112128257751465,0.0
7.855493068695068,4.047060966491699,0.0
9.26192569732666,3.4871857166290283,1.6537500619888306
1.362318992614746,4.958096504211426,2.586636543273926
2.618994951248169,5.534122467041016,0.0
4.538841724395752,3.5006723403930664,0.0
9.540876388549805,3.946528911590576,1.703726053237915
3.6090004444122314,4.4617438316345215,0.0
3.3558285236358643,4.381434440612793,3.9855875968933105
7.7006144523620605,4.296947956085205,0.0
4.339474678039551,4.340591907501221,1.6517022848129272
2.0883774757385254,3.5107786655426025,0.0
-1.7723013162612915,8.406514167785645,0.0
1.0473936796188354,2.847510814666748,0.0
1.2796800136566162,2.201014280319214,0.0
7.266362190246582,3.1860151290893555,1.3565243482589722
7.0020751953125,4.857570648193359,0.0
-0.3775511085987091,2.041957378387451,0.0
2.908763885498047,6.348586559295654,0.0
7.968181610107422,3.6175451278686523,0.0
6.667332649230957,5.274903297424316,0.0
9.258296012878418,3.4553771018981934,0.0
6.4191107749938965,3.818492889404297,0.0
2.6300301551818848,6.6414265632629395,2.288222074508667
3.981788158416748,3.9797544479370117,2.503347635269165
7.820317268371582,5.236479759216309,2.338270425796509
1.211043119430542,7.347597599029541,0.0
-0.12962573766708374,5.4852800369262695,0.0
2.4180614948272705,7.708934783935547,0.0
-2.1146626472473145,5.331737995147705,0.0
8.507793426513672,5.078150749206543,1.2381362915039062
2.550240993499756,7.888322353363037,0.0
7.202144145965576,3.997742176055908,0.0
9.89996337890625,6.341038227081299,0.0
7.374173164367676,3.1223957538604736,0.0
1.860734224319458,1.9909645318984985,0.0
0.23553889989852905,3.0425543785095215,0.0
2.1461851596832275,1.4974445104599,0.0
4.425448417663574,5.080949783325195,0.0
4.515196323394775,6.318113327026367,0.0
3.2170355319976807,5.841492652893066,2.7637271881103516
2.595381498336792,2.577650308609009,0.0
3.2123708724975586,4.844076633453369,0.0
-1.3117611408233643,4.067739486694336,0.0
-3.8328585624694824,3.5154449939727783,0.0
3.4785680770874023,5.926103115081787,0.0
2.034059524536133,3.7938833236694336,0.0
-0.06065019592642784,2.394376754760742,0.0
2.826037645339966,6.5090179443359375,0.0
1.5645498037338257,3.6084282398223877,0.0
8.185978889465332,5.437756538391113,0.0
1.3370373249053955,7.706014156341553,0.0
5.504667282104492,4.15373420715332,2.2115745544433594
8.285767555236816,3.7154366970062256,0.0
7.850683689117432,3.735464096069336,0.0
-1.436694860458374,2.875377655029297,0.0
6.0456719398498535,3.4982998371124268,0.0
4.113464832305908,5.747351169586182,0.0
6.950021266937256,5.221269130706787,0.0
-3.6354875564575195,4.368551731109619,0.0
7.576975345611572,4.268544673919678,0.0
-2.8316540718078613,4.5769548416137695,2.985530138015747
6.892418384552002,3.7796528339385986,0.0
4.075375080108643,3.297391653060913,0.0
1.9636404514312744,7.208514213562012,0.0
7.169693470001221,3.5728578567504883,0.0
8.54744815826416,5.639804840087891,0.0
1.3559714555740356,1.3916547298431396,0.0
3.29488468170166,3.9994559288024902,0.0
8.488964080810547,3.3268375396728516,0.0
-0.04197212681174278,2.6451799869537354,0.0
0.0871027410030365,2.578951835632324,0.0
0.8395243883132935,3.5896754264831543,0.0
8.1859769821167,3.3590123653411865,0.0
1.829770565032959,8.04903507232666,0.0
7.767614364624023,4.263803958892822,0.0
1.3664121627807617,7.786373615264893,0.0
2.4561660289764404,3.7440648078918457,0.0
1.3924288749694824,2.0435075759887695,0.0
-0.38841718435287476,8.084348678588867,0.0
1.930641531944275,6.311921119689941,0.0
8.633783340454102,3.820094108581543,0.0
-1.2870044708251953,2.4520602226257324,0.0
8.87873363494873,3.187845230102539,0.0
3.287940740585327,7.064741134643555,0.0
0.9287817478179932,3.4463613033294678,0.0
1.093754529953003,2.642941474914551,0.0
2.506474733352661,-0.6993361711502075,0.0
7.153584957122803,3.555781126022339,0.0
0.7005618214607239,2.0999515056610107,0.0
-1.738223910331726,5.2876129150390625,0.0
6.37164306640625,3.739459753036499,0.0
6.496335506439209,4.082979679107666,0.0
-2.6352992057800293,2.655198812484741,0.0
3.9398744106292725,5.142193794250488,0.0
3.3858556747436523,0.4080791771411896,0.0
8.387674331665039,4.374284267425537,0.0
3.0873658657073975,5.613092422485352,0.0
2.2459919452667236,2.968493938446045,0.0
8.341984748840332,4.435816287994385,0.0
-0.9787657260894775,6.69520902633667,0.0
2.870286464691162,2.0808145999908447,2.751972198486328
0.6441138386726379,0.3934875726699829,0.0
1.2993402481079102,2.769707202911377,0.0
3.780949115753174,4.316874027252197,1.7242467403411865
-0.33013418316841125,6.541140556335449,0.0
1.7785086631774902,7.2591166496276855,0.0
1.8666871786117554,7.2403035163879395,0.0
0.5049771070480347,2.712796926498413,0.0
6.124392509460449,3.9630489349365234,1.4158835411071777
3.951441526412964,5.049743175506592,0.0
8.296607971191406,2.7340636253356934,1.9027799367904663
8.356205940246582,4.52551794052124,0.0
3.3574180603027344,5.009211540222168,2.3391168117523193
-0.3708299994468689,1.868664026260376,0.0
6.075045108795166,2.9986798763275146,0.0
5.787050724029541,3.5045135021209717,0.0
7.9784722328186035,4.090773105621338,0.0
2.889075994491577,3.6935994625091553,0.0
8.456134796142578,5.172906875610352,1.581398367881775
7.2764763832092285,3.8435370922088623,0.0
8.812888145446777,3.1615450382232666,0.0
2.8062191009521484,4.846590518951416,0.0
6.681061267852783,2.806913137435913,0.0
0.46027204394340515,8.740987777709961,0.0
8.68139934539795,5.492377758026123,0.0
-0.3159492611885071,3.610996723175049,0.0
5.538188934326172,4.380042552947998,0.0
3.928579092025757,5.542259216308594,2.707770347595215
-1.8481526374816895,0.19979701936244965,0.0
-0.9570615887641907,6.478536605834961,0.0
8.8876371383667,6.0419793128967285,0.0
9.244485855102539,3.631294012069702,0.0
8.491366386413574,3.4141416549682617,0.0
1.6527327299118042,2.791579008102417,0.0
-2.2822227478027344,7.042529582977295,0.0
-2.016676664352417,4.270115852355957,0.0
-2.0772504806518555,1.823659896850586,0.0
-0.7030636668205261,1.935888648033142,2.9591479301452637
6.450984477996826,3.1062424182891846,0.0
4.6338982582092285,6.747661590576172,0.0
6.126007080078125,3.1037981510162354,0.0
1.8450875282287598,7.987122058868408,0.0
8.581243515014648,5.807669162750244,0.0
1.469541072845459,5.453858375549316,0.0
8.300169944763184,4.903779983520508,2.252410888671875
2.6882271766662598,3.3707327842712402,0.0
5.216875076293945,6.330229759216309,0.0
3.1138253211975098,7.458376884460449,0.0
1.6310529708862305,6.765789031982422,0.0
1.5249967575073242,7.112614154815674,0.0
8.491044998168945,4.478310585021973,1.0975468158721924
9.380032539367676,3.6588354110717773,0.0
9.268112182617188,5.946167469024658,0.0
1.4239073991775513,7.168013095855713,0.0
2.895665168762207,4.51516580581665,0.0
9.760523796081543,6.310346603393555,0.0
0.927914023399353,2.5074968338012695,0.0
-0.5385720133781433,6.609134674072266,0.0
6.675251007080078,5.345719814300537,1.469421625137329
8.545965194702148,5.914783000946045,0.0
2.049731731414795,4.438116550445557,0.0
1.3747749328613281,7.688377857208252,0.0
0.4798095226287842,-0.06776391714811325,0.0
5.584416389465332,4.433647632598877,2.4265637397766113
7.620692729949951,3.8107285499572754,0.0
3.826953887939453,4.9552717208862305,1.9984416961669922
-2.565631628036499,3.465376377105713,0.0
2.810422420501709,0.686858594417572,0.0
8.584311485290527,3.484067916870117,0.0
6.3313798904418945,4.302279949188232,0.0
8.096428871154785,4.161526203155518,0.0
7.458502292633057,5.647024631500244,3.0081191062927246
9.273344039916992,5.144263744354248,0.0
4.245920658111572,6.9460015296936035,0.0
2.037116765975952,6.667801380157471,0.0
9.043012619018555,5.376722812652588,0.0
-1.533936858177185,2.9338269233703613,0.0
6.924236297607422,3.8958587646484375,0.0
9.089298248291016,5.298410415649414,0.0
6.910626411437988,4.924858570098877,0.0
6.045022010803223,3.566941499710083,0.0
2.1271772384643555,2.4791979789733887,0.0
3.2552297115325928,6.203762531280518,0.0
3.5572896003723145,5.289289951324463,0.0
-0.8055367469787598,5.298583984375,2.408876419067383
1.2354989051818848,3.0956249237060547,0.0
0.9601286053657532,5.085016250610352,0.0
-0.6751842498779297,0.0871567651629448,0.0
1.0337227582931519,2.361402988433838,0.0
7.584356784820557,5.240632057189941,0.0
8.18779468536377,3.8691093921661377,0.0
-3.654404401779175,2.628816843032837,0.0
2.8873956203460693,6.4468183517456055,0.0
2.193039894104004,5.279162406921387,0.0
3.1865882873535156,6.379410266876221,0.0
8.639518737792969,4.789708137512207,0.0
2.802922487258911,-1.1871756315231323,0.0
8.609442710876465,3.3516693115234375,0.0
7.124619007110596,3.7371609210968018,0.0
0.13663627207279205,6.692025661468506,0.0
8.806614875793457,3.8390071392059326,1.0758100748062134
7.025034427642822,3.0888423919677734,0.0
5.076904296875,3.190049171447754,0.0
2.072470188140869,3.481431007385254,2.2866318225860596
7.602693557739258,2.763359546661377,0.0
-1.0455377101898193,2.1969690322875977,0.0
7.279574871063232,4.44084358215332,0.0
-0.1564861536026001,2.502032995223999,0.0
7.600674629211426,3.548048257827759,0.0
0.36678847670555115,2.7639291286468506,0.0
6.870056629180908,5.128451347351074,0.0
-0.36861252784729004,3.2438178062438965,0.0
9.395075798034668,4.749724388122559,0.0
3.0542781352996826,1.3195924758911133,2.7229225635528564
1.1551412343978882,3.626413583755493,0.0
9.35315227508545,5.019158840179443,0.0
8.756620407104492,3.597881555557251,0.0
-2.2173473834991455,8.751506805419922,0.0
8.720897674560547,6.037990093231201,0.0
7.930217742919922,3.2227888107299805,0.0
1.1899417638778687,4.5643391609191895,0.0
-0.4334326386451721,3.291287899017334,0.0
2.4440605640411377,8.456347465515137,0.0
4.3409810066223145,6.4407782554626465,0.0
7.394907474517822,4.575594902038574,1.3270970582962036
1.1378413438796997,8.500907897949219,0.0
2.445680856704712,-0.4066754877567291,0.0
-1.0482174158096313,9.453131675720215,0.0
6.1453423500061035,4.868755340576172,0.0
9.090243339538574,4.803249359130859,0.0
0.39218494296073914,7.4336957931518555,0.0
4.831776142120361,5.6031813621521,0.0
-1.2552841901779175,3.3062009811401367,0.0
8.848660469055176,5.448068141937256,0.0
0.708106279373169,6.9910407066345215,0.0
2.450071334838867,7.610760688781738,3.35248064994812
-0.1554456353187561,2.161891222000122,0.0
9.534146308898926,5.33638334274292,0.0
1.725725769996643,2.083696126937866,0.0
-0.18308143317699432,2.7142672538757324,0.0
2.530775547027588,-0.681410014629364,0.0
8.198403358459473,5.336928367614746,0.0
2.549833059310913,3.7006542682647705,0.0
1.510365605354309,5.581633567810059,0.0
8.651650428771973,5.975274085998535,0.0
-4.326511859893799,2.2045130729675293,0.0
9.177787780761719,3.976166009902954,0.0
0.7081924676895142,3.103986978530884,0.0
1.702553629875183,3.199019193649292,2.087798833847046
-3.802727222442627,6.613112449645996,0.0
0.48006948828697205,2.5017402172088623,0.0
2.455942392349243,3.536015510559082,0.0
7.921341419219971,5.194977283477783,0.0
0.39504706859588623,4.3248748779296875,0.0
8.698741912841797,5.303365230560303,0.0
3.2857275009155273,6.246974468231201,0.0
1.3674817085266113,-0.791962742805481,0.0
1.4185409545898438,5.120655536651611,2.652721643447876
3.507005453109741,4.580183506011963,0.0
8.694028854370117,4.22212553024292,0.0
2.0273733139038086,6.674873352050781,0.0
8.761244773864746,3.477055788040161,0.0
0.005701571702957153,8.837474822998047,0.0
2.1293509006500244,4.062465190887451,0.0
3.463228702545166,4.648706436157227,0.0
0.8685160875320435,2.304651975631714,2.8035953044891357
9.073655128479004,4.470612049102783,0.0
2.757070779800415,6.910246849060059,0.0
7.957698345184326,3.7382335662841797,0.0
5.726595401763916,4.8608222007751465,0.0
-1.8895938396453857,3.1113173961639404,0.0
1.01755690574646,4.968730449676514,0.0
1.8768852949142456,5.215906620025635,0.0
-2.323514461517334,8.484893798828125,0.0
6.874919414520264,3.274076461791992,0.0
7.684902667999268,3.599989414215088,0.0
-0.7157161831855774,4.363498687744141,0.0
-3.902911424636841,2.708064079284668,0.0
6.786543846130371,4.621255397796631,0.0
8.238679885864258,5.463857173919678,0.0
6.939210891723633,5.314813137054443,0.0
3.2439746856689453,4.379655361175537,2.171337604522705
0.9237807393074036,4.305691242218018,0.0
-3.001988649368286,3.9277994632720947,0.0
3.4852828979492188,6.322879314422607,0.0
0.8551726937294006,2.729308605194092,0.0
2.642106771469116,8.063335418701172,0.0
2.654147148132324,6.9940505027771,0.0
-2.155566453933716,4.154594898223877,0.0
4.939090728759766,6.256009578704834,0.0
1.9413963556289673,3.495753526687622,0.0
8.623639106750488,3.5935416221618652,0.0
9.148988723754883,5.645287990570068,0.0
7.442605495452881,3.8176798820495605,0.0
3.265589714050293,3.8876495361328125,0.0
3.4815127849578857,4.5506486892700195,0.0
0.2150149941444397,0.6235091090202332,0.0
-0.721220850944519,7.200433731079102,0.0
8.172859191894531,4.359386920928955,0.0
3.1661932468414307,4.988600730895996,0.0
1.1816956996917725,8.028324127197266,0.0
-1.9452095031738281,7.641984462738037,0.0
0.7023691534996033,3.642498254776001,0.0
3.4617886543273926,5.496005058288574,0.0
-0.4303359389305115,2.0653114318847656,0.0
3.945324659347534,4.392459392547607,0.0
7.2116923332214355,5.467479705810547,0.0
0.1583041250705719,4.095656394958496,0.0
8.706915855407715,5.868418216705322,0.0
7.124828338623047,4.874720573425293,0.0
-4.256515026092529,6.96727991104126,0.0
0.624404788017273,3.6793899536132812,0.0
0.9836344718933105,2.869506359100342,0.0
3.481320381164551,6.675764083862305,0.0
7.81227445602417,4.3151774406433105,2.14426851272583
2.4748318195343018,7.264894485473633,0.0
0.7525193095207214,3.891726493835449,0.0
1.7183222770690918,7.583312034606934,0.0
0.2529236972332001,2.5643880367279053,0.0
4.125035285949707,5.681527137756348,0.0
6.741072177886963,3.641573905944824,1.7732518911361694
0.5258463025093079,4.024663925170898,0.0
9.35934829711914,4.660190582275391,0.0
-1.4162092208862305,3.072782516479492,0.0
2.6940338611602783,7.351212501525879,0.0
3.322488784790039,2.8069796562194824,0.0
-0.8997290134429932,2.6761655807495117,0.0
1.1462446451187134,5.370269775390625,0.0
7.7879557609558105,3.143598794937134,0.0
6.4932637214660645,3.230241060256958,1.4663370847702026
6.854318618774414,3.5721614360809326,0.0
8.240639686584473,3.1332755088806152,0.0
8.439533233642578,4.306736946105957,0.0
8.515214920043945,5.569642066955566,0.0
8.837265968322754,3.1081125736236572,0.0
3.3336570262908936,5.883935928344727,0.0
5.406768321990967,3.3438405990600586,0.0
-0.7802937626838684,3.8570523262023926,0.0
3.827733039855957,5.5493950843811035,2.271287679672241
9.084217071533203,5.198183059692383,0.0
2.6095962524414062,8.187530517578125,0.0
8.136199951171875,4.255843639373779,0.0
8.059297561645508,5.501645088195801,1.0950253009796143
1.4634586572647095,4.852928638458252,0.0
3.990307331085205,2.2119014263153076,0.0
7.549513816833496,3.818758726119995,0.0
-3.056485176086426,2.8805534839630127,0.0
9.482933044433594,5.333754539489746,1.36667001247406
9.120217323303223,3.3569579124450684,0.0
-0.37330248951911926,0.35009852051734924,0.0
8.618298530578613,4.860994338989258,0.0
0.9617717862129211,7.756149768829346,0.0
-1.2370004653930664,1.8634886741638184,0.0
8.550868034362793,3.1998562812805176,0.0
0.9146047234535217,8.74662971496582,0.0
2.7618279457092285,3.9776296615600586,0.0
0.7909079790115356,1.2457797527313232,0.0
5.777475833892822,4.0249762535095215,0.0
0.6408532857894897,3.5290334224700928,0.0
3.998284101486206,4.491784572601318,2.2254488468170166
6.709132671356201,2.9098589420318604,0.0
3.1500463485717773,0.054062727838754654,0.0
3.7735793590545654,3.9755446910858154,0.0
2.47243070602417,1.1300384998321533,0.0
-0.41448235511779785,7.632583141326904,0.0
7.701066493988037,5.44042444229126,0.0
-0.22172893583774567,2.8070013523101807,0.0
-2.496072292327881,3.0498902797698975,0.0
9.235832214355469,4.511734485626221,0.0
4.001969337463379,6.904087543487549,2.075514078140259
-2.904431104660034,7.2773823738098145,0.0
2.9371609687805176,4.158780097961426,2.3256773948669434
6.1108174324035645,3.1569669246673584,0.0
6.068718910217285,3.54966139793396,0.0
1.8759829998016357,2.2744078636169434,0.0
8.879668235778809,4.198214530944824,0.0
5.076402187347412,6.286599636077881,0.0
7.887551784515381,4.652927398681641,0.0
0.2195010483264923,3.2988905906677246,0.0
6.5935564041137695,3.9179887771606445,0.9686000347137451
4.319875717163086,7.040842533111572,0.0
2.1249523162841797,7.593761444091797,0.0
-0.3520687222480774,7.470441818237305,0.0
4.684080123901367,3.6172375679016113,0.0
5.587867259979248,4.07249641418457,0.0
0.6507602334022522,3.5587222576141357,0.0
0.8266706466674805,5.335346221923828,0.0
1.5583815574645996,6.549887657165527,0.0
-0.6093618273735046,6.504401206970215,0.0
-0.35483914613723755,6.758662700653076,0.0
3.3938801288604736,4.171509265899658,0.0
2.404747724533081,6.822309494018555,0.0
-0.5813947319984436,5.999363422393799,0.0
8.23668098449707,3.4467647075653076,0.0
6.043427467346191,3.232992172241211,0.0
0.2794014811515808,7.078239917755127,0.0
-1.2424358129501343,2.2580008506774902,0.0
8.920857429504395,3.7729125022888184,0.0
1.9880642890930176,1.8667683601379395,0.0
0.18519748747348785,4.372026443481445,0.0
2.185159206390381,6.944708347320557,0.0
1.0708140134811401,1.427724003791809,0.0
3.3442811965942383,4.485737323760986,0.0
5.046003818511963,6.457217693328857,0.0
-0.3064342737197876,8.073369026184082,0.0
0.6668628454208374,1.2827805280685425,0.0
2.2804031372070312,5.861166000366211,0.0
1.8550420999526978,0.3806808292865753,0.0
9.6471529006958,6.134116172790527,0.0
1.0507954359054565,8.1564359664917,0.0
7.567166328430176,5.3868818283081055,0.0
-2.343498706817627,3.202418088912964,1.9483139514923096
-0.6831507086753845,1.5089727640151978,0.0
-1.4415831565856934,2.9318621158599854,0.0
7.563416481018066,5.551856994628906,0.0
4.6705169677734375,3.468636989593506,0.0
-0.4437364339828491,3.376288890838623,2.938584327697754
0.22762081027030945,2.9768762588500977,0.0
-3.1015851497650146,2.1806819438934326,0.0
8.357741355895996,4.212261199951172,0.0
7.515222549438477,3.7586147785186768,0.0
1.213838815689087,2.628603935241699,0.0
9.190881729125977,3.982349157333374,0.0
3.0520434379577637,8.23117733001709,0.0
2.7603845596313477,5.474670886993408,0.0
0.8764105439186096,6.4238691329956055,0.0
0.7039164304733276,3.292587995529175,0.0
0.8843238949775696,5.9107770919799805,0.0
4.460086822509766,5.618008613586426,0.0
-0.26100972294807434,2.5489249229431152,0.0
-3.5745949745178223,2.917189359664917,0.0
0.9980676770210266,1.5819591283798218,0.0
4.462794303894043,5.857671737670898,0.0
5.587263584136963,4.775090217590332,0.0
8.640220642089844,4.578310966491699,0.0
2.518216848373413,6.999504566192627,0.0
9.49865436553955,3.9167637825012207,0.0
3.693838357925415,5.821578025817871,0.0
1.0406436920166016,7.127268314361572,0.0
-0.9695027470588684,2.431165933609009,0.0
7.656809329986572,5.623728275299072,0.0
8.973217964172363,3.9105801582336426,0.0
3.0800437927246094,1.3070125579833984,0.0
7.692924976348877,4.27521276473999,0.0
8.699713706970215,3.2219347953796387,0.0
9.590543746948242,4.417541027069092,0.0
6.699642181396484,5.399762153625488,0.0
8.002599716186523,4.326599597930908,0.0
3.8420941829681396,6.765625476837158,0.0
8.604912757873535,4.243322372436523,0.0
2.216823101043701,7.607055187225342,0.0
5.609668731689453,3.2064647674560547,0.0
2.5418949127197266,3.097146987915039,0.0
3.2590932846069336,6.623910427093506,0.0
-0.9014449119567871,3.538308620452881,0.0
0.9085812568664551,5.663276672363281,0.0
7.45003604888916,2.7009336948394775,0.0
0.5573689341545105,7.109302997589111,0.0
7.017592430114746,3.4816441535949707,0.0
3.1296396255493164,2.9195287227630615,0.0
8.420873641967773,5.279043197631836,0.0
6.628905773162842,4.593338489532471,0.0
3.609816074371338,7.064061641693115,0.0
9.480226516723633,5.061213970184326,0.0
0.6032277941703796,2.1423161029815674,0.0
9.2105131149292,4.289607048034668,0.0
2.8721871376037598,4.665560722351074,0.0
8.293099403381348,5.158071517944336,0.0
0.35423532128334045,2.121699333190918,0.0
5.1091203689575195,5.984577178955078,0.0
-2.8037428855895996,4.382582187652588,0.0
0.6084378361701965,1.2707117795944214,0.0
0.2938477396965027,2.3803794384002686,0.0
-1.7014634609222412,1.7340781688690186,0.0
2.155367136001587,3.0608627796173096,0.0
9.766234397888184,6.242387294769287,0.0
7.840194225311279,3.0151665210723877,0.0
0.7541183233261108,5.763399124145508,0.0
8.749062538146973,4.681228160858154,0.0
9.23878288269043,3.637282371520996,2.3377065658569336
0.002677850192412734,2.4808006286621094,0.0
1.4662775993347168,1.7227373123168945,0.0
7.4248504638671875,3.2007689476013184,1.1748437881469727
-1.0606014728546143,2.053555965423584,0.0
3.46159029006958,4.5567946434021,0.0
-1.0162016153335571,3.2119834423065186,0.0
-1.3103899955749512,6.976681709289551,0.0
2.626052141189575,6.216494560241699,0.0
8.96284008026123,5.236182689666748,0.0
0.09848667681217194,3.4037249088287354,0.0
3.9525809288024902,2.1618473529815674,0.0
2.0527710914611816,1.253536581993103,2.7512857913970947
2.0473639965057373,3.5722930431365967,0.0
3.008122444152832,3.909712076187134,0.0
2.9683284759521484,2.6716880798339844,0.0
-0.24900442361831665,2.276200532913208,2.477968454360962
1.5591967105865479,2.778839111328125,0.0
5.776585578918457,3.42350435256958,0.0
2.1803841590881348,2.583339214324951,0.0
3.638982057571411,4.408430576324463,2.545600414276123
0.060263462364673615,3.2737579345703125,0.0
0.5863257050514221,-0.01972487010061741,0.0
3.7411422729492188,3.0036656856536865,0.0
-1.194851040840149,2.6033668518066406,0.0
0.4475986957550049,2.072425603866577,0.0
-1.6685566902160645,2.4805541038513184,0.0
-3.3911335468292236,5.462583541870117,0.0
2.7275333404541016,7.917495250701904,0.0
0.5962508916854858,2.304455280303955,0.0
9.476140022277832,3.675466299057007,0.0
-1.659522533416748,6.790742874145508,0.0
8.382505416870117,3.673851490020752,0.0
3.040499210357666,-0.6437618732452393,0.0
2.801208734512329,3.373835563659668,0.0
7.6861653327941895,5.684299945831299,0.0
4.019354820251465,4.506179332733154,0.0
-2.7900071144104004,2.2266111373901367,0.0
3.969486951828003,2.923537254333496,0.0
0.6753219962120056,8.971717834472656,0.0
3.050734281539917,5.668834686279297,0.0
0.22682718932628632,3.118856191635132,0.0
2.1681203842163086,0.2162572592496872,0.0
4.68808126449585,5.750482082366943,0.0
8.782482147216797,3.378612518310547,0.0
-1.4103583097457886,4.709285736083984,0.0
3.228492498397827,5.639508247375488,0.0
8.41482162475586,3.1971275806427,0.0
2.4322707653045654,2.820786476135254,0.0
9.24356460571289,5.067417621612549,0.0
8.318621635437012,4.622008323669434,0.0
0.9673502445220947,4.277597904205322,0.0
3.8410143852233887,4.618317604064941,0.0
0.22136026620864868,3.5227198600769043,0.0
0.3241114914417267,4.384603977203369,2.8347206115722656
-0.8705946207046509,8.63542366027832,0.0
7.995749473571777,4.153655052185059,0.0
6.66241455078125,4.441089153289795,0.0
1.453573226928711,2.9969642162323,0.0
3.4225480556488037,7.01789665222168,0.0
4.46126127243042,6.687945365905762,0.0
7.811252117156982,2.8627238273620605,0.0
6.457775592803955,2.771573066711426,0.0
2.2706592082977295,4.635966777801514,2.479971170425415
1.4210689067840576,5.1099629402160645,0.0
7.132000923156738,2.944498300552368,0.0
1.5454298257827759,4.954545021057129,0.0
4.366995811462402,5.441020488739014,0.0
5.98040771484375,4.778662204742432,0.0
8.368584632873535,4.449997425079346,1.6299082040786743
9.218934059143066,4.393433094024658,0.0
8.512457847595215,5.656304359436035,0.0
2.1851887702941895,6.270722389221191,0.0
0.6104421019554138,2.23345685005188,0.0
-2.505202531814575,2.6848974227905273,0.0
8.283185958862305,4.08958625793457,0.0
2.4010696411132812,5.856101989746094,0.0
1.0488730669021606,4.520053863525391,0.0
3.5513734817504883,5.862403869628906,0.0
1.6503620147705078,6.527096748352051,2.084092855453491
2.3526411056518555,3.091386556625366,0.0
7.898804664611816,3.7040023803710938,0.0
8.207696914672852,5.069088459014893,0.0
8.740779876708984,4.320003509521484,0.0
3.543816328048706,7.810188293457031,0.0
-5.484988689422607,3.286426544189453,0.0
9.132017135620117,3.569715976715088,0.0
1.5213133096694946,6.802637100219727,0.0
3.6443607807159424,6.387452125549316,0.0
2.2870304584503174,5.009887218475342,0.0
4.942575454711914,3.821197032928467,0.0
3.762247085571289,6.315413475036621,0.0
-0.2604489028453827,3.0632448196411133,0.0
1.4324121475219727,7.02777099609375,0.0
0.5577181577682495,8.741328239440918,0.0
7.915550231933594,3.1218526363372803,0.0
9.540117263793945,3.8732147216796875,0.0
2.1345596313476562,7.096754550933838,0.0
5.890961170196533,4.787966728210449,0.0
8.988268852233887,6.17160701751709,0.0
2.092628002166748,4.660762310028076,0.0
9.12214183807373,4.748101711273193,0.0
1.967190146446228,4.802924156188965,0.0
8.66671371459961,5.795289039611816,0.0
8.777769088745117,4.785669803619385,0.0
0.8943105936050415,3.2065987586975098,0.0
-3.091977596282959,2.725612163543701,0.0
1.7888869047164917,3.088284492492676,0.0
1.7631808519363403,2.869466781616211,0.0
6.581180095672607,4.298682689666748,0.0
7.731862545013428,4.104720592498779,0.0
2.923757791519165,2.0896856784820557,0.0
4.329205513000488,5.166048049926758,2.4246842861175537
2.2921290397644043,-0.7073130011558533,0.0
1.53877854347229,2.8703348636627197,2.423746109008789
-1.4018162488937378,5.5027594566345215,0.0
1.1586699485778809,1.6679013967514038,0.0
3.399329662322998,5.622337818145752,0.0
3.6618189811706543,3.5449705123901367,0.0
6.55924654006958,2.6822540760040283,0.0
1.150348424911499,1.23348867893219,0.0
1.1393702030181885,2.2547504901885986,0.0
-0.9825431108474731,7.314573764801025,0.0
1.3665134906768799,4.685237884521484,0.0
0.36630651354789734,2.736081600189209,2.987316608428955
0.8401113748550415,7.964350700378418,0.0
-1.3686249256134033,2.441598653793335,0.0
4.200098037719727,2.970040798187256,0.0
-0.407406747341156,2.329963207244873,0.0
8.727110862731934,5.855185508728027,0.0
2.6942169666290283,6.5793843269348145,0.0
3.7292187213897705,4.980453968048096,0.0
8.31623363494873,5.550365924835205,0.0
0.4693948030471802,3.027097463607788,0.0
-0.805947482585907,5.259390830993652,0.0
9.096027374267578,3.634443759918213,1.2228726148605347
2.530207395553589,6.753711223602295,0.0
4.538456439971924,4.995816707611084,2.3960790634155273
0.6029853820800781,3.700011968612671,0.0
-1.6443380117416382,9.77134895324707,0.0
6.352916240692139,3.1582844257354736,0.0
4.440033435821533,2.3136653900146484,0.0
7.985602378845215,4.056293964385986,0.0
4.203606605529785,5.9113688468933105,0.0
8.328289031982422,5.302243232727051,2.1796417236328125
7.60030460357666,3.0942630767822266,0.0
6.116752624511719,3.1136507987976074,0.0
8.70305061340332,4.610658168792725,1.714097261428833
1.2097673416137695,1.1721501350402832,2.3763582706451416
4.043550968170166,4.132983207702637,0.0
0.9724120497703552,3.8479621410369873,0.0
1.7070798873901367,-0.864011824131012,0.0
8.025283813476562,3.217517137527466,0.0
2.2433886528015137,6.408406734466553,0.0
-2.3491177558898926,2.8026928901672363,0.0
0.8529259562492371,3.153047800064087,3.0275392532348633
8.632712364196777,6.0278215408325195,0.0
8.780468940734863,5.157797813415527,0.0
4.223306179046631,5.216769218444824,0.0
2.582658290863037,2.972604990005493,0.0
2.6220309734344482,6.919875144958496,0.0
4.671824932098389,3.390993595123291,0.0
2.603494882583618,5.148859977722168,0.0
-0.9922868013381958,3.450594663619995,0.0
9.778794288635254,6.152610778808594,0.0
9.508962631225586,4.6245574951171875,0.0
2.912069797515869,0.07994785159826279,0.0
8.986640930175781,5.888706207275391,2.074904680252075
0.5689324736595154,5.9297003746032715,0.0
2.35099196434021,3.5742905139923096,0.0
8.937633514404297,4.568734169006348,1.232771396636963
7.174674987792969,2.7294042110443115,0.0
0.9854224324226379,0.9484478831291199,0.0
4.090825080871582,5.640153884887695,0.0
-2.1051745414733887,0.9145084619522095,0.0
1.4766284227371216,2.105522394180298,0.0
2.235236406326294,1.4193556308746338,0.0
6.68199348449707,3.7875781059265137,0.0
0.19239316880702972,1.4076958894729614,0.0
3.7611231803894043,5.107265472412109,0.0
0.26292893290519714,3.7391552925109863,0.0
5.840725898742676,3.5446455478668213,2.7464945316314697
0.8205781579017639,6.58801794052124,0.0
-2.243389844894409,4.715367794036865,0.0
9.299769401550293,4.424208641052246,0.0
3.6197922229766846,5.897661209106445,0.0
0.4505021274089813,3.0316293239593506,0.0
7.7098774909973145,4.356438159942627,0.0
8.807613372802734,4.34710168838501,0.0
8.601831436157227,4.002988815307617,0.0
4.045117378234863,2.24227237701416,0.0
0.023310735821723938,4.70286226272583,0.0
8.891805648803711,4.163707733154297,1.441210150718689
2.0656931400299072,-0.11193744838237762,0.0
3.718686819076538,5.480501651763916,0.0
2.266371726989746,3.53979229927063,0.0
9.24725341796875,5.491828441619873,0.0
6.757762432098389,5.0757575035095215,0.0
9.063437461853027,4.512811183929443,1.6654711961746216
6.655092716217041,3.970975399017334,0.0
3.0421342849731445,2.5551085472106934,0.0
-1.2270714044570923,0.6412692666053772,1.834242343902588
4.433931350708008,4.148012638092041,0.0
0.39033636450767517,2.4359004497528076,0.0
2.693744659423828,0.4151937961578369,0.0
-4.090078353881836,3.3869969844818115,0.0
8.178633689880371,5.7303690910339355,0.0
6.669656753540039,3.6805055141448975,0.0
6.793637752532959,4.677941799163818,0.0
2.1028285026550293,5.00020170211792,3.2641258239746094
8.484471321105957,5.94305944442749,0.0
1.649201512336731,1.9890183210372925,0.0
2.543175458908081,7.7258172035217285,2.1343514919281006
7.415399551391602,2.8906948566436768,1.889312982559204
6.8611531257629395,2.7852747440338135,1.4468998908996582
-1.0512200593948364,2.3913300037384033,0.0
7.537367820739746,4.587443828582764,0.0
5.933452606201172,3.496321201324463,0.0
8.952485084533691,3.277458429336548,0.0
8.853803634643555,3.863288164138794,1.933246374130249
-1.6535815000534058,3.0880126953125,0.0
-3.0918054580688477,1.9167839288711548,0.0
7.948574542999268,3.9450721740722656,0.0
2.531256914138794,5.628798484802246,0.0
3.499619722366333,6.303752422332764,2.1389639377593994
3.0601348876953125,8.17847728729248,0.0
1.8150629997253418,0.7964860796928406,0.0
0.11460372060537338,3.030613660812378,0.0
8.71743392944336,3.2557129859924316,0.0
8.238028526306152,4.220787048339844,0.0
2.0358173847198486,3.0703251361846924,0.0
0.7503483295440674,9.005611419677734,0.0
3.8004610538482666,5.33499813079834,0.0
2.917048931121826,3.174767255783081,0.0
-0.40406036376953125,2.8628339767456055,0.0
2.2390260696411133,6.094701290130615,0.0
7.863127708435059,4.472100734710693,2.126507043838501
4.366414546966553,2.617687940597534,0.0
6.668703079223633,3.716658353805542,0.0
7.0460591316223145,3.7424581050872803,0.0
8.673354148864746,3.54819917678833,0.0
-2.3063201904296875,2.8592467308044434,0.0
7.6725263595581055,2.6762516498565674,0.0
1.7980356216430664,2.490884304046631,0.0
-2.1395859718322754,0.662566602230072,0.0
1.1446242332458496,3.610269784927368,2.7215945720672607
9.210391998291016,5.869266986846924,0.0
2.5718159675598145,-0.9703435301780701,0.0
9.06757640838623,4.016468524932861,0.0
1.309749722480774,6.387792587280273,0.0
5.213943958282471,3.819171905517578,1.7955193519592285
3.1278951168060303,2.8599863052368164,0.0
-0.10671161115169525,3.200307607650757,0.0
7.139021396636963,5.249407768249512,0.0
-2.5378997325897217,2.3402087688446045,0.0
8.884162902832031,6.099989891052246,1.345499038696289
0.14584773778915405,4.423603057861328,0.0
-0.12387660145759583,3.167543411254883,0.0
8.586418151855469,5.572534084320068,2.438884735107422
0.2549237310886383,1.0748887062072754,0.0
7.985445976257324,5.391510963439941,0.0
8.720194816589355,4.607283592224121,0.7851555943489075
-0.39911264181137085,5.275235176086426,0.0
8.306333541870117,5.710752964019775,0.0
2.0493946075439453,3.965223789215088,0.0
9.487421035766602,6.124680042266846,1.3174089193344116
-3.3020873069763184,3.060520887374878,0.0
4.814391613006592,7.050307750701904,0.0
2.06623911857605,4.741964340209961,0.0
8.564152717590332,3.6884753704071045,0.0
5.778466701507568,4.341381072998047,0.0
3.3191659450531006,4.0220561027526855,0.0
3.732607841491699,0.6819299459457397,0.0
6.1302032470703125,3.1854426860809326,0.0
1.9276905059814453,2.5743281841278076,0.0
3.0520293712615967,-0.673147976398468,0.0
7.597907543182373,5.372100830078125,0.0
3.040544271469116,-1.4854512214660645,0.0
8.53155517578125,3.481898307800293,0.0
8.288278579711914,5.12789249420166,1.1848350763320923
8.766461372375488,3.792656421661377,0.0
3.4574472904205322,4.646246433258057,0.0
-0.3726544678211212,2.4953725337982178,0.0
8.192803382873535,4.578407287597656,1.2090129852294922
-1.6292674541473389,3.6546976566314697,0.0
9.718974113464355,6.193238735198975,0.0
7.8908843994140625,3.5060181617736816,0.0
-1.1150680780410767,2.1915650367736816,0.0
7.680143356323242,4.1237335205078125,0.0
1.5159258842468262,6.48651123046875,0.0
4.523585319519043,6.281310558319092,2.538053274154663
6.862155437469482,3.9878532886505127,2.073080062866211
0.05733795091509819,3.075687885284424,0.0
-1.876487135887146,3.261242389678955,0.0
1.4175660610198975,-0.10725937783718109,0.0
6.818657398223877,3.5042307376861572,0.0
2.790616750717163,6.99069356918335,0.0
6.313093662261963,2.9739317893981934,0.0
4.377861022949219,6.526684284210205,2.0640206336975098
8.499038696289062,4.737355709075928,0.0
-1.9945214986801147,0.4433180093765259,0.0
1.989031195640564,5.588626384735107,0.0
9.704536437988281,5.267494201660156,1.508212924003601
2.316873788833618,7.491020202636719,0.0
2.6730122566223145,5.63509464263916,0.0
4.3731184005737305,6.571806907653809,0.0
8.264963150024414,3.172321081161499,0.0
3.8434107303619385,6.801192760467529,0.0
6.128747463226318,4.973318576812744,0.0
3.641432523727417,6.05307149887085,0.0
3.266026020050049,4.43296480178833,0.0
4.870855331420898,3.681948661804199,0.0
5.7346343994140625,3.970255136489868,0.0
5.20440149307251,3.6409740447998047,0.0
9.08548641204834,3.339160919189453,1.3248624801635742
1.3697292804718018,7.491524696350098,0.0
8.008052825927734,5.572107791900635,2.071866035461426
6.767940998077393,2.900190591812134,0.0
9.045161247253418,4.148343563079834,0.0
1.6687383651733398,7.3758392333984375,0.0
6.898309230804443,4.130706310272217,0.0
2.444202184677124,6.636514663696289,0.0
8.585464477539062,4.565872669219971,0.0
7.770263195037842,5.092974662780762,1.973495602607727
1.8265881538391113,-0.10296282172203064,0.0
2.2815604209899902,6.861250400543213,0.0
8.307357788085938,4.512585639953613,0.0
5.560174942016602,4.012949466705322,0.0
1.6439640522003174,5.996280670166016,0.0
2.5086183547973633,7.542848587036133,0.0
7.135498046875,3.079491138458252,0.0
2.116001844406128,7.785329341888428,0.0
3.6172616481781006,5.714032173156738,0.0
2.0386734008789062,4.439467430114746,0.0
7.434619426727295,3.4945359230041504,1.4565846920013428
-0.5243515968322754,6.42839241027832,0.0
4.044018268585205,3.626455783843994,0.0
-2.1115224361419678,5.000974655151367,0.0
0.47959280014038086,2.733150005340576,0.0
3.661651372909546,5.674355983734131,0.0
7.522846221923828,5.519392967224121,0.0
7.1903510093688965,4.259399890899658,0.0
0.602289617061615,7.817683696746826,0.0
1.3603566884994507,5.496177673339844,0.0
2.8280293941497803,7.131349086761475,2.4660518169403076
0.5000532865524292,6.183913230895996,0.0
2.538051128387451,7.563247203826904,2.185926914215088
0.15244416892528534,8.993907928466797,0.0
2.3326170444488525,6.017133712768555,0.0
8.999785423278809,5.925541877746582,0.0
8.288766860961914,5.937227249145508,0.0
-0.8260430097579956,2.141282796859741,0.0
0.8576619625091553,8.511911392211914,0.0
2.0423851013183594,9.179731369018555,0.0
7.959482669830322,3.2567319869995117,0.0
0.823942244052887,6.615550518035889,0.0
8.022700309753418,3.420717477798462,1.2601330280303955
-0.17836011946201324,5.203474521636963,0.0
2.5358357429504395,4.593774318695068,0.0
0.3430270850658417,9.573376655578613,0.0
8.525983810424805,5.735494613647461,0.0
-0.858397364616394,2.1322474479675293,0.0
8.243962287902832,4.427441596984863,0.0
9.270548820495605,5.1772236824035645,0.0
9.213696479797363,3.4632017612457275,0.0
2.133812427520752,7.311525821685791,0.0
7.461073875427246,3.6415343284606934,0.0
-0.060272034257650375,8.218900680541992,0.0
-0.830848753452301,6.4206390380859375,0.0
2.318202257156372,3.2306759357452393,0.0
5.103788375854492,4.229083061218262,0.0
1.7229784727096558,4.368305206298828,0.0
3.6111366748809814,7.546168804168701,0.0
7.628498554229736,3.131268262863159,0.0
1.7420153617858887,4.344601154327393,0.0
7.613356113433838,2.9272735118865967,0.0
2.514096260070801,2.7175025939941406,2.2493703365325928
3.006549119949341,5.581265449523926,0.0
1.011274814605713,4.649130821228027,0.0
0.9259009957313538,3.807023763656616,0.0
1.1683624982833862,4.116455078125,0.0
6.9011149406433105,5.154247283935547,0.0
3.0704360008239746,5.511460304260254,0.0
8.100196838378906,5.48246431350708,0.0
9.368901252746582,5.127562046051025,0.0
1.4428611993789673,1.525590181350708,0.0
-0.5610504746437073,1.8846834897994995,0.0
3.390928030014038,7.338493824005127,0.0
0.46861279010772705,2.9400153160095215,0.0
7.506804466247559,2.742426872253418,0.0
2.190232753753662,7.203147888183594,0.0
-0.07183697819709778,1.3664113283157349,0.0
6.118411540985107,3.7585859298706055,0.0
4.837896347045898,3.8602471351623535,0.0
2.986950397491455,0.44864875078201294,0.0
7.4670820236206055,3.686753988265991,0.0
1.8685860633850098,-0.23647484183311462,0.0
-1.8014612197875977,2.458040952682495,0.0
0.14359267055988312,2.0979509353637695,0.0
7.581455707550049,3.6831459999084473,1.9602751731872559
8.115429878234863,5.763725757598877,0.0
-0.6867260336875916,2.2703800201416016,0.0
9.1782865524292,4.66252326965332,0.0
7.996359348297119,4.862057685852051,0.0
0.5341612100601196,4.397368431091309,0.0
8.599016189575195,3.307847023010254,1.6820130348205566
1.890192985534668,7.9556965827941895,0.0
-0.3613293766975403,7.092225074768066,0.0
1.1943479776382446,2.7739078998565674,0.0
4.035141944885254,4.344813346862793,0.0
8.415663719177246,5.27441930770874,0.0
-1.0823445320129395,2.6719651222229004,0.0
5.040160179138184,3.7743115425109863,0.0
7.357568264007568,4.003686904907227,0.0
8.967879295349121,4.706050872802734,0.0
7.107499599456787,3.197782278060913,0.0
0.765596330165863,3.6525838375091553,0.0
2.3268184661865234,7.953721046447754,2.018551826477051
4.046252250671387,5.242369651794434,0.0
-0.1730452924966812,2.24344539642334,0.0
1.6616007089614868,4.290637493133545,2.8182806968688965
3.66741681098938,6.7019734382629395,0.0
-2.490981101989746,2.2204179763793945,0.0
8.918292999267578,4.509695053100586,0.0
1.4017162322998047,4.4372429847717285,0.0
0.060287293046712875,2.592667579650879,0.0
8.624808311462402,5.082703113555908,0.0
8.236343383789062,3.4675590991973877,0.0
0.7184852361679077,1.2885916233062744,0.0
8.245734214782715,3.5192301273345947,0.0
1.1030482053756714,3.4397990703582764,0.0
8.12917709350586,4.571747779846191,2.0497424602508545
1.3084213733673096,8.581653594970703,0.0
8.564645767211914,5.149743556976318,0.0
2.137655258178711,3.556220054626465,0.0
3.351447820663452,5.293639659881592,0.0
0.413189172744751,1.917012333869934,0.0
1.8821625709533691,-0.8579162359237671,0.0
2.246934413909912,3.627312660217285,0.0
1.4108120203018188,6.6554765701293945,0.0
-1.1886827945709229,6.302178382873535,0.0
7.8987603187561035,5.6451334953308105,0.0
8.401616096496582,4.03583288192749,0.0
7.816187381744385,3.047403335571289,0.0
4.0829691886901855,2.320885181427002,0.0
-3.4103736877441406,3.7236056327819824,0.0
7.342775344848633,2.7935729026794434,0.0
4.4504714012146,6.215363502502441,0.0
8.96391487121582,6.17371940612793,0.0
-0.9863152503967285,2.7551157474517822,0.0
6.359113693237305,3.3150229454040527,0.0
8.30080795288086,3.4218764305114746,0.0
-3.2927632331848145,7.203453540802002,0.0
-1.6354777812957764,2.566340923309326,0.0
9.663290977478027,4.280078411102295,1.38941490650177
0.26657000184059143,2.1639225482940674,0.0
8.211971282958984,3.2530598640441895,0.0
8.000348091125488,5.46146821975708,0.0
1.734903335571289,6.698938369750977,0.0
7.360523223876953,3.4661917686462402,0.0
0.09280656278133392,6.339998722076416,0.0
0.0967305526137352,3.1221554279327393,0.0
1.6182856559753418,3.4846301078796387,0.0
8.782094955444336,5.842831611633301,0.0
5.759199142456055,3.4918224811553955,0.0
1.2346724271774292,2.547219753265381,0.0
8.959944725036621,3.993574857711792,1.1793477535247803
6.026259899139404,3.4624431133270264,2.544518232345581
9.04261589050293,3.9991414546966553,0.0
8.085165977478027,3.510014772415161,0.0
0.13610202074050903,4.256714820861816,0.0
9.082262992858887,3.8095316886901855,0.0
3.365748882293701,6.209293842315674,0.0
1.6853766441345215,6.109569072723389,0.0
2.766590118408203,6.62565803527832,0.0
7.444609642028809,4.729842185974121,0.0
5.3568949699401855,4.465490818023682,0.0
1.0442547798156738,2.135610342025757,0.0
-1.6440391540527344,4.427552700042725,2.050922155380249
2.6150217056274414,5.594174385070801,0.0
1.3057518005371094,7.355158805847168,0.0
-2.3137686252593994,2.5025200843811035,0.0
3.1241235733032227,4.716248512268066,0.0
9.563611030578613,6.321056842803955,2.195448875427246
6.293405055999756,3.302096128463745,0.0
7.1886186599731445,3.578958034515381,0.0
-1.060907244682312,2.602752208709717,0.0
4.243420600891113,5.997309684753418,0.0
1.6774044036865234,9.28251838684082,0.0
0.7555598020553589,2.650620222091675,0.0
7.084508895874023,4.8927202224731445,0.0
8.841913223266602,4.802793979644775,0.0
3.99725341796875,4.676239013671875,0.0
2.4895663261413574,0.8508733510971069,0.0
4.358421802520752,5.1471147537231445,0.0
0.5074229836463928,5.224198818206787,0.0
2.736673355102539,8.868986129760742,1.9360326528549194
-0.19053222239017487,1.3954023122787476,0.0
9.205864906311035,6.180630207061768,0.0
3.467251777648926,7.18350076675415,0.0
8.310453414916992,3.868779420852661,0.0
4.655663013458252,3.380770683288574,0.0
3.2129783630371094,7.536345958709717,0.0
0.9644986987113953,0.7178811430931091,0.0
5.794813632965088,3.4094293117523193,0.0
2.0884501934051514,3.223463535308838,0.0
4.06638240814209,6.138375282287598,0.0
1.5121958255767822,3.688683032989502,0.0
7.611105442047119,3.716430187225342,0.0
7.971545696258545,5.651261806488037,0.0
2.668640613555908,6.430840492248535,0.0
8.089082717895508,5.257225036621094,0.0
9.033914566040039,4.307461738586426,0.0
0.6272319555282593,1.0084785223007202,0.0
-1.4653667211532593,1.8936420679092407,0.0
7.044642925262451,3.3731484413146973,0.0
6.821499824523926,2.9144034385681152,0.0
6.325349807739258,4.550764560699463,0.0
2.112201452255249,6.15553092956543,0.0
2.1129941940307617,7.688477993011475,2.5608973503112793
0.9331905841827393,2.9932312965393066,0.0
5.594783782958984,3.3130741119384766,0.0
4.034418106079102,6.158440113067627,1.334883213043213
-0.9320363998413086,6.867231369018555,0.0
4.040677547454834,4.448302268981934,0.0
7.150693416595459,4.587916374206543,0.0
2.0171704292297363,6.523866176605225,0.0
6.6309895515441895,3.7301926612854004,0.0
5.669123649597168,5.480771064758301,2.756103038787842
3.7541663646698,2.156111717224121,0.0
0.388031542301178,3.6145951747894287,0.0
3.058837652206421,5.019854545593262,2.0562539100646973
1.7499655485153198,5.763358116149902,0.0
2.221001625061035,7.372847080230713,0.0
1.477663278579712,-0.11389145255088806,0.0
3.8797600269317627,6.3374762535095215,0.0
0.21224138140678406,2.4195854663848877,0.0
8.75443172454834,5.2580389976501465,0.0
-2.6998398303985596,3.0895836353302,0.0
2.7667272090911865,7.880814075469971,0.0
1.4223169088363647,3.0775911808013916,0.0
1.728948712348938,-0.12462104111909866,0.0
8.105403900146484,5.166289329528809,1.3627638816833496
-0.6902868151664734,6.0117926597595215,0.0
2.16675066947937,3.665881633758545,0.0
9.414135932922363,4.733487129211426,0.0
7.969596862792969,5.964075088500977,0.0
8.908994674682617,5.939153671264648,0.0
-0.7952665090560913,6.162309169769287,0.0
1.649200677871704,7.182854652404785,2.7229225635528564
7.439263820648193,4.018019199371338,0.0
0.7264770865440369,1.7606083154678345,0.0
4.240940570831299,2.8116934299468994,0.0
4.8009443283081055,6.636266231536865,0.0
1.3505054712295532,7.150264263153076,0.0
0.6772787570953369,4.887353897094727,0.0
0.9827994108200073,2.7557308673858643,0.0
1.245722770690918,0.6326301693916321,1.5104087591171265
1.5067082643508911,3.4023663997650146,0.0
7.457831859588623,4.26722526550293,0.0
-0.0443144291639328,2.9946534633636475,0.0
5.822723865509033,3.0755109786987305,0.0
8.857328414916992,3.79707932472229,0.0
8.899863243103027,4.088674068450928,0.0
-0.704105794429779,4.014610290527344,0.0
8.772099494934082,3.859578847885132,0.0
0.34800615906715393,0.9784623980522156,0.0
0.13581326603889465,1.6191625595092773,0.0
0.9686726331710815,5.960597991943359,0.0
3.3670244216918945,5.938077926635742,0.0
6.472703456878662,3.182074546813965,0.0
0.3138500154018402,9.268006324768066,0.0
-1.3245803117752075,7.207376480102539,0.0
8.59224796295166,3.8294267654418945,0.0
4.059388637542725,5.592360019683838,0.0
8.180232048034668,3.3526418209075928,0.0
-0.7108672261238098,3.6084113121032715,0.0
-0.9533675312995911,2.0567455291748047,0.0
1.0697158575057983,1.6794750690460205,0.0
5.606961250305176,4.415411472320557,0.0
0.009122991934418678,3.282477378845215,0.0
7.3411149978637695,5.616977214813232,0.0
0.6362541317939758,4.533702373504639,0.0
4.8440961837768555,6.458308219909668,2.426093578338623
5.266979694366455,3.9408085346221924,0.0
4.924823760986328,3.4078757762908936,0.0
0.8011020421981812,8.511433601379395,0.0
1.625540852546692,3.253994941711426,0.0
1.441137433052063,3.19989013671875,0.0
6.5681257247924805,3.5235791206359863,2.21012806892395
8.614831924438477,4.521596908569336,0.0
0.3448687195777893,2.1615402698516846,0.0
3.8326375484466553,4.835628509521484,0.0
-0.9479143619537354,3.2680253982543945,0.0
-0.4555630385875702,3.592881441116333,0.0
7.101837635040283,5.4808268547058105,0.0
0.29942938685417175,8.266740798950195,0.0
0.20291320979595184,2.3092305660247803,0.0
-3.3758633136749268,6.159942626953125,0.0
7.989890098571777,5.8526291847229,0.0
7.722089767456055,3.855803966522217,0.0
2.4654176235198975,7.122603416442871,0.0
1.4994521141052246,3.124912977218628,0.0
9.710949897766113,6.075991630554199,0.0
1.1094883680343628,1.5526821613311768,0.0
3.9462409019470215,3.170820474624634,0.0
4.2060346603393555,5.388361930847168,0.0
5.881153583526611,4.96657657623291,0.0
5.451345443725586,4.858213901519775,0.0
5.356181621551514,3.433706521987915,0.0
9.420185089111328,5.301853656768799,0.0
1.413400411605835,7.69235897064209,0.0
7.814589023590088,3.883977174758911,0.5992847084999084
0.2855948209762573,0.7506226897239685,0.0
9.113409042358398,4.884578704833984,0.0
6.010274410247803,3.207953691482544,0.0
-0.13766084611415863,2.154794692993164,0.0
3.408485174179077,7.103769302368164,0.0
0.8615855574607849,3.203962802886963,0.0
1.4187322854995728,1.8834233283996582,0.0
3.609407901763916,6.139639854431152,0.0
3.946526050567627,6.3311614990234375,0.0
3.3453731536865234,2.6330783367156982,0.0
0.7238302230834961,3.8883421421051025,0.0
3.5445752143859863,5.013464450836182,0.0
4.536883354187012,6.670804500579834,1.825019121170044
5.8003644943237305,3.4423813819885254,0.0
4.696106910705566,6.176565170288086,0.0
3.561570644378662,1.9775868654251099,0.0
9.159032821655273,3.7446556091308594,1.2159820795059204
0.8101805448532104,7.248049259185791,0.0
3.2964155673980713,6.903622150421143,0.0
1.7061785459518433,4.000940799713135,0.0
1.0763932466506958,3.187422037124634,0.0
3.302867889404297,5.389376163482666,0.0
4.99938440322876,3.6554131507873535,0.0
2.4659264087677,2.5460026264190674,0.0
7.979998588562012,5.997649192810059,0.0
-0.7830039858818054,2.9298181533813477,0.0
-1.3077391386032104,6.9847822189331055,0.0
2.5463173389434814,2.235707998275757,0.0
2.1390695571899414,5.331013202667236,0.0
-3.3479416370391846,5.278894901275635,0.0
0.9182453751564026,3.7604427337646484,0.0
-1.1007989645004272,9.075891494750977,0.0
6.9081807136535645,5.303256988525391,2.3206937313079834
-3.988410711288452,7.095756530761719,0.0
3.0021111965179443,4.600703716278076,0.0
1.0735161304473877,3.2967567443847656,0.0
8.884421348571777,5.99232816696167,0.0
4.572725296020508,4.127245903015137,0.0
1.8582111597061157,5.341036319732666,0.0
1.185095191001892,6.8613128662109375,0.0
-0.18397565186023712,7.4572858810424805,0.0
6.259158611297607,3.1070170402526855,0.0
4.710478782653809,4.072948932647705,0.0
4.163498878479004,1.9021365642547607,0.0
1.7743148803710938,7.390632152557373,0.0
-0.6926785707473755,4.578380584716797,0.0
7.756241798400879,2.812312364578247,0.0
7.416231632232666,2.8601229190826416,0.0
-0.05838114395737648,4.248621463775635,0.0
2.572885036468506,4.92206335067749,0.0
1.257684350013733,2.3864634037017822,0.0
6.125545024871826,3.754930019378662,2.8819587230682373
1.039413332939148,2.145394802093506,2.0230934619903564
0.9921548366546631,2.4588613510131836,0.0
4.445254325866699,6.775594711303711,1.825019121170044
1.9216774702072144,6.763332843780518,0.0
0.9166363477706909,7.77775239944458,0.0
8.355202674865723,4.256009101867676,0.0
0.7293227314949036,2.250756025314331,0.0
2.17797589302063,2.8881659507751465,2.44175386428833
2.2802493572235107,4.798740386962891,3.0219480991363525
3.20778751373291,4.344946384429932,0.0
0.46259206533432007,3.300086498260498,0.0
8.850597381591797,3.688629388809204,0.0
1.2391070127487183,2.308842182159424,2.728254795074463
9.214791297912598,5.178192138671875,0.0
3.5438144207000732,5.283199310302734,2.31491756439209
7.85453987121582,5.621630668640137,0.0
7.933617115020752,5.812961578369141,0.0
2.2450151443481445,5.031715393066406,0.0
5.169562816619873,6.665266036987305,2.1573493480682373
-0.003143711481243372,2.839587688446045,0.0
1.4733272790908813,2.8270633220672607,0.0
2.645925760269165,7.4421000480651855,0.0
1.389888048171997,2.988417863845825,0.0
2.4317049980163574,2.9879937171936035,0.0
8.85864543914795,4.550114154815674,1.4431833028793335
8.729419708251953,4.568509101867676,0.0
9.150351524353027,4.644375801086426,0.0
3.595841407775879,4.3266496658325195,0.0
-3.248694896697998,7.116286277770996,0.0
1.3490593433380127,7.5619988441467285,0.0
-0.9682677388191223,7.268930912017822,0.0
-0.09649118781089783,3.119593858718872,0.0
1.0908253192901611,3.0761826038360596,0.0
1.382607340812683,1.7818756103515625,0.0
7.34956169128418,4.701287746429443,0.0
8.087427139282227,4.928689002990723,1.2317390441894531
-0.2813652753829956,8.805987358093262,0.0
-1.3671258687973022,2.6009254455566406,0.0
0.24898234009742737,2.6258881092071533,0.0
3.6555628776550293,4.408539295196533,0.0
9.453265190124512,4.248078346252441,0.0
-0.36620813608169556,3.5205225944519043,2.9944982528686523
2.265063762664795,1.64259934425354,0.0
4.551825046539307,5.340379238128662,2.4630990028381348
0.7227367162704468,1.6860822439193726,0.0
0.4476059377193451,2.789095401763916,0.0
9.028465270996094,3.5154638290405273,0.0
5.245413303375244,3.6059672832489014,0.0
2.2752349376678467,2.057436943054199,0.0
-2.050562858581543,2.501868963241577,0.0
-3.9584856033325195,7.817479610443115,0.0
4.343194961547852,6.523274898529053,0.0
9.809602737426758,6.222256183624268,0.0
2.705045223236084,7.20578145980835,2.473977565765381
8.981192588806152,5.4178338050842285,0.0
3.394932270050049,6.752941608428955,1.7208471298217773
2.2580435276031494,6.812071800231934,0.0
8.71053409576416,3.808514356613159,0.0
1.5528497695922852,2.983421564102173,0.0
0.27861377596855164,2.625027894973755,0.0
-0.28346022963523865,3.5111448764801025,0.0
2.7600667476654053,-1.0239055156707764,0.0
1.9845601320266724,3.2438974380493164,0.0
0.3036404252052307,2.385709047317505,0.0
2.407851219177246,2.378692626953125,0.0
3.34016489982605,4.340091228485107,2.1053292751312256
4.259919166564941,5.405527114868164,3.0589215755462646
4.294056415557861,5.413917064666748,0.0
9.212091445922852,4.330273628234863,1.467106819152832
1.2810113430023193,2.9070632457733154,0.0
2.4343509674072266,4.315299987792969,0.0
3.345475673675537,0.47574710845947266,0.0
1.5853619575500488,2.9885153770446777,0.0
3.851555109024048,4.565286636352539,0.0
-0.950535774230957,3.369898557662964,0.0
6.48868465423584,3.103687286376953,0.0
-1.2509928941726685,3.492546558380127,0.0
3.363335609436035,5.227499961853027,2.1644833087921143
1.5820530652999878,-0.872379720211029,0.0
2.8621208667755127,3.79921293258667,0.0
2.242579936981201,5.598718166351318,0.0
-1.12444007396698,5.527099132537842,0.0
-3.6139798164367676,6.1976118087768555,0.0
-1.5594103336334229,5.177285194396973,0.0
4.378389358520508,5.732314109802246,0.0
0.9258930683135986,5.102749347686768,0.0
0.710668683052063,4.641836643218994,0.0
1.9789831638336182,5.829993724822998,0.0
3.4732654094696045,4.992002010345459,2.025374412536621
7.652854919433594,4.842894554138184,0.0
-0.8916032314300537,4.975734233856201,0.0
-3.048966884613037,7.4742536544799805,0.0
1.680851936340332,0.404316782951355,0.0
7.181979656219482,3.1824145317077637,0.0
3.876152753829956,3.599240303039551,0.0
1.667810320854187,3.696655035018921,0.0
0.7413511872291565,1.6371742486953735,0.0
2.87924861907959,-1.0969932079315186,0.0
-1.927287220954895,4.242069721221924,0.0
-1.3510257005691528,1.4304081201553345,0.0
-0.8135355114936829,0.9383103251457214,0.0
-1.2299399375915527,1.0719681978225708,0.0
1.9723412990570068,1.7312308549880981,0.0
2.0912740230560303,1.259867787361145,0.0
-3.430171012878418,3.3468480110168457,0.0
1.0742652416229248,3.214836359024048,0.0
7.7223639488220215,5.766146659851074,0.0
-0.12667173147201538,7.815690994262695,0.0
0.8218908309936523,5.086240768432617,0.0
-0.5708928108215332,2.4557723999023438,0.0
1.8446898460388184,7.3120012283325195,0.0
1.0227364301681519,3.1166296005249023,0.0
-1.930173397064209,5.265921115875244,0.0
9.345874786376953,6.093196868896484,0.0
8.432018280029297,5.026619911193848,0.0
-0.2136862576007843,1.3589248657226562,0.0
5.061987400054932,6.6375908851623535,0.0
6.506625652313232,4.032322406768799,0.0
-0.31144797801971436,3.375401496887207,0.0
2.415461301803589,-0.48417505621910095,0.0
-1.2714353799819946,5.23393440246582,0.0
8.71436595916748,5.587136745452881,1.000626802444458
-2.8082408905029297,2.3175437450408936,0.0
1.968321442604065,-0.8534043431282043,0.0
2.6277453899383545,2.1386163234710693,0.0
3.3714306354522705,4.326779842376709,1.979386806488037
-0.1377457082271576,1.680345058441162,0.0
1.3750550746917725,2.8247616291046143,0.0
1.9708398580551147,2.4954614639282227,0.0
0.22035743296146393,2.100114345550537,0.0
3.3283088207244873,6.76910400390625,0.0
-0.3505694270133972,2.297485828399658,3.0312860012054443
8.600858688354492,3.6302051544189453,0.0
-1.8608955144882202,6.4038286209106445,1.6037026643753052
6.73477840423584,4.500187397003174,0.0
2.9174506664276123,3.5370891094207764,0.0
2.7740678787231445,7.115681171417236,0.0
-2.510965585708618,5.379931449890137,0.0
2.052493095397949,-1.5395556688308716,2.724252462387085
8.235648155212402,5.368690013885498,0.7198792695999146
-3.012181282043457,7.119277000427246,0.0
3.0149388313293457,7.28917121887207,1.8926568031311035
-0.9400302767753601,2.632537603378296,0.0
3.7642242908477783,6.65466833114624,0.0
4.249394416809082,6.084112167358398,0.0
1.4068623781204224,0.5376951694488525,0.0
1.252243995666504,3.265148639678955,0.0
-0.07849404960870743,4.066671848297119,2.2938122749328613
1.4746973514556885,4.197056293487549,0.0
9.488980293273926,4.4615912437438965,0.0
0.2529725134372711,2.2141363620758057,0.0
-0.08734060078859329,4.583772659301758,0.0
0.9959591627120972,5.301474094390869,0.0
2.905167818069458,-1.3483909368515015,0.0
-0.1458956003189087,1.597151517868042,0.0
1.849576473236084,3.0213890075683594,0.0
0.7615581154823303,0.4362112283706665,0.0
-1.6569825410842896,0.8987016081809998,0.0
-4.313760280609131,3.4787096977233887,0.0
4.681365966796875,5.626830577850342,0.0
1.3364107608795166,8.917604446411133,0.0
0.5029764771461487,0.9789661169052124,0.0
1.2745602130889893,7.084780693054199,0.0
4.511122703552246,3.378013849258423,0.0
2.2000486850738525,2.7170567512512207,0.0
4.676656723022461,4.986105918884277,2.084092855453491
7.224964618682861,4.515422821044922,0.0
-0.7817234396934509,6.295735836029053,0.0
2.009877920150757,-0.6925235390663147,0.0
-2.527430534362793,8.714190483093262,0.0
-0.6088646054267883,2.516359806060791,0.0
4.245253086090088,2.636986255645752,0.0
1.5437560081481934,2.2568607330322266,0.0
-0.30989953875541687,3.6115763187408447,0.0
3.0907740592956543,6.750026226043701,0.0
6.664129257202148,3.200792074203491,0.0
9.238404273986816,5.938910007476807,0.0
2.3683300018310547,5.6376776695251465,0.0
-0.7865943908691406,2.9884564876556396,0.0
5.766746520996094,4.369716167449951,0.0
-1.1898218393325806,5.989821910858154,0.0
1.0701093673706055,1.4190033674240112,0.0
3.476893901824951,3.8747966289520264,0.0
2.7994985580444336,0.7522472143173218,0.0
-2.562453269958496,2.9158575534820557,0.0
1.2407326698303223,6.665467739105225,0.0
1.1141395568847656,7.740536689758301,0.0
3.706400156021118,3.5888242721557617,0.0
6.3259124755859375,3.389134645462036,0.0
-3.550194025039673,7.2390851974487305,0.0
4.4787983894348145,5.686531066894531,2.3374247550964355
2.0216736793518066,-1.1359140872955322,0.0
3.321807384490967,5.042576313018799,0.0
3.2639946937561035,2.788881301879883,0.0
-2.914177656173706,2.2653491497039795,0.0
7.142728328704834,2.6511924266815186,0.0
1.0127445459365845,3.1140599250793457,0.0
6.999091625213623,4.426549434661865,0.0
3.066399335861206,6.031759738922119,0.0
1.429428219795227,0.3028865158557892,0.0
2.4749443531036377,6.303324222564697,0.0
8.950738906860352,3.6275930404663086,0.0
8.603763580322266,5.782810211181641,0.0
3.574657440185547,5.808320999145508,0.0
7.911744594573975,2.843763828277588,0.0
2.2815966606140137,-1.6784594058990479,0.0
3.974205493927002,4.548867225646973,0.0
-2.573617696762085,8.21728515625,2.079179048538208
0.4204891324043274,1.9458644390106201,0.0
3.63236665725708,4.264326095581055,2.0129122734069824
2.279446840286255,0.2530896067619324,0.0
-0.7061681747436523,7.5236968994140625,0.0
2.7805593013763428,4.024397850036621,2.349342107772827
2.902024984359741,0.6804737448692322,0.0
3.4109928607940674,4.252750396728516,0.0
-2.343904972076416,2.835167407989502,0.0
-1.3134710788726807,3.6105048656463623,0.0
2.4910218715667725,4.235017776489258,1.8548650741577148
-2.970449209213257,7.136972427368164,0.0
4.215390682220459,5.266092300415039,0.0
0.5145986080169678,4.091091156005859,0.0
4.202989101409912,4.908891201019287,0.0
0.14375492930412292,2.136723279953003,0.0
1.4449235200881958,3.832148313522339,0.0
3.6927804946899414,4.9457244873046875,0.0
-0.29133233428001404,2.8433961868286133,0.0
2.7243940830230713,2.601196765899658,0.0
0.0647028312087059,4.9935455322265625,0.0
-1.873854398727417,7.518961429595947,2.0822465419769287
1.3822976350784302,1.6976404190063477,0.0
1.9155426025390625,5.286334991455078,0.0
1.1350054740905762,0.4840563237667084,0.0
5.983395576477051,4.294921398162842,0.0
3.1207056045532227,3.0987708568573,0.0
8.995675086975098,5.5323333740234375,0.0
2.1940269470214844,4.385632514953613,0.0
3.489105224609375,3.7992918491363525,0.0
0.5350342988967896,0.9714145064353943,2.1972246170043945
1.1998060941696167,2.3910984992980957,0.0
0.3778204619884491,1.8364919424057007,0.0
4.317848205566406,5.025141716003418,0.0
1.0287718772888184,2.4963314533233643,0.0
2.2653982639312744,0.3178737461566925,0.0
6.069120407104492,3.5121521949768066,2.8392574787139893
0.6740923523902893,2.5688939094543457,0.0
5.850325584411621,3.2973153591156006,0.0
1.7996342182159424,3.820580244064331,0.0
-0.13987590372562408,2.5564217567443848,0.0
1.744123935699463,2.5309886932373047,0.0
-0.07354793697595596,3.028153419494629,0.0
-1.8431479930877686,6.097753047943115,0.0
0.6510289907455444,2.3597707748413086,0.0
6.668645858764648,4.0003790855407715,0.0
6.507508754730225,3.8546478748321533,0.0
1.3870302438735962,1.5160473585128784,0.0
3.9409849643707275,5.138222694396973,0.0
3.735987901687622,0.4621758759021759,0.0
-3.0667898654937744,7.322092533111572,0.0
3.304025411605835,5.449753284454346,0.0
-2.9055469036102295,6.105545997619629,2.362304210662842
3.324690580368042,1.4118088483810425,2.366670608520508
8.044220924377441,4.706430912017822,0.0
0.0008643477922305465,3.1725285053253174,0.0
2.157230854034424,6.396793365478516,0.0
-1.68101966381073,6.685463905334473,0.0
2.2688400745391846,0.2903858423233032,0.0
2.4137771129608154,-1.2840213775634766,0.0
-3.4724690914154053,2.5921857357025146,0.0
-0.8937029242515564,2.8403971195220947,0.0
3.7703263759613037,6.130582332611084,0.0
1.1476563215255737,0.38992834091186523,0.0
2.0703647136688232,2.835210084915161,0.0
-0.5773231983184814,1.4316054582595825,0.0
3.7615225315093994,4.619811534881592,0.0
-0.24493086338043213,4.056117534637451,0.0
0.07142706960439682,3.3566782474517822,0.0
8.657227516174316,5.886362075805664,0.0
-1.507523536682129,2.0525062084198,0.0
1.765717625617981,5.526332855224609,0.0
3.629636526107788,6.290964603424072,0.0
5.834976673126221,4.779847621917725,1.586788296699524
2.7394683361053467,3.1345949172973633,0.0
2.6623785495758057,1.1778478622436523,0.0
8.99933910369873,3.5499651432037354,0.0
2.588881731033325,3.354192018508911,0.0
3.0656769275665283,5.032151222229004,0.0
4.998368740081787,6.734098434448242,1.8589690923690796
2.8693695068359375,5.811214923858643,1.7044618129730225
-1.8112947940826416,3.7202391624450684,0.0
1.1366477012634277,7.760537147521973,0.0
1.9330745935440063,2.5998270511627197,0.0
-1.595326542854309,0.36542603373527527,0.0
5.139564037322998,3.1429388523101807,0.0
-0.31733572483062744,3.1567800045013428,0.0
5.786681652069092,4.766390800476074,0.0
6.80241060256958,2.1076667308807373,0.0
2.2746477127075195,1.9656521081924438,2.011228561401367
3.102609395980835,5.641406536102295,0.0
4.887096405029297,5.752723217010498,3.2726330757141113
0.2659556269645691,2.366037368774414,0.0
5.711090087890625,3.2467329502105713,0.0
-0.10829510539770126,0.02509476989507675,0.0
-1.1644974946975708,2.5766773223876953,0.0
7.148805141448975,4.118590354919434,0.0
-2.139908790588379,1.0940176248550415,0.0
1.8099948167800903,2.4725899696350098,0.0
-2.4562389850616455,4.9682207107543945,0.0
0.47662198543548584,0.5556737184524536,0.0
0.8803954720497131,0.4460218548774719,0.0
-2.836350679397583,5.409180641174316,0.0
3.7733635902404785,2.608560800552368,0.0
7.2777018547058105,4.71479606628418,0.0
-2.184602975845337,7.653291702270508,0.0
4.813009262084961,6.268223285675049,0.0
3.6165504455566406,4.775599479675293,0.0
0.2798709571361542,3.033613920211792,0.0
-1.716190218925476,7.739259243011475,0.0
2.0078606605529785,7.2138543128967285,0.0
6.403443813323975,2.8440661430358887,0.0
2.4184069633483887,4.336383819580078,0.0
3.882420778274536,1.952365756034851,0.0
2.366132974624634,4.988128662109375,2.338270425796509
1.7421406507492065,0.42189523577690125,0.0
1.074223279953003,7.337371349334717,0.0
-0.7281981706619263,4.123969554901123,0.0
7.119822978973389,3.099332809448242,0.0
1.1779475212097168,1.9934394359588623,0.0
0.48869574069976807,0.8781415820121765,0.0
0.8845627307891846,1.5228991508483887,0.0
-3.4027152061462402,3.6234500408172607,0.0
2.15104079246521,-0.4201148748397827,0.0
0.6203076243400574,1.2558104991912842,0.0
2.105405807495117,-0.7901519536972046,0.0
1.603558897972107,-0.5067494511604309,0.0
2.1909356117248535,3.625898838043213,2.443671941757202
-0.5394598841667175,3.223062753677368,0.0
1.9814493656158447,1.1110526323318481,0.0
8.374847412109375,4.990575313568115,0.0
0.11975172162055969,3.750511646270752,0.0
2.5761640071868896,2.569620370864868,0.0
2.689265251159668,5.475359916687012,2.0462136268615723
-1.436638593673706,0.6184642910957336,2.477968454360962
3.761667490005493,6.948334693908691,2.227661609649658
1.1917641162872314,2.968477964401245,0.0
-0.4117386043071747,2.019585609436035,0.0
-0.029645517468452454,2.4572179317474365,0.0
2.681853771209717,6.802732467651367,0.0
0.9853450655937195,4.7941365242004395,0.0
1.1726582050323486,2.4053585529327393,0.0
2.7662930488586426,4.2272796630859375,0.0
1.9443455934524536,6.425732612609863,0.0
-2.675642251968384,2.9958202838897705,0.0
3.1020660400390625,0.6341936588287354,0.0
7.236138820648193,5.556066989898682,0.0
1.384779691696167,3.5116701126098633,0.0
1.49678373336792,2.9556312561035156,0.0
0.13561265170574188,2.146599769592285,0.0
2.3420445919036865,3.144270181655884,0.0
3.2255144119262695,4.974985599517822,0.0
1.9833072423934937,2.416241407394409,0.0
-0.6662082076072693,1.4684271812438965,0.0
3.506042718887329,4.06962251663208,0.0
-3.632990837097168,2.6677589416503906,0.0
3.105477809906006,-1.4056204557418823,0.0
2.894425392150879,-0.3051501214504242,0.0
-3.700828790664673,6.379845142364502,0.0
1.8514926433563232,5.161643981933594,0.0
4.29224157333374,6.629396915435791,0.0
1.7739132642745972,2.419576406478882,0.0
2.5541789531707764,3.7334728240966797,0.0
2.320585250854492,0.4488857686519623,0.0
0.4590485095977783,2.3484742641448975,0.0
0.12897330522537231,3.4820010662078857,0.0
1.5306824445724487,0.4283689856529236,0.0
-1.5450100898742676,2.7291977405548096,0.0
-2.2424674034118652,2.38374400138855,0.0
-1.5263421535491943,3.1330599784851074,0.0
3.1310744285583496,5.631339073181152,0.0
2.304668426513672,-1.6974849700927734,0.0
2.3057167530059814,2.979971408843994,0.0
1.8453938961029053,2.6831798553466797,0.0
6.357008457183838,4.6066107749938965,0.0
3.7854161262512207,4.689859867095947,0.0
2.3305585384368896,1.416768193244934,0.0
-2.233192205429077,1.7519996166229248,0.0
1.1954201459884644,2.7769112586975098,0.0
-0.9399287104606628,6.311641216278076,0.0
9.171975135803223,5.2469377517700195,2.2243447303771973
-1.6643822193145752,-0.0128240454941988,0.0
2.6254024505615234,2.792323589324951,0.0
1.8684132099151611,6.2647552490234375,0.0
2.023029088973999,2.4364140033721924,0.0
2.8972156047821045,3.0523505210876465,0.0
4.240482330322266,6.43037748336792,0.0
3.0386879444122314,4.085782051086426,0.0
0.12859830260276794,2.800264835357666,0.0
1.1764135360717773,7.228753566741943,0.0
-1.8949964046478271,0.4521600604057312,0.0
4.368899345397949,4.532537460327148,0.0
4.727512359619141,2.454695463180542,0.0
-0.205566868185997,4.052145004272461,0.0
3.0474843978881836,-1.5130442380905151,0.0
3.057504892349243,5.498996257781982,0.0
2.6823012828826904,3.197688579559326,3.0974605083465576
0.8061302900314331,2.4630887508392334,0.0
2.412670612335205,2.800508499145508,0.0
9.045889854431152,3.439340353012085,0.0
-0.5524179935455322,2.493068218231201,0.0
-0.9060341119766235,2.4601399898529053,0.0
-2.3766798973083496,2.457698106765747,0.0
0.9986161589622498,1.6908016204833984,0.0
2.3961575031280518,3.338534116744995,2.216658353805542
7.901495456695557,3.2047688961029053,0.0
9.242936134338379,5.371942043304443,0.0
1.7986211776733398,5.387139797210693,0.0
-0.4790010452270508,2.8749196529388428,0.0
3.0251569747924805,2.8709323406219482,0.0
7.252864837646484,2.629288911819458,0.0
0.2839508056640625,1.037949562072754,0.0
1.8867740631103516,-0.16897177696228027,0.0
3.824383497238159,5.522404670715332,1.435084581375122
8.578975677490234,3.6424639225006104,0.0
8.402055740356445,4.021653175354004,0.0
6.635353088378906,3.549733877182007,0.0
4.12322998046875,2.609492301940918,0.0
3.353301525115967,3.7160654067993164,2.125856637954712
1.5826956033706665,1.2577431201934814,0.0
0.4202177822589874,2.301335334777832,0.0
-0.37016376852989197,2.915478229522705,0.0
-4.200534343719482,6.799086093902588,0.0
0.21464481949806213,4.059874057769775,0.0
1.2580434083938599,1.1055599451065063,0.0
9.642108917236328,5.309621334075928,0.0
0.8331417441368103,6.877560615539551,0.0
-1.906557559967041,7.035543441772461,0.0
-1.4402835369110107,2.3505380153656006,0.0
-0.19422705471515656,4.04429817199707,0.0
1.7853113412857056,-0.316567987203598,0.0
0.03449331223964691,0.9853335022926331,0.0
2.1627933979034424,5.803524494171143,2.1021697521209717
-2.299809217453003,7.664035320281982,0.0
1.2159152030944824,2.171290636062622,0.0
3.7917799949645996,6.0001912117004395,0.0
3.591054916381836,5.269020080566406,0.0
4.844388484954834,5.952247619628906,2.152292490005493
-2.2425248622894287,3.321833610534668,0.0
0.22557573020458221,2.021873950958252,0.0
3.516326904296875,5.256920337677002,1.9665921926498413
2.623605728149414,7.044935703277588,0.0
2.1848413944244385,2.5932955741882324,0.0
1.0792937278747559,0.9062289595603943,0.0
-0.23764538764953613,2.8105850219726562,0.0
2.149996042251587,0.6371805667877197,0.0
0.49354344606399536,2.4643683433532715,0.0
3.2985165119171143,6.057155609130859,0.0
2.58004093170166,5.083064556121826,2.700615167617798
2.493411064147949,2.3170418739318848,0.0
4.329310894012451,5.299982070922852,0.0
5.4915947914123535,3.426079750061035,0.0
3.8772573471069336,5.6454973220825195,2.706465005874634
3.021937847137451,3.840240716934204,0.0
8.872657775878906,3.583688735961914,0.0
2.624591827392578,5.498805999755859,0.0
-2.0728001594543457,1.9605565071105957,2.6496613025665283
9.655582427978516,6.344593524932861,0.0
3.7331383228302,4.660756587982178,0.0
2.4321329593658447,2.3896987438201904,0.0
-0.4543311893939972,6.179400444030762,0.0
-0.3307429254055023,1.6999167203903198,0.0
2.524223804473877,0.5019983053207397,0.0
1.7294855117797852,7.4063286781311035,0.0
-0.6197307109832764,1.7046042680740356,0.0
-3.4478814601898193,6.8460469245910645,0.0
0.9147967100143433,1.3906877040863037,0.0
3.0580718517303467,2.6491689682006836,0.0
1.8819013833999634,3.2780017852783203,0.0
-2.0845048427581787,10.07531452178955,0.0
0.409676194190979,3.1796953678131104,0.0
-0.8245853781700134,7.609810829162598,0.0
3.2303130626678467,3.4427530765533447,0.0
-0.09802554547786713,2.93430757522583,0.0
2.46885085105896,4.028822898864746,0.0
3.9628350734710693,3.334883451461792,3.09443736076355
2.4950294494628906,6.823525905609131,0.0
1.7037208080291748,8.131935119628906,0.0
1.1465065479278564,3.2708446979522705,0.0
-0.5366625785827637,5.639117240905762,0.0
1.4953516721725464,5.414217472076416,0.0
1.5627360343933105,1.9627199172973633,2.268563985824585
3.9253547191619873,4.697103023529053,2.7478606700897217
1.91673743724823,6.853670597076416,0.0
3.438322067260742,5.724034309387207,0.0
2.897124767303467,4.363184452056885,0.0
-0.6392015218734741,7.737287521362305,0.0
1.4013599157333374,9.787128448486328,0.0
1.6460100412368774,6.756886005401611,1.9375568628311157
2.0548782348632812,9.282309532165527,0.0
0.45506349205970764,2.91915225982666,0.0
0.9545502066612244,7.5116777420043945,0.0
-0.9734939336776733,6.359401702880859,0.0
1.8141454458236694,5.172339916229248,0.0
1.8586684465408325,8.228241920471191,1.9447110891342163
1.9124715328216553,2.0555789470672607,0.0
-0.5140069127082825,4.656284809112549,0.0
3.0599288940429688,6.095435619354248,2.8685405254364014
-1.6778814792633057,6.923183441162109,1.790510654449463
0.5905874967575073,7.396142482757568,0.0
0.06131390854716301,7.527037620544434,0.0
3.951441526412964,4.460677146911621,0.0
0.1124873235821724,2.7288053035736084,2.921800136566162
1.2001739740371704,8.56003475189209,0.0
1.1248693466186523,7.397409439086914,0.0
1.304390549659729,4.892202377319336,0.0
-0.3388899564743042,2.6447665691375732,0.0
-2.7364554405212402,8.417581558227539,0.0
1.5159692764282227,6.410382270812988,0.0
2.2504148483276367,8.384993553161621,0.0
3.020536422729492,8.444175720214844,0.0
-1.2408277988433838,2.1340832710266113,2.4971868991851807
3.1112704277038574,4.738008975982666,1.9027799367904663
3.0929226875305176,6.0209856033325195,0.0
1.0823168754577637,6.672064304351807,0.0
1.3027470111846924,8.333106994628906,0.0
1.0881904363632202,8.501583099365234,2.0628206729888916
2.5945980548858643,-1.8270033597946167,0.0
1.641708254814148,7.504096508026123,0.0
2.8717799186706543,6.756780624389648,0.0
3.182027578353882,5.4252166748046875,1.9406147003173828
2.174736499786377,4.560364723205566,0.0
0.41449669003486633,2.9429755210876465,0.0
0.9906699061393738,7.196052074432373,0.0
2.7388527393341064,7.565171718597412,0.0
0.9237944483757019,2.2455270290374756,0.0
-1.7020578384399414,0.2512483298778534,0.0
-1.2660390138626099,7.578779697418213,0.0
6.4746904373168945,2.950437068939209,0.0
-0.7752211689949036,9.882591247558594,0.0
1.969995141029358,7.83778190612793,1.5821655988693237
1.2291505336761475,2.0568020343780518,0.0
1.9271210432052612,8.145537376403809,0.0
-1.8237465620040894,7.9904303550720215,2.7169620990753174
1.0274747610092163,4.325058460235596,0.0
0.9444782137870789,0.9028551578521729,0.0
0.2912563681602478,2.4229896068573,0.0
-0.39639803767204285,8.038440704345703,0.0
2.822875738143921,-0.8917126059532166,0.0
0.5145559310913086,2.3254191875457764,0.0
1.6722921133041382,6.208406925201416,0.0
1.493552327156067,4.532968044281006,2.3852643966674805
3.4471168518066406,2.432723045349121,0.0
0.07252583652734756,1.5454471111297607,0.0
-0.40460851788520813,5.786291122436523,0.0
0.5431602597236633,7.08753776550293,0.0
-1.5990979671478271,3.9355428218841553,0.0
-1.8319718837738037,0.54340660572052,0.0
1.7382444143295288,8.594289779663086,0.0
2.494830369949341,7.859348773956299,0.0
0.03623324632644653,4.502089977264404,0.0
-0.29539015889167786,7.795114040374756,0.0
0.9176636934280396,3.5376832485198975,0.0
1.9195636510849,6.673709869384766,0.0
0.6361497044563293,5.364908218383789,0.0
1.7779746055603027,8.248435974121094,0.0
1.692478060722351,7.441961765289307,0.0
-0.8978675007820129,8.050246238708496,0.0
-0.15391021966934204,5.859904766082764,0.0
2.873737096786499,3.9740378856658936,0.0
2.5902860164642334,3.181535482406616,0.0
-0.29358258843421936,9.704475402832031,0.0
2.111421823501587,6.415448188781738,0.0
2.5462443828582764,4.789642810821533,0.0
1.678963541984558,2.5412075519561768,0.0
2.506387710571289,5.158802509307861,0.0
1.5957846641540527,5.020843505859375,0.0
-0.23282046616077423,8.916255950927734,0.0
0.3313000202178955,7.768800258636475,0.0
3.0549163818359375,1.0891791582107544,0.0
-0.6806623935699463,4.704801559448242,0.0
0.5689958930015564,9.504990577697754,2.6472206115722656
1.4377501010894775,2.3429110050201416,0.0
0.8877658247947693,4.297170639038086,0.0
1.466442584991455,6.608887672424316,0.0
0.20418031513690948,6.799434185028076,0.0
4.214682102203369,6.729211330413818,3.3049330711364746
-0.07728535681962967,7.990458011627197,0.0
2.5781545639038086,8.03751277923584,0.0
-0.3797016441822052,8.137636184692383,0.0
-3.4272971153259277,6.998466491699219,0.0
4.640508651733398,2.8319475650787354,1.591443657875061
-1.713732361793518,9.52934455871582,0.0
1.5580874681472778,3.891216278076172,0.0
0.23496867716312408,6.494675636291504,0.0
-0.27065929770469666,8.626394271850586,3.9350991249084473
-2.8611655235290527,10.56028938293457,0.0
1.2574578523635864,6.24858283996582,0.0
1.042067050933838,10.028467178344727,0.0
1.1896554231643677,7.04191780090332,0.0
0.5209510922431946,7.936408042907715,3.167351245880127
3.31066632270813,5.265140533447266,0.0
1.8802764415740967,7.57825231552124,0.0
4.070663928985596,2.2367379665374756,0.0
-0.6134884357452393,2.8148486614227295,0.0
-1.742836356163025,6.298213481903076,0.0
2.7516260147094727,6.934013843536377,0.0
0.3037574589252472,3.7741448879241943,0.0
1.9429959058761597,8.895029067993164,3.1868743896484375
-0.16716532409191132,8.000585556030273,0.0
0.531690239906311,7.879668235778809,0.0
0.35897770524024963,5.833418846130371,0.0
-1.4971208572387695,3.10862398147583,0.0
0.7040528059005737,3.967957019805908,2.207242488861084
0.5219980478286743,7.695347309112549,0.0
-2.3514444828033447,7.108059883117676,2.0616226196289062
0.6335468888282776,4.358896255493164,0.0
-1.24839186668396,2.749906063079834,0.0
-0.07995805889368057,7.9465556144714355,0.0
1.6801589727401733,9.603693962097168,0.0
1.7795724868774414,1.117562174797058,0.0
0.9072190523147583,8.783589363098145,0.0
2.085844039916992,2.225945234298706,0.0
2.333174228668213,5.716346263885498,3.139456272125244
1.315914511680603,6.095355033874512,0.0
1.3842002153396606,1.3706543445587158,0.0
1.299997329711914,4.846157073974609,0.0
3.866448402404785,3.6197690963745117,0.0
-2.2809855937957764,4.032505512237549,0.0
3.148026704788208,7.508639812469482,2.9533886909484863
0.8468437194824219,2.640289545059204,0.0
3.6505610942840576,0.6963862180709839,0.0
0.6410590410232544,1.3957428932189941,0.0
3.5465400218963623,8.235208511352539,0.0
2.308868408203125,3.142199993133545,1.7876049280166626
0.26336970925331116,4.794775485992432,0.0
3.753629446029663,2.095897912979126,0.0
3.3382456302642822,6.634566783905029,2.473479986190796
0.7946596145629883,6.549834728240967,0.0
2.087087631225586,4.128274440765381,0.0
-0.8604709506034851,1.973736047744751,2.3408122062683105
1.640978455543518,3.1026875972747803,0.0
0.19340156018733978,8.946944236755371,0.0
1.5672414302825928,9.72301197052002,0.0
0.8227006196975708,4.875809192657471,0.0
2.635468006134033,6.384500980377197,0.0
1.9317246675491333,8.75466537475586,0.0
-0.10557931661605835,1.742407202720642,0.0
-3.3377773761749268,9.607752799987793,1.5939397811889648
2.2732133865356445,5.562344551086426,0.0
1.7650387287139893,6.849833965301514,0.0
1.300852656364441,8.433377265930176,0.0
-0.9786384105682373,7.921523094177246,0.0
-0.297000527381897,9.666775703430176,1.7407218217849731
2.7488324642181396,6.554542541503906,0.0
-1.1793535947799683,9.443220138549805,0.0
2.725147008895874,8.231258392333984,0.0
-1.9071670770645142,7.095614433288574,2.3888535499572754
-0.5430665016174316,5.047532558441162,0.0
1.7003262042999268,7.434202671051025,0.0
1.4842182397842407,2.8285531997680664,0.0
2.766878843307495,7.272313117980957,0.0
0.2523030638694763,6.633034706115723,0.0
3.075336217880249,3.3399057388305664,0.0
-0.9204028248786926,4.060996055603027,0.0
-2.636610269546509,10.100118637084961,2.651496171951294
1.164801001548767,4.913120269775391,0.0
2.5842223167419434,8.034109115600586,0.0
2.5345582962036133,7.181880950927734,1.9447110891342163
2.673954963684082,6.371571063995361,0.0
3.679447889328003,2.628087043762207,2.287426471710205
0.4950236678123474,9.265310287475586,0.0
-0.7161897420883179,8.049633026123047,0.0
7.8333635330200195,3.022127389907837,1.2854876518249512
1.9298592805862427,7.7056074142456055,0.0
2.6126902103424072,3.7373743057250977,0.0
1.2473084926605225,4.162743091583252,0.0
0.9308667778968811,4.048058032989502,0.0
-2.3134639263153076,8.381518363952637,0.0
3.482199192047119,5.497859477996826,0.0
1.2768831253051758,5.436797618865967,0.0
1.524315595626831,5.473349571228027,0.0
1.7737865447998047,9.02641487121582,1.5413886308670044
-0.717994749546051,1.7956756353378296,0.0
1.693127155303955,7.367676258087158,1.8859844207763672
3.0216782093048096,3.7568137645721436,0.0
-0.4829566478729248,4.562294960021973,0.0
2.2228946685791016,4.548417091369629,0.0
-1.0084736347198486,6.9229254722595215,0.0
1.718248724937439,9.654540061950684,0.0
3.902651786804199,5.031469821929932,2.18033766746521
0.85390305519104,6.586918830871582,0.0
1.9207122325897217,0.30033254623413086,0.0
3.668867588043213,2.38661789894104,0.0
-0.25863179564476013,0.9584563970565796,0.0
3.0110726356506348,5.4637651443481445,0.0
0.663557231426239,3.103619337081909,0.0
0.5341395139694214,8.72115707397461,0.0
2.356215476989746,6.789112091064453,2.035144805908203
4.2796478271484375,3.1579344272613525,0.0
1.6963025331497192,5.049499034881592,0.0
1.5954631567001343,2.941218376159668,0.0
2.5753819942474365,8.520527839660645,0.0
0.5277733206748962,4.887876510620117,0.0
2.5861685276031494,4.324404239654541,0.0
1.2613517045974731,1.6426647901535034,0.0
3.495147466659546,0.5330612659454346,0.0
2.2070233821868896,2.8762624263763428,0.0
-1.6953885555267334,10.378089904785156,0.0
2.440617561340332,3.2623651027679443,0.0
6.626216411590576,3.049699068069458,0.0
-0.1658569723367691,1.7297322750091553,0.0
1.186460256576538,8.293974876403809,1.6735161542892456
-0.22395530343055725,3.120152473449707,0.0
0.4855988919734955,8.803552627563477,0.0
2.764390707015991,3.9395365715026855,0.0
3.5628952980041504,4.803376197814941,0.0
2.891099452972412,8.03877067565918,0.0
0.5124251842498779,5.878498077392578,0.0
0.5864711403846741,0.16081613302230835,0.0
-1.1664986610412598,7.727575302124023,0.0
1.580397367477417,6.90300178527832,0.0
2.0938432216644287,2.4782562255859375,2.6079137325286865
2.2975823879241943,1.66657555103302,0.0
1.3614081144332886,3.864515781402588,0.0
1.7220637798309326,5.729855537414551,0.0
1.8088512420654297,8.419489860534668,0.0
2.5143771171569824,-1.9495667219161987,0.0
-1.7314146757125854,3.8460958003997803,0.0
-0.4981364607810974,8.495177268981934,0.0
7.415767669677734,2.8822505474090576,0.0
1.641290545463562,7.5832743644714355,0.0
2.1454315185546875,9.02133560180664,0.0
3.661526679992676,6.282622814178467,0.0
2.9137728214263916,6.967005729675293,0.0
3.9108564853668213,5.027749061584473,0.0
3.353379726409912,7.806399822235107,0.0
-0.9693757891654968,3.0532472133636475,0.0
4.320651054382324,3.0641634464263916,0.0
2.2342278957366943,3.3574788570404053,0.0
0.08441933989524841,5.161800384521484,2.563105344772339
0.6637839674949646,5.889931678771973,0.0
0.7465486526489258,6.44486665725708,2.182429075241089
-0.8206639289855957,6.215118408203125,0.0
-0.3075043261051178,2.8774592876434326,0.0
0.33460351824760437,7.81801176071167,0.0
1.6551237106323242,7.355047702789307,0.0
1.8240966796875,2.534973382949829,0.0
0.2266329973936081,8.835317611694336,0.0
4.285787105560303,6.139671802520752,0.0
-1.7854074239730835,0.0212669987231493,0.0
1.3075040578842163,8.757673263549805,0.0
-1.4978063106536865,10.340877532958984,0.0
0.027944834902882576,9.39827823638916,0.0
7.88883113861084,4.383596420288086,0.0
-0.12203053385019302,4.258355140686035,0.0
0.1492341011762619,9.425570487976074,0.0
1.2495523691177368,8.2087984085083,0.0
0.7859776020050049,6.486741542816162,0.0
-0.10971275717020035,8.75003719329834,2.1549854278564453
3.171560764312744,6.0130085945129395,0.0
0.794140636920929,2.737966775894165,0.0
4.190026760101318,6.315927982330322,2.2516496181488037
1.5930598974227905,7.764802932739258,0.0
2.5520455837249756,3.9608688354492188,0.0
0.3048265874385834,9.3695650100708,0.0
-2.0952348709106445,7.71451997756958,0.0
-0.3685016930103302,2.7815115451812744,0.0
0.3769207000732422,4.709043979644775,0.0
-3.25913405418396,8.576519966125488,0.0
-0.6424403190612793,6.698122501373291,2.4885354042053223
2.4526047706604004,7.748422622680664,0.0
-0.5172145962715149,3.776287317276001,0.0
1.9680851697921753,9.121045112609863,2.0706539154052734
-0.32548439502716064,3.78959584236145,0.0
3.6551337242126465,7.009453296661377,1.8280805349349976
-2.923128128051758,6.128305435180664,0.0
1.3852757215499878,6.252317428588867,0.0
1.267840027809143,5.718200206756592,0.0
3.6714670658111572,5.023716926574707,2.614341974258423
-2.161656618118286,9.646052360534668,0.0
1.3311724662780762,1.2191815376281738,0.0
8.024824142456055,5.196446895599365,0.0
-3.4464282989501953,3.6749892234802246,0.0
7.66745662689209,5.905322074890137,0.0
1.8424608707427979,0.6899167895317078,0.0
-0.5372669696807861,4.524119853973389,0.0
1.4208996295928955,-0.25476276874542236,0.0
-0.6733066439628601,2.8150997161865234,0.0
-0.7674410939216614,3.3320257663726807,0.0
7.384740829467773,2.8492093086242676,0.0
3.288710117340088,4.180426120758057,0.0
0.37531617283821106,3.80785870552063,0.0
0.11560371518135071,3.062535524368286,0.0
1.0742595195770264,3.227487564086914,0.0
0.06430110335350037,4.2846856117248535,0.0
8.757332801818848,5.068294525146484,0.0
9.524150848388672,5.143056392669678,0.0
-0.28842127323150635,3.2110369205474854,0.0
0.29590749740600586,9.133017539978027,0.0
8.85726547241211,3.3041932582855225,0.0
6.179595947265625,2.9856038093566895,0.0
9.3694429397583,5.335559844970703,0.0
0.886009156703949,1.7066713571548462,0.0
8.665005683898926,3.3250112533569336,0.0
8.360313415527344,3.514768123626709,0.0
0.4334615170955658,2.9793717861175537,0.0
-1.008558988571167,3.074751615524292,0.0
-0.920444130897522,2.72285532951355,0.0
-0.46487662196159363,4.191401481628418,0.0
1.4501490592956543,6.176484107971191,0.0
-3.526489019393921,4.044900417327881,0.0
-0.8978952169418335,2.412733793258667,0.0
3.545494318008423,2.4912891387939453,0.0
0.477495014667511,1.5289802551269531,0.0
0.23624473810195923,5.337721347808838,0.0
9.279047966003418,5.8596086502075195,1.5192679166793823
0.2578686475753784,3.728994846343994,0.0
1.214518427848816,4.033869743347168,0.0
6.644688129425049,5.065718173980713,0.0
9.264275550842285,4.777459144592285,0.0
4.387618541717529,6.294371128082275,2.059828758239746
6.355146408081055,3.796607255935669,0.0
-0.9761794209480286,2.047041416168213,0.0
0.9231890439987183,4.151827812194824,0.0
-4.579440116882324,6.722578525543213,0.0
-1.368615746498108,5.44072151184082,0.0
4.289455413818359,3.4752731323242188,0.0
0.5248470902442932,6.606774806976318,0.0
1.8438745737075806,5.879868984222412,0.0
2.2201642990112305,6.718337535858154,0.0
0.9322671294212341,6.521787643432617,0.0
4.391244888305664,6.386967182159424,1.5712018013000488
0.29750558733940125,4.2327752113342285,0.0
-3.5860230922698975,3.823575735092163,0.0
3.073991298675537,6.428683280944824,0.0
8.351743698120117,3.629260540008545,0.0
-0.36742672324180603,2.853759288787842,0.0
1.99530827999115,6.9826836585998535,0.0
3.4613983631134033,5.294426441192627,2.4360251426696777
3.80899715423584,4.131282806396484,0.0
3.2034294605255127,7.672697067260742,2.2254488468170166
5.724725246429443,3.3223586082458496,0.0
3.159048557281494,-0.2591417729854584,0.0
1.4403066635131836,8.292313575744629,0.0
-2.840513229370117,7.3105058670043945,0.0
5.920767307281494,4.199199676513672,0.0
-2.761059284210205,9.511816024780273,0.0
2.683933734893799,2.833585500717163,0.0
7.366518974304199,5.266848087310791,0.0
-0.2663205862045288,6.448359489440918,0.0
3.7241673469543457,4.187078952789307,0.0
0.8658736944198608,6.845980167388916,0.0
1.9187780618667603,5.085242748260498,0.0
8.98560905456543,3.4694132804870605,0.0
2.1598684787750244,8.722107887268066,0.0
8.212600708007812,4.640565872192383,0.0
-2.815349578857422,8.568594932556152,2.505411148071289
3.260803699493408,5.70924186706543,2.2910125255584717
2.048583984375,2.713651180267334,0.0
8.739547729492188,3.7291769981384277,0.0
0.661418616771698,4.478524208068848,0.0
5.901225566864014,3.133759021759033,0.0
7.3409271240234375,4.3305559158325195,0.0
-1.7953392267227173,6.996242046356201,0.0
4.553608417510986,6.800856590270996,0.0
3.034682035446167,7.157832622528076,0.0
7.14456033706665,3.1971356868743896,0.0
0.3533969521522522,4.113766670227051,0.0
0.863215446472168,4.613188743591309,0.0
1.4926522970199585,9.079744338989258,0.0
2.019620180130005,5.290144443511963,0.0
5.043531894683838,6.607239246368408,3.44724178314209
1.1499587297439575,5.498165130615234,0.0
-0.01086659636348486,2.129828691482544,0.0
7.422293663024902,5.377353668212891,0.0
7.143154144287109,4.671277046203613,0.0
0.832537829875946,8.241133689880371,0.0
1.685196042060852,4.605891704559326,0.0
0.49816134572029114,8.377960205078125,0.0
3.2962663173675537,1.9712388515472412,0.0
4.866245746612549,6.057168960571289,0.0
-1.6413830518722534,4.165536403656006,0.0
9.10246753692627,3.9204766750335693,3.275078058242798
8.633095741271973,6.071767807006836,1.5742290019989014
4.647518634796143,5.49147367477417,1.5604183673858643
1.9845157861709595,1.8820902109146118,0.0
1.834019660949707,0.7466889023780823,0.0
0.8526028990745544,3.3715734481811523,0.0
-2.407763719558716,5.310881614685059,0.0
1.2253936529159546,2.959472894668579,0.0
-1.3323109149932861,2.4878103733062744,0.0
2.6037964820861816,2.60205340385437,0.0
-0.11287009716033936,2.588047981262207,0.0
-0.4875172972679138,4.875373840332031,2.4870176315307617
3.904975414276123,4.659665107727051,2.5554027557373047
-4.316983699798584,3.015584945678711,0.0
0.8171792030334473,2.355952739715576,0.0
0.23705022037029266,3.9193661212921143,0.0
1.936926245689392,0.17433112859725952,0.0
-2.9976565837860107,2.537984848022461,0.0
-2.7954676151275635,8.002863883972168,1.710375428199768
-0.59488445520401,7.200674057006836,0.0
-4.666243553161621,3.0038561820983887,0.0
-1.6255334615707397,1.7999591827392578,1.8548650741577148
-2.7243728637695312,3.4530181884765625,0.0
-2.3719635009765625,4.610621929168701,1.7337779998779297
-3.4575369358062744,5.644270896911621,0.0
2.0334959030151367,4.281888008117676,1.996789574623108
0.7831799983978271,2.7508842945098877,0.0
1.301048994064331,2.811997890472412,0.0
4.689694881439209,5.117501258850098,1.7595813274383545
2.6928281784057617,-1.1681004762649536,0.0
4.5414228439331055,5.329872131347656,2.8397629261016846
-1.0945254564285278,0.33786043524742126,0.0
0.7323001623153687,2.849668502807617,0.0
-0.932622492313385,3.609890937805176,0.0
0.801514744758606,3.7288429737091064,0.0
-0.30088913440704346,1.770473837852478,0.0
0.5629858374595642,4.180174827575684,0.0
-2.0035407543182373,7.746572494506836,0.0
1.6678686141967773,7.617110729217529,0.0
2.7995097637176514,3.4498677253723145,0.0
9.23112964630127,3.120584726333618,0.0
1.1353858709335327,0.5084847211837769,0.0
3.4212398529052734,6.183687686920166,1.9086272716522217
0.2826559543609619,1.6694620847702026,0.0
-1.0838078260421753,3.5792930126190186,0.0
1.1371865272521973,4.582245349884033,0.0
-0.1834687739610672,1.0703412294387817,0.0
7.836148738861084,2.590484380722046,0.9406976103782654
1.1344406604766846,3.1958415508270264,0.0
2.612187623977661,-1.5487509965896606,1.1799720525741577
2.1993138790130615,3.1353092193603516,1.6269452571868896
5.689647674560547,4.2582926750183105,0.0
0.7721601724624634,2.1941070556640625,0.0
0.19124901294708252,4.206883430480957,0.0
0.7657760381698608,8.037997245788574,0.0
3.378539800643921,4.690942287445068,0.0
-1.0817605257034302,2.5535833835601807,0.0
3.110748767852783,2.289013147354126,0.0
1.1662899255752563,5.62816047668457,0.0
-4.206630229949951,4.172468185424805,0.0
4.573693752288818,6.2931084632873535,2.3108162879943848
-0.18400712311267853,1.8017269372940063,0.0
1.6486254930496216,4.859560012817383,0.0
3.183274984359741,6.667525768280029,1.7360849380493164
4.319757461547852,4.7711381912231445,2.8764090538024902
0.2534051239490509,2.5324859619140625,0.0
-2.341348648071289,7.687839031219482,0.0
-1.6859889030456543,3.3512630462646484,0.0
4.6869797706604,4.507828712463379,0.0
-0.23275896906852722,-0.08704548329114914,0.0
-4.09647274017334,3.2953622341156006,0.0
3.6135196685791016,4.604259490966797,0.0
0.5198354721069336,5.037653923034668,0.0
8.055032730102539,5.4023590087890625,0.0
-3.852416753768921,3.859039545059204,0.0
-3.1375114917755127,6.827183246612549,0.0
-3.532252550125122,7.6351470947265625,0.0
4.550238609313965,2.9713454246520996,0.0
4.018259525299072,2.521252393722534,0.0
-0.7398483157157898,0.42953935265541077,1.7623744010925293
3.7480757236480713,3.9875354766845703,0.0
-1.969544529914856,7.328145980834961,0.0
7.7024245262146,5.629390716552734,0.0
0.23741252720355988,4.813952922821045,2.0497424602508545
-1.4591467380523682,3.451413154602051,0.0
2.074371814727783,5.608577728271484,1.4541492462158203
1.1748734712600708,1.594820499420166,2.5669825077056885
1.7166870832443237,4.894465446472168,0.0
-4.244929790496826,2.4201228618621826,0.0
3.161212205886841,4.315939903259277,0.0
1.4824715852737427,3.282320022583008,0.0
4.052908897399902,2.3639438152313232,0.0
2.5162482261657715,1.7175145149230957,2.0544724464416504
3.6458992958068848,4.61284875869751,1.9750977754592896
-3.5475914478302,2.9709224700927734,0.0
2.719372510910034,3.2483787536621094,0.0
2.4167251586914062,2.458237409591675,0.0
-1.0680177211761475,3.2862608432769775,0.0
3.615722179412842,2.077824592590332,0.0
-1.3021519184112549,1.9810842275619507,0.0
6.245117664337158,4.703317642211914,0.0
-4.465287685394287,2.689175844192505,0.0
2.691521406173706,4.099494457244873,0.0
-3.023948907852173,5.805800914764404,0.0
3.2947545051574707,-1.697519302368164,0.0
-3.751976728439331,3.544145345687866,0.0
1.8866301774978638,1.9892607927322388,0.0
-0.9035807847976685,1.7513686418533325,0.0
4.001705169677734,4.994751453399658,0.0
7.578315258026123,4.868499279022217,0.0
3.0275490283966064,2.559319019317627,0.0
6.92070198059082,4.500986576080322,0.0
2.876980781555176,5.286358833312988,1.7269024848937988
-4.1725969314575195,2.4897425174713135,0.0
1.6526906490325928,2.6791114807128906,0.0
-4.296203136444092,3.601375102996826,0.0
2.701204299926758,2.819220781326294,0.0
3.495746374130249,4.806694030761719,0.0
4.306468963623047,5.660834312438965,1.5889567136764526
2.946258068084717,0.45535269379615784,0.0
-2.943997621536255,8.944701194763184,2.1782517433166504
-1.542771816253662,2.0029420852661133,0.0
1.0761289596557617,2.038736581802368,0.0
-2.4876949787139893,2.3671579360961914,0.0
3.643663167953491,4.040440082550049,2.3605642318725586
-3.727060079574585,2.3047444820404053,0.0
3.0914900302886963,3.9596285820007324,0.0
6.397768020629883,3.2640388011932373,0.0
-2.690697193145752,8.767993927001953,0.0
2.067878007888794,5.053631782531738,0.0
-2.794504404067993,8.6192626953125,0.0
4.064110279083252,7.510402679443359,2.2539355754852295
3.661043643951416,3.740112066268921,0.0
0.6873753666877747,1.1088457107543945,0.0
-1.6371924877166748,0.36923328042030334,0.0
2.912527084350586,-0.3025401830673218,0.0
4.031019687652588,2.8292250633239746,0.0
2.2541403770446777,2.5663387775421143,0.0
1.196163535118103,5.5559983253479,0.0
3.800835371017456,5.44870662689209,0.0
-2.6322481632232666,6.6836161613464355,0.0
-2.235255479812622,3.1071932315826416,0.0
-3.3665378093719482,5.2735676765441895,0.0
1.8416000604629517,-0.490259051322937,0.0
4.682377815246582,5.46510124206543,1.53879714012146
-3.1359686851501465,3.0043272972106934,0.0
4.240049839019775,5.149656772613525,2.9759433269500732
3.2699878215789795,2.5056207180023193,0.0
2.6107091903686523,7.773405075073242,0.0
1.3279967308044434,1.0776584148406982,0.0
-2.4786176681518555,1.9131360054016113,0.0
1.591592788696289,-0.2160235345363617,0.0
-4.0191168785095215,2.5629096031188965,0.0
0.5310209393501282,2.133153200149536,0.0
0.824583888053894,2.119317054748535,0.0
1.559337854385376,2.3216328620910645,0.0
1.4049732685089111,4.9219279289245605,0.0
-3.1965529918670654,7.458417892456055,1.7040939331054688
4.078191757202148,5.257288455963135,2.159381151199341
-0.22375988960266113,2.5400431156158447,0.0
1.8875983953475952,3.88230299949646,0.0
-0.4307335317134857,4.465391159057617,2.511631965637207
1.7429707050323486,2.1307857036590576,2.8014132976531982
-3.491196393966675,2.848675012588501,0.0
4.074540615081787,6.343169689178467,0.0
-2.900843620300293,8.514302253723145,0.0
2.0916972160339355,5.927557945251465,1.5524460077285767
7.750877857208252,5.39813756942749,0.0
2.7170305252075195,1.9931994676589966,0.0
3.2452776432037354,4.904183387756348,0.0
4.451722145080566,3.2039737701416016,0.0
1.8577321767807007,3.0304150581359863,0.0
-2.562678098678589,3.6400561332702637,0.0
-4.985050678253174,3.305457592010498,0.0
1.7045202255249023,1.37861967086792,0.0
4.0893754959106445,3.7950987815856934,2.9465255737304688
-2.1673007011413574,3.1935412883758545,0.0
0.09580513834953308,2.324239492416382,0.0
-2.669621706008911,3.3821630477905273,2.670687437057495
5.2159104347229,5.533618450164795,0.0
-1.929882526397705,3.909714698791504,0.0
-1.6813278198242188,4.10844087600708,0.0
2.8656575679779053,4.103671073913574,0.0
3.3699071407318115,3.2530019283294678,1.8964968919754028
3.8020637035369873,4.671494483947754,1.6372060775756836
2.1613757610321045,4.367048740386963,0.0
6.962843894958496,4.557560443878174,0.0
-0.1774108111858368,2.7341361045837402,0.0
1.563055157661438,2.5742673873901367,0.0
2.0107476711273193,1.772759199142456,0.0
-2.513140916824341,4.072908401489258,0.0
7.979548931121826,2.6827328205108643,0.917748212814331
4.066323280334473,4.984396457672119,0.0
2.03031325340271,3.139394521713257,0.0
-0.28886082768440247,0.8905474543571472,0.0
-1.7396385669708252,1.6268846988677979,0.0
-3.407165765762329,7.086435794830322,0.0
-5.234434604644775,2.607343912124634,0.0
3.4842941761016846,3.9149439334869385,0.0
2.095038414001465,4.0894317626953125,0.0
3.034503698348999,2.435767412185669,0.0
0.250820517539978,4.059670925140381,0.0
-1.8580037355422974,6.573758602142334,1.7163399457931519
3.2480227947235107,2.8797788619995117,0.0
-0.4559224247932434,4.962023735046387,0.0
4.085512638092041,5.224399089813232,0.0
-3.0703768730163574,6.310848236083984,0.0
4.1029133796691895,2.2616465091705322,0.0
2.9826581478118896,4.817375659942627,0.0
2.9964776039123535,4.457106113433838,1.9431723356246948
-4.585968017578125,7.434910774230957,0.0
-2.290184259414673,9.227006912231445,1.7469524145126343
2.588832378387451,2.2824223041534424,0.0
8.487988471984863,4.323437213897705,0.0
-1.4011976718902588,2.752526044845581,0.0
-0.6188482046127319,3.173698902130127,0.0
5.688697338104248,4.564973831176758,0.0
-2.479168653488159,2.916198492050171,0.0
2.2595388889312744,7.327739238739014,0.0
3.897427558898926,4.570422172546387,2.104696273803711
-1.0142176151275635,2.953644037246704,0.0
1.568332314491272,2.6307263374328613,1.709633469581604
3.2832272052764893,5.610794544219971,1.5460214614868164
-4.782530307769775,2.538306951522827,0.0
2.958258867263794,4.029240608215332,0.0
3.9090006351470947,4.710197925567627,0.0
-1.2891484498977661,2.6637651920318604,0.0
-4.319178581237793,3.7969417572021484,0.0
-4.181726455688477,2.3904213905334473,0.0
3.191852331161499,2.79072642326355,0.0
-1.7958765029907227,2.6398067474365234,0.0
-3.1977016925811768,6.479005336761475,0.0
6.901457786560059,3.0318069458007812,1.1612567901611328
-3.3699727058410645,1.8816816806793213,0.0
1.8893394470214844,2.7740256786346436,0.0
0.46597379446029663,2.5353124141693115,0.0
2.0464439392089844,3.8144726753234863,0.0
-0.4580579996109009,5.698288440704346,1.869563341140747
9.871387481689453,5.2654924392700195,0.0
0.674791693687439,3.1593470573425293,0.0
-2.4052746295928955,5.235739707946777,1.1827902793884277
-1.5481438636779785,3.3653476238250732,0.0
3.809936761856079,4.676029205322266,0.0
2.9908761978149414,2.364816427230835,0.0
3.1482906341552734,4.2644524574279785,0.0
-1.959917664527893,9.742193222045898,0.0
1.0123274326324463,0.44732359051704407,0.0
2.177271604537964,4.829360485076904,0.0
-1.9454271793365479,10.466744422912598,2.113924026489258
-1.9905667304992676,4.021152019500732,0.0
7.756402015686035,5.187578201293945,0.0
-2.8130300045013428,3.833371162414551,2.786288261413574
2.018554210662842,1.5754903554916382,0.0
-3.8215935230255127,6.454184055328369,0.0
2.690136194229126,3.6490108966827393,0.0
-1.4250984191894531,2.6431729793548584,0.0
-3.6082804203033447,7.029603004455566,0.0
4.098994255065918,5.647730350494385,3.0192975997924805
-0.5455343127250671,2.1331136226654053,0.0
-2.6309244632720947,3.8859071731567383,0.0
-0.010712089948356152,-0.06502795964479446,0.0
-4.759026050567627,3.089447259902954,0.0
-0.24191612005233765,3.7242016792297363,0.0
1.3042856454849243,4.477579116821289,0.0
4.078863620758057,5.034079551696777,1.9534912109375
1.2306668758392334,-0.09315911680459976,0.0
-2.168325901031494,3.378260850906372,0.0
3.3081514835357666,3.405672550201416,0.0
4.7022705078125,5.317318439483643,1.6953216791152954
-2.408135414123535,2.70702862739563,0.0
3.080479621887207,3.612555980682373,0.0
0.5497542023658752,4.094104290008545,0.0
2.952687978744507,5.1285080909729,0.0
1.25649094581604,4.186054229736328,1.6014856100082397
0.36130544543266296,2.6405420303344727,0.0
-3.6432478427886963,8.13243293762207,0.0
-0.7605034708976746,3.4567928314208984,1.8855100870132446
1.3435609340667725,0.051487997174263,0.0
-0.5034369826316833,1.256129503250122,0.0
1.5227596759796143,2.596501350402832,0.0
-1.7785762548446655,5.699573993682861,0.0
-0.0019596803467720747,3.291184902191162,0.0
0.5579955577850342,2.3303234577178955,0.0
-0.19204819202423096,1.4881236553192139,0.0
-1.2428351640701294,2.347458839416504,0.0
9.188751220703125,3.046175956726074,0.0
-1.4315476417541504,6.897925853729248,0.0
3.2479617595672607,1.7564136981964111,0.0
2.9338722229003906,2.677767753601074,0.0
-2.6859235763549805,6.7025017738342285,0.0
4.149682998657227,2.276280403137207,0.0
1.8394440412521362,0.5777482986450195,0.0
2.7313761711120605,2.3115506172180176,0.0
-1.0326237678527832,3.2183632850646973,0.0
-5.123692512512207,3.014254093170166,0.0
2.6470563411712646,4.906742095947266,0.0
4.145143032073975,5.157778263092041,1.592066764831543
0.2854258120059967,2.9574992656707764,0.0
-3.1115031242370605,6.6526899337768555,0.0
4.753787040710449,2.310142755508423,0.0
-4.477750301361084,7.112416744232178,0.0
3.5605483055114746,5.0814528465271,2.349342107772827
-0.21301795542240143,2.609919786453247,0.0
-0.2362247258424759,2.3855888843536377,0.0
-1.328679084777832,8.402788162231445,0.0
0.1677776575088501,1.6795704364776611,0.0
-2.6880617141723633,8.456938743591309,0.0
3.2819433212280273,3.4374217987060547,0.0
-3.5438098907470703,8.4534273147583,0.0
3.213167905807495,5.526504039764404,1.674220323562622
-2.2830095291137695,8.675628662109375,1.7250044345855713
-0.8160327672958374,0.6392059922218323,1.7635748386383057
0.10209839791059494,1.4951196908950806,0.0
-2.734107494354248,8.69775104522705,0.0
-2.007467031478882,2.373980760574341,0.0
1.9398343563079834,5.996407508850098,0.0
5.353174686431885,6.227217197418213,1.4360605478286743
1.3995471000671387,2.9041223526000977,0.0
5.1242451667785645,6.757874488830566,1.5989607572555542
5.862067222595215,3.0871310234069824,1.759183406829834
0.4406076967716217,3.2601447105407715,0.0
-3.977993965148926,6.002902507781982,0.0
-4.275894641876221,7.280257225036621,0.0
4.178445816040039,5.728009223937988,1.4635229110717773
4.1850810050964355,5.1845011711120605,0.0
-5.185096740722656,3.6596548557281494,0.0
4.206642150878906,6.178430557250977,0.0
1.8803584575653076,2.598939895629883,0.0
4.760025978088379,6.141456604003906,0.0
3.277125120162964,3.0307583808898926,0.0
-3.4395291805267334,5.806200981140137,0.0
4.585009574890137,3.953019380569458,1.601169466972351
0.4865643084049225,3.876850128173828,0.0
-2.311795473098755,5.110768795013428,0.0
2.713489055633545,-1.8121321201324463,0.0
2.451809883117676,-0.4596400558948517,0.0
0.1095859631896019,2.6677215099334717,0.0
-1.4528543949127197,2.3174519538879395,0.0
2.78955340385437,6.986846446990967,0.0
0.8828216791152954,0.3341442346572876,0.0
4.667411804199219,2.302938938140869,2.025374412536621
9.651086807250977,5.345160007476807,0.0
7.44398832321167,4.5502119064331055,0.0
5.399453639984131,6.083107948303223,0.0
0.2464490681886673,1.5369032621383667,0.0
-3.6720223426818848,2.6250863075256348,0.0
2.8407039642333984,3.349123477935791,1.548933744430542
2.0695250034332275,2.8780460357666016,0.0
-1.723763346672058,3.809900999069214,0.0
0.36485859751701355,2.6305954456329346,0.0
-3.1796393394470215,3.6530723571777344,1.7457799911499023
3.7019615173339844,2.0437254905700684,0.0
-1.0660274028778076,2.927431583404541,0.0
4.293868541717529,6.1475043296813965,1.385469913482666
-1.9167077541351318,4.71890926361084,1.4748563766479492
3.027191638946533,2.130223274230957,0.0
-3.313305616378784,6.36281156539917,2.0308189392089844
2.580008029937744,4.849654197692871,1.5299497842788696
2.8116214275360107,3.1819281578063965,3.4148294925689697
0.6335314512252808,1.9229966402053833,0.0
2.2334394454956055,-1.4575916528701782,0.0
3.426405191421509,7.777143955230713,1.2227035760879517
-2.799171209335327,3.9588682651519775,0.0
0.88443523645401,0.43038928508758545,0.0
-4.458400249481201,7.606321811676025,0.0
-0.5819778442382812,3.120882511138916,0.0
-2.6011557579040527,8.93405818939209,0.0
-3.189474105834961,4.674235820770264,0.0
-3.9376254081726074,6.372568130493164,0.0
1.8906854391098022,-0.6840280294418335,0.0
1.1594302654266357,1.3938782215118408,0.0
0.9467683434486389,0.7739672660827637,0.0
0.670943021774292,2.571721315383911,0.0
-4.714596271514893,3.657543897628784,0.0
0.8195317983627319,1.5655393600463867,0.0
-1.3016891479492188,5.727794647216797,1.4662089347839355
2.5165369510650635,-0.7484651803970337,0.0
1.5544850826263428,4.402516841888428,0.0
-4.450887680053711,7.167594909667969,0.0
3.286412477493286,3.8216261863708496,3.1893999576568604
3.407918930053711,4.628436088562012,0.0
-1.2667714357376099,0.3534960448741913,0.0
8.004182815551758,5.3483662605285645,0.0
-1.1826103925704956,3.0079431533813477,0.0
-4.255610466003418,3.9268620014190674,0.0
5.973015308380127,4.621613502502441,0.0
1.5633825063705444,2.8463964462280273,0.0
-2.4791371822357178,5.250375270843506,0.0
-3.666419506072998,6.43682336807251,0.0
-2.1078977584838867,3.058326005935669,0.0
3.4709908962249756,2.113085985183716,0.0
1.240012526512146,2.682558059692383,0.0
-3.714960813522339,9.19810962677002,0.0
7.37025260925293,3.3512372970581055,0.0
0.47228607535362244,2.5998902320861816,0.0
4.391739845275879,4.999653339385986,0.0
-3.1053428649902344,7.300835132598877,0.0
4.46964168548584,5.487717628479004,2.8768043518066406
-2.4656693935394287,2.5230040550231934,0.0
-2.6308228969573975,3.673793315887451,0.0
2.154061794281006,3.3779990673065186,0.0
6.008984088897705,3.6228644847869873,1.8239288330078125
1.2881144285202026,2.134195327758789,0.0
7.448144435882568,4.183142185211182,0.0
2.959345817565918,5.876552581787109,0.0
4.34110164642334,5.643572807312012,2.592716932296753
-2.5542140007019043,2.4628984928131104,0.0
3.685476541519165,2.3665518760681152,0.0
-3.5373730659484863,8.284497261047363,0.0
0.911543071269989,2.839430570602417,0.0
-2.754518747329712,3.044356346130371,1.6665152311325073
-1.897232174873352,5.146574974060059,2.7336196899414062
-2.860063076019287,2.795564889907837,0.0
3.9174230098724365,2.10164737701416,0.0
4.798529148101807,6.203237533569336,2.1065964698791504
3.385425090789795,5.235468864440918,1.6375397443771362
2.198120594024658,3.6930103302001953,2.152292490005493
1.5982517004013062,2.525028705596924,0.0
2.5592691898345947,2.7313008308410645,0.0
-1.303836703300476,2.4881842136383057,0.0
-2.974332332611084,2.9051759243011475,0.0
0.5480279326438904,0.029935816302895546,0.0
3.2969906330108643,2.9621119499206543,0.0
3.764056921005249,5.838366985321045,1.3965818881988525
0.7464373111724854,2.244041919708252,2.244076728820801
-2.413640260696411,1.5747274160385132,1.3719184398651123
-0.2042853832244873,2.2495615482330322,0.0
3.005476713180542,0.1251581609249115,0.0
0.10659889131784439,0.7425076365470886,0.0
2.9280757904052734,4.389054775238037,0.0
3.9155044555664062,2.0887787342071533,1.4834928512573242
3.233250379562378,5.316290378570557,0.0
3.9592549800872803,2.235110282897949,0.0
-3.400648355484009,7.706482410430908,0.0
2.6084465980529785,4.388601779937744,2.3173880577087402
7.422216415405273,2.8003954887390137,0.0
-2.3461759090423584,5.183101177215576,0.0
4.271177291870117,3.292205572128296,1.767993688583374
7.807369709014893,5.205478668212891,0.0
-3.8248770236968994,3.5312273502349854,0.0
-2.8635377883911133,7.410045623779297,0.0
-0.30966195464134216,1.7880192995071411,0.0
-3.7891077995300293,6.933181285858154,1.456668734550476
7.522968292236328,4.4150390625,0.0
-3.69216251373291,6.451959609985352,0.0
2.222278356552124,1.8812865018844604,0.0
4.737685203552246,4.928178787231445,1.4055747985839844
1.349802851676941,-0.07653038203716278,0.0
-0.6491384506225586,2.6859517097473145,0.0
-2.5539321899414062,3.1128993034362793,0.0
2.0693328380584717,2.5856359004974365,0.0
0.7363362908363342,3.4804162979125977,0.0
-1.2573914527893066,1.558130145072937,0.0
-4.535346984863281,7.228142261505127,0.0
5.347438335418701,4.379928112030029,1.306111454963684
4.298226833343506,5.048267841339111,3.2363195419311523
3.4066178798675537,3.179333209991455,1.4642891883850098
4.953612327575684,6.518572807312012,1.3567384481430054
1.2115503549575806,1.4571149349212646,0.0
-1.7813503742218018,0.2500000596046448,0.0
5.480266094207764,5.123692512512207,0.0
0.7723684310913086,3.1644554138183594,0.0
-3.881247043609619,3.7845966815948486,0.0
3.6576786041259766,5.578022003173828,0.0
-2.5999457836151123,9.542963027954102,2.416510581970215
1.6677480936050415,2.6717875003814697,0.0
1.8135818243026733,5.110040664672852,0.0
0.42514070868492126,2.2635905742645264,0.0
3.3349733352661133,1.9851908683776855,0.0
1.2881532907485962,2.1660172939300537,0.0
-3.676708221435547,3.5469369888305664,0.0
5.262567520141602,5.8261542320251465,1.0391515493392944
0.4802204966545105,1.910614013671875,0.0
2.4198594093322754,3.0684423446655273,0.0
3.6671864986419678,2.8149607181549072,0.0
0.21666565537452698,4.41103458404541,0.0
4.092711448669434,3.844815492630005,0.0
4.2465291023254395,4.709691047668457,0.0
3.8851068019866943,7.722630500793457,0.0
0.7541623115539551,4.484098434448242,0.0
2.815483331680298,1.8353877067565918,0.0
-1.0395987033843994,1.303287386894226,0.0
-3.9844298362731934,3.1415321826934814,0.0
-3.822275400161743,8.178874015808105,0.0
-1.7515301704406738,2.4997732639312744,0.0
4.89480447769165,6.529553413391113,0.0
5.2831854820251465,5.812981605529785,1.390433669090271
-0.7299959659576416,3.052137851715088,0.0
7.101944923400879,3.978423595428467,0.0
2.2900779247283936,2.230320930480957,1.2615824937820435
2.3105363845825195,2.404670000076294,0.0
-0.15735457837581635,0.6192094087600708,2.5002617835998535
-0.9557521343231201,3.0783135890960693,0.0
3.3076305389404297,3.775949716567993,0.0
3.9721972942352295,2.019686222076416,2.9620416164398193
2.298217535018921,2.2093679904937744,0.0
0.7898091077804565,3.8296990394592285,0.0
-2.164844036102295,8.761643409729004,0.0
4.221004486083984,5.849498271942139,0.0
-3.710275650024414,6.673227787017822,0.0
-3.3644487857818604,2.450779676437378,0.0
4.307097434997559,5.52440071105957,0.0
-3.162999391555786,2.3841872215270996,0.0
3.460024356842041,5.375511169433594,0.0
4.752326488494873,5.909554481506348,3.191634178161621
0.3462328016757965,1.522524118423462,0.0
-3.2933716773986816,3.9373221397399902,0.0
2.494426965713501,4.282491683959961,1.6476255655288696
4.684269428253174,4.912144660949707,2.2497498989105225
2.838113784790039,1.4315896034240723,0.0
2.0315639972686768,2.245039463043213,0.0
-2.381789207458496,2.573753833770752,0.0
-1.2186810970306396,2.373776435852051,0.0
4.458637714385986,2.5135161876678467,0.0
3.2940025329589844,4.228731632232666,3.221336603164673
-0.042402833700180054,2.3965694904327393,0.0
0.44824108481407166,2.2545180320739746,0.0
-0.13626332581043243,2.96164870262146,0.0
1.4105981588363647,2.2623565196990967,0.0
3.850865602493286,5.557600021362305,0.0
5.248200416564941,3.304636001586914,0.7272608280181885
0.9910850524902344,0.3979371190071106,0.0
1.5775028467178345,1.9929429292678833,0.0
3.403848648071289,4.802271842956543,2.575350761413574
2.0134685039520264,3.0971968173980713,0.0
1.6654843091964722,2.754626989364624,0.0
3.501248836517334,4.8560357093811035,0.0
1.4643492698669434,2.7207067012786865,0.0
3.7181782722473145,6.374176025390625,2.884613513946533
0.577096700668335,3.2184152603149414,0.0
1.4906624555587769,2.672447443008423,0.0
3.257875442504883,5.213979244232178,0.0
3.6581015586853027,6.056220531463623,2.1252071857452393
-1.9960159063339233,3.3289339542388916,0.0
1.8256983757019043,4.618880271911621,0.0
1.6020915508270264,3.517148971557617,0.0
-1.3315105438232422,2.594160318374634,0.0
7.970372676849365,4.9202046394348145,0.0
-1.3832648992538452,5.131032943725586,0.0
0.1383921504020691,3.702845335006714,0.0
1.0040918588638306,3.587238311767578,2.079179048538208
-1.6928393840789795,6.483119487762451,0.0
2.604794502258301,0.06404023617506027,0.0
2.7299177646636963,2.153726577758789,0.0
2.205071449279785,1.8586668968200684,2.4047415256500244
3.5506319999694824,3.9357047080993652,1.6888149976730347
1.8845232725143433,3.213222026824951,0.0
-2.0678391456604004,9.507475852966309,0.0
2.1313202381134033,4.245447158813477,0.0
-3.3035671710968018,6.80663537979126,0.0
0.19389355182647705,3.0618674755096436,2.0859436988830566
0.24526286125183105,0.8876161575317383,0.0
-1.8001677989959717,4.7396416664123535,0.0
-3.152095079421997,2.3662943840026855,0.0
-3.9867608547210693,7.739226818084717,0.0
1.747900128364563,6.7798357009887695,0.0
0.16355881094932556,3.30846905708313,0.0
0.8331038355827332,4.05509090423584,0.0
7.862875938415527,4.26396369934082,0.0
4.141141891479492,6.730059623718262,2.5708775520324707
7.763053894042969,4.3804802894592285,0.0
0.30569779872894287,0.38449931144714355,0.0
-2.813701868057251,9.226675987243652,1.411176085472107
3.324483633041382,-0.802963137626648,0.0
4.6761980056762695,5.212009906768799,1.8575985431671143
1.3744100332260132,2.601282835006714,0.0
-0.5420477986335754,2.0434935092926025,0.0
1.760805606842041,3.4516897201538086,0.0
-3.95194673538208,7.292422294616699,0.0
4.788202285766602,5.1204609870910645,0.0
-2.085400342941284,1.8642759323120117,1.5296664237976074
2.326430320739746,-1.4690325260162354,0.0
3.8978075981140137,4.635941028594971,0.0
3.3125696182250977,3.033482551574707,0.0
2.072324514389038,3.764519453048706,1.470969557762146
-1.2273972034454346,3.3854141235351562,2.1915557384490967
1.940294623374939,3.3771002292633057,0.0
1.8089594841003418,1.8298288583755493,0.0
0.7657275199890137,1.230696439743042,0.0
-3.4250030517578125,4.1937360763549805,0.0
4.128431797027588,6.151800155639648,1.2834092378616333
6.162022113800049,3.052851676940918,0.0
1.6774675846099854,-0.14313143491744995,0.0
1.0506123304367065,2.4183928966522217,0.0
-2.297168016433716,2.9543793201446533,0.0
3.1242687702178955,4.203902244567871,0.0
4.688904285430908,5.114993095397949,1.469679355621338
7.578284740447998,4.216104030609131,0.0
2.192786693572998,-1.2444639205932617,0.0
5.220821857452393,3.939034938812256,0.0
3.339296579360962,4.0664262771606445,0.0
0.20907706022262573,4.189533710479736,0.0
4.50934362411499,2.263657808303833,0.0
4.022101402282715,2.079909324645996,0.0
2.7436068058013916,3.5189692974090576,0.0
3.1200544834136963,2.0019657611846924,0.0
0.48100027441978455,2.0542938709259033,0.0
0.3073568344116211,0.1504250168800354,0.0
1.6603540182113647,4.200594902038574,0.0
-0.6439291834831238,1.8459436893463135,0.0
-1.4871281385421753,9.097067832946777,0.0
1.8759182691574097,1.762980580329895,2.9513814449310303
2.363830089569092,0.14673976600170135,2.1692752838134766
0.9725621342658997,1.3604025840759277,0.0
-1.5423705577850342,9.722723960876465,0.0
3.1867661476135254,4.649998664855957,0.0
0.6385317444801331,2.4850711822509766,0.0
4.993995666503906,5.365758419036865,1.5503947734832764
-3.414123773574829,6.810447692871094,1.4901154041290283
-2.2053542137145996,1.74173903465271,1.700242280960083
3.5472049713134766,4.194993019104004,2.2486119270324707
0.3754580318927765,2.6554970741271973,2.2261857986450195
3.374744176864624,4.890688896179199,0.0
-1.6213690042495728,1.4178954362869263,0.0
2.3786325454711914,3.861006498336792,0.0
-3.0968167781829834,2.874746561050415,0.0
1.9347094297409058,5.78115701675415,1.8064935207366943
-1.3094968795776367,0.3393997550010681,0.0
-3.418215751647949,5.8458571434021,0.0
1.4652864933013916,2.5117907524108887,0.0
-0.20954233407974243,6.132312774658203,0.0
-3.4284915924072266,6.313752174377441,0.0
2.573955535888672,4.331168174743652,0.0
1.5430048704147339,0.7644087076187134,0.0
0.024756764993071556,4.9425368309021,0.0
-4.010760307312012,7.86240291595459,0.0
-0.36925429105758667,0.8061118721961975,0.0
4.795559406280518,5.91526460647583,0.0
-4.612349510192871,2.8446755409240723,0.0
1.784635066986084,2.860358953475952,1.5886465311050415
2.867241382598877,1.1330244541168213,0.0
1.8544342517852783,1.5036524534225464,1.6658190488815308
-2.373932123184204,9.727034568786621,1.5355008840560913
0.4263685345649719,3.8854246139526367,0.0
3.3004369735717773,4.886445045471191,0.0
2.265403985977173,3.3580379486083984,0.0
3.5750768184661865,4.4447526931762695,0.0
-3.4104793071746826,6.655472278594971,0.0
2.224452257156372,2.3592872619628906,0.0
-4.0246100425720215,6.647891521453857,0.0
-0.48598456382751465,3.6964995861053467,0.0
-0.526580810546875,5.916208267211914,0.0
3.578090190887451,4.485341548919678,1.7391728162765503
-2.665477752685547,3.467576742172241,0.0
1.4586747884750366,3.891749143600464,0.0
3.288083076477051,-1.3798454999923706,0.0
-2.334285259246826,9.74657917022705,0.0
-0.017980849370360374,4.774625778198242,0.0
3.439465045928955,4.000678062438965,1.1272797584533691
1.4477028846740723,0.3830830156803131,0.0
0.5294945240020752,2.5588457584381104,0.0
5.420263767242432,7.227103233337402,1.3537486791610718
2.7811126708984375,4.1328911781311035,0.0
1.751443862915039,2.3764257431030273,0.0
-2.1423542499542236,2.7551376819610596,0.0
-0.21810366213321686,1.99351167678833,0.0
0.17881128191947937,1.5415481328964233,0.0
4.6608123779296875,5.615869045257568,0.0
3.301877021789551,5.114914894104004,0.0
4.3806633949279785,4.861018180847168,0.0
1.9832755327224731,5.9280853271484375,0.0
1.653021216392517,3.1690945625305176,0.0
3.4534761905670166,6.120489597320557,0.0
-0.8915449380874634,3.297619581222534,0.0
2.3786990642547607,4.510369300842285,0.0
3.3295981884002686,-1.0220907926559448,0.0
2.9495930671691895,4.769706726074219,0.0
2.5832574367523193,3.9675230979919434,0.0
0.7554466724395752,3.4300034046173096,0.0
6.951226234436035,4.897401332855225,2.352778911590576
7.708893299102783,5.377863883972168,2.4591774940490723
1.5823171138763428,1.785873532295227,0.0
2.337111234664917,3.828099012374878,0.0
3.089552402496338,4.54097843170166,0.0
-4.004581928253174,6.721290588378906,0.0
2.977353096008301,6.24575662612915,0.0
4.6069231033325195,6.611788749694824,0.0
-4.082846641540527,8.852080345153809,0.0
5.220629692077637,5.4797797203063965,0.0
2.6105942726135254,-0.04185784235596657,0.0
-1.0124642848968506,3.6732962131500244,0.0
2.8135194778442383,3.4710922241210938,0.0
-2.810793399810791,2.5620949268341064,0.0
-2.47238826751709,3.472676992416382,0.0
1.3875023126602173,3.0644032955169678,0.0
-0.5464462041854858,5.833054065704346,0.0
1.3879948854446411,3.666560411453247,0.0
1.674968957901001,2.4731931686401367,0.0
1.403564453125,2.927952289581299,0.0
0.6216792464256287,3.1305973529815674,0.0
2.186607837677002,6.119202136993408,0.0
-1.2855077981948853,5.329118251800537,0.0
-0.035815149545669556,2.3298845291137695,0.0
3.1292953491210938,3.3023576736450195,0.0
2.2878503799438477,2.8990206718444824,1.6262885332107544
1.5243842601776123,5.655097961425781,0.0
0.8701657056808472,3.3459954261779785,0.0
-4.217099666595459,4.336439609527588,0.0
0.6533318758010864,1.289437174797058,0.0
0.2421545684337616,3.3529891967773438,0.0
-0.03199978917837143,1.6630899906158447,0.0
0.6176446080207825,3.6864066123962402,0.0
1.0452845096588135,2.0068390369415283,0.0
1.104752540588379,5.447023868560791,0.0
-3.0699374675750732,2.9032256603240967,0.0
1.8261628150939941,9.494098663330078,1.3381929397583008
0.7606398463249207,1.9541081190109253,0.0
1.582623839378357,4.834881782531738,0.0
4.1772918701171875,6.630565166473389,0.0
1.7747645378112793,2.864344596862793,0.0
4.017126083374023,4.421928405761719,2.143603563308716
1.0103904008865356,4.427962303161621,0.0
-3.727734088897705,8.036900520324707,0.0
-0.7954720258712769,1.9773601293563843,0.0
-0.7053350210189819,2.144024133682251,0.0
-4.103516101837158,6.631564617156982,0.0
1.163754940032959,2.3494186401367188,0.0
1.701897382736206,2.4532759189605713,0.0
-3.252166986465454,9.23852825164795,0.0
0.9267095923423767,2.6301207542419434,0.0
3.0438034534454346,-1.692481517791748,0.0
-2.292595386505127,9.811546325683594,0.0
2.6241798400878906,-1.781493067741394,0.0
2.160175323486328,2.4701080322265625,0.0
0.009744271636009216,8.829434394836426,0.0
1.3834761381149292,2.872107744216919,0.0
2.2394819259643555,2.349060297012329,0.0
-2.39479398727417,2.3899729251861572,0.0
0.5345274806022644,4.342323303222656,0.0
4.66547966003418,3.4682912826538086,1.6372060775756836
4.861717224121094,6.606320381164551,0.0
3.8458540439605713,4.898802757263184,0.0
-0.006907573435455561,9.124160766601562,0.0
2.141888380050659,-0.2836196720600128,0.0
-0.08870679140090942,6.493171691894531,0.0
-0.19840560853481293,2.4206488132476807,2.2658493518829346
-3.8722803592681885,6.654641151428223,0.0
2.111368179321289,5.998297691345215,1.8494285345077515
0.5719805955886841,2.2180652618408203,3.1579582691192627
0.45654481649398804,3.33243989944458,1.986951470375061
2.2186646461486816,4.477307319641113,0.0
4.515218734741211,5.787846565246582,1.9274537563323975
2.8235669136047363,4.799620151519775,0.0
-3.3614516258239746,6.651911735534668,0.0
-3.0098116397857666,5.204710006713867,0.0
0.8030866384506226,1.6202795505523682,0.0
-1.1670958995819092,4.183866500854492,0.0
-0.22750943899154663,4.090663433074951,0.0
-1.1050889492034912,4.26455545425415,0.0
-0.34172478318214417,8.98409652709961,0.0
-0.8342650532722473,5.8152241706848145,0.0
4.3906168937683105,5.043963432312012,1.74149751663208
-1.245570421218872,2.262990713119507,0.0
-0.05789336934685707,4.555604934692383,0.0
1.444703221321106,1.6760852336883545,0.0
2.167351484298706,2.8464715480804443,0.0
-1.1095094680786133,4.658453941345215,0.0
0.9031030535697937,4.373472690582275,0.0
2.585636615753174,3.894679069519043,0.0
1.7349969148635864,3.97802996635437,0.0
2.4777793884277344,4.61555814743042,0.0
0.7764028310775757,6.386279582977295,0.0
-0.3427391052246094,3.0351688861846924,0.0
0.11234009265899658,2.7192437648773193,0.0
-0.5727392435073853,2.7076494693756104,0.0
1.6109586954116821,9.189191818237305,0.0
2.4384474754333496,2.738654851913452,0.0
4.247163772583008,3.002744197845459,0.0
2.717757225036621,4.664517879486084,0.0
-4.06341028213501,6.6185407638549805,0.0
4.013892650604248,5.528578758239746,2.633718967437744
0.29832497239112854,1.0975558757781982,0.0
2.851384162902832,3.997502326965332,0.0
0.9332910180091858,2.6391210556030273,0.0
-3.1033356189727783,3.0293240547180176,0.0
-0.01909060776233673,5.806321144104004,0.0
-0.5244621634483337,3.8206207752227783,0.0
2.0688812732696533,2.433465003967285,1.798457384109497
1.3151110410690308,8.433939933776855,0.0
0.8489276766777039,1.6674565076828003,0.0
-5.51174783706665,2.563795328140259,0.0
-3.6503100395202637,6.818854331970215,0.0
1.2344022989273071,2.025510311126709,0.0
4.448760032653809,4.84683895111084,0.0
-3.494434118270874,7.18524169921875,0.0
-1.7628364562988281,3.415515422821045,0.0
-2.112894296646118,4.909921646118164,0.0
-1.762653112411499,6.346009254455566,0.0
1.2206416130065918,1.7060974836349487,0.0
1.9787704944610596,2.1476428508758545,0.0
2.5990874767303467,1.5735279321670532,0.0
-2.714270830154419,9.59520435333252,0.0
2.727537155151367,2.651866912841797,1.5815517902374268
-1.6128281354904175,0.136897474527359,0.0
0.48764768242836,3.188877820968628,0.0
-4.346490859985352,3.1830992698669434,0.0
-4.486530303955078,3.040626049041748,0.0
-0.309122234582901,2.2676234245300293,0.0
1.6826508045196533,4.006840705871582,0.0
2.265010118484497,-1.5195482969284058,0.0
1.3964107036590576,2.550615072250366,0.0
-2.123790740966797,9.69621753692627,1.6253048181533813
-4.359498023986816,7.602705001831055,0.0
-4.246458530426025,6.6402459144592285,0.0
-2.0529301166534424,4.457895755767822,0.0
0.41186094284057617,2.721552848815918,0.0
-0.37244242429733276,2.4434986114501953,0.0
-0.9152097702026367,3.900155544281006,0.0
-1.793550968170166,3.004673719406128,0.0
0.5543003678321838,4.247811794281006,0.0
-4.268570899963379,7.213035583496094,0.0
-0.15270394086837769,4.816529273986816,0.0
2.5132341384887695,3.8197412490844727,0.0
-1.05108642578125,3.086005449295044,0.0
-1.2544164657592773,6.049483776092529,0.0
1.5395922660827637,4.454419136047363,0.0
4.224882125854492,5.107926368713379,0.0
-0.6912441849708557,6.359454154968262,0.0
6.215982913970947,3.6279919147491455,0.0
-1.4216934442520142,5.165340900421143,0.0
-0.9750325679779053,3.3262927532196045,0.0
-2.3394367694854736,3.2348735332489014,0.0
2.1694226264953613,3.2986507415771484,0.0
2.7607977390289307,1.8650333881378174,0.0
-0.33713531494140625,1.675693154335022,0.0
-0.23761752247810364,2.090721845626831,0.0
0.010213739238679409,5.24269437789917,0.0
0.8849008083343506,2.3901424407958984,0.0
-2.2622487545013428,9.663603782653809,0.0
2.8034908771514893,3.3135721683502197,0.0
-0.07772369682788849,2.412472724914551,0.0
-0.22667460143566132,5.097812175750732,0.0
-2.196791172027588,10.147356986999512,0.0
0.07296010106801987,3.3199877738952637,0.0
1.9294254779815674,1.8803542852401733,0.0
-0.8224636912345886,5.4254655838012695,0.0
2.2610456943511963,6.096479892730713,0.0
2.438199281692505,4.187699317932129,1.6534082889556885
1.7770156860351562,8.214674949645996,0.0
-3.333528995513916,8.87352466583252,2.173865795135498
-1.2591248750686646,2.8023808002471924,0.0
1.5217851400375366,2.4285686016082764,0.0
1.3145991563796997,1.7196763753890991,0.0
-1.417888879776001,1.85942804813385,0.0
-0.5777336955070496,3.4737141132354736,0.0
1.1691497564315796,3.4844796657562256,0.0
-1.3501793146133423,2.624243974685669,0.0
-2.759002447128296,4.089949607849121,0.0
4.842599868774414,5.127350807189941,2.1429390907287598
-0.2593931257724762,2.3201756477355957,0.0
-3.233304500579834,7.647497177124023,1.315011978149414
-3.6805152893066406,5.367330074310303,0.0
-3.3599910736083984,8.005977630615234,0.0
-0.5488353967666626,2.9588749408721924,0.0
1.6650574207305908,1.3587735891342163,0.0
1.7541015148162842,2.410829782485962,0.0
-0.9359777569770813,4.1585493087768555,0.0
2.664992570877075,3.431504964828491,0.0
-3.298863649368286,7.026708126068115,0.0
1.064110517501831,1.3441102504730225,0.0
9.608834266662598,3.695997953414917,0.0
1.7527745962142944,2.2136521339416504,0.0
1.376565933227539,3.6110165119171143,0.0
2.4663033485412598,3.1370136737823486,0.0
1.5020192861557007,3.2556962966918945,0.0
1.1863981485366821,4.1252851486206055,0.0
1.458959937095642,2.254781484603882,1.4946585893630981
4.288961887359619,6.440225124359131,0.0
-0.6775104999542236,1.7135834693908691,0.0
1.0696262121200562,1.625789999961853,0.0
3.1291229724884033,3.2930588722229004,0.0
5.888577461242676,3.5561273097991943,0.0
-1.628924012184143,3.160510540008545,0.0
-2.6399471759796143,1.8018379211425781,0.0
4.141777038574219,5.846933364868164,0.0
-0.7637736797332764,5.958685874938965,0.0
1.7070015668869019,8.156684875488281,1.5259937047958374
0.09129881858825684,1.4423164129257202,0.0
-2.483255624771118,7.607654571533203,1.8064935207366943
-1.043500304222107,3.0688018798828125,0.0
1.7963451147079468,1.9932270050048828,0.0
4.51741886138916,2.6137895584106445,2.1936769485473633
0.9160118103027344,3.5827903747558594,2.111048460006714
-0.20429594814777374,4.317163944244385,0.0
-0.1750817894935608,4.556401252746582,0.0
2.1337757110595703,2.7049500942230225,0.0
0.36003392934799194,1.16286039352417,0.0
-1.5027037858963013,1.4244251251220703,0.0
1.1644917726516724,1.0854144096374512,0.0
1.5748584270477295,5.146942615509033,0.0
-0.12156979739665985,3.733576774597168,0.0
-2.809553861618042,7.836084842681885,0.0
1.6959049701690674,-0.2610974907875061,0.0
-0.41449233889579773,4.29838752746582,2.6763393878936768
2.3252298831939697,6.961756706237793,1.9254496097564697
0.46178731322288513,3.3364293575286865,0.0
3.1073319911956787,-1.9429218769073486,0.0
-3.049926519393921,7.57062292098999,2.131073474884033
-1.3002465963363647,3.606806516647339,0.0
-2.4423022270202637,9.134764671325684,0.0
-0.5364239811897278,4.214786529541016,0.0
1.4113914966583252,2.0926401615142822,0.0
-0.8782317638397217,6.810984134674072,0.0
0.11850504577159882,3.2119574546813965,1.9365403652191162
2.354124069213867,2.553788423538208,2.1782517433166504
-1.968428134918213,0.2740406095981598,0.0
-1.2377264499664307,2.258714437484741,0.0
-3.445852518081665,6.0917558670043945,0.0
0.7393337488174438,4.941123962402344,0.0
1.305691123008728,7.397698879241943,0.0
2.8602371215820312,-2.0656392574310303,0.0
4.688848495483398,5.328829288482666,0.0
1.632330060005188,4.234867095947266,0.0
1.9530115127563477,4.145228385925293,0.0
-1.4502787590026855,2.19500470161438,0.0
-4.008025169372559,6.561495304107666,0.0
-1.0159379243850708,6.466791152954102,0.0
-3.8008313179016113,7.129133701324463,0.0
-0.3388460576534271,3.868464708328247,0.0
1.6180989742279053,8.38479232788086,0.0
0.7192696332931519,6.593146800994873,0.0
-0.1635899394750595,9.490155220031738,0.0
-2.0217647552490234,2.0308003425598145,0.0
2.4762203693389893,7.212915897369385,0.0
1.2772138118743896,9.547245979309082,0.0
-4.43152379989624,7.423030853271484,0.0
-2.022557258605957,10.036370277404785,0.0
-0.1913771629333496,7.213606834411621,0.0
7.977694034576416,2.768918752670288,0.0
0.19243565201759338,2.517277956008911,0.0
3.0020596981048584,5.056819438934326,0.0
-3.122222900390625,8.999452590942383,0.0
-2.97538685798645,9.322650909423828,0.0
0.12493844330310822,8.74015998840332,0.0
2.1294357776641846,8.576848983764648,0.0
2.398536205291748,5.566890716552734,0.0
3.2809228897094727,7.137446403503418,0.0
-0.1295171082019806,3.6803224086761475,2.2898154258728027
2.8212008476257324,4.495347023010254,0.0
0.976791501045227,7.001619815826416,0.0
1.659528374671936,5.320735454559326,0.0
-1.341113567352295,6.379541397094727,0.0
1.6168136596679688,7.462058067321777,0.0
-0.9296798706054688,8.703633308410645,0.0
0.3219035267829895,8.853453636169434,0.0
-4.1343817710876465,7.72055196762085,0.0
-0.8751251101493835,9.905962944030762,0.0
-2.365025281906128,6.860778331756592,2.0987091064453125
1.510024070739746,8.58486557006836,0.0
0.5662441849708557,4.26875114440918,0.0
1.020318865776062,5.214024543762207,0.0
-2.3553225994110107,8.887322425842285,0.0
-1.93703031539917,7.669301986694336,1.5536208152770996
0.5667777061462402,7.437133312225342,0.0
-0.2425767183303833,6.879517555236816,0.0
9.923583984375,6.029167175292969,0.0
-3.3681092262268066,8.354268074035645,1.74149751663208
0.9623894095420837,9.876577377319336,0.0
-2.1744189262390137,6.794235706329346,0.0
-1.7611579895019531,7.5180230140686035,0.0
0.9049373865127563,8.785858154296875,0.0
-5.242016792297363,4.3972883224487305,0.0
3.0333714485168457,8.762906074523926,0.0
1.9013075828552246,6.3636155128479,0.0
-1.4085922241210938,6.873995780944824,0.0
-0.40242040157318115,5.593128681182861,0.0
-0.13402029871940613,6.750986099243164,0.0
-1.1418659687042236,8.231863021850586,0.0
-0.9952953457832336,9.432597160339355,0.0
1.561894178390503,9.276697158813477,0.0
1.6575154066085815,7.960530757904053,0.0
-0.17770569026470184,5.897182941436768,0.0
-3.2470932006835938,9.138294219970703,0.0
0.14732933044433594,8.873374938964844,0.0
0.5508925914764404,0.17192386090755463,0.0
0.6439349055290222,-0.5557279586791992,0.0
0.21265184879302979,7.328058242797852,0.0
3.9800140857696533,5.695005416870117,2.5911927223205566
1.7843024730682373,9.390923500061035,0.0
0.5670106410980225,8.966556549072266,0.0
-0.2785090506076813,3.7982873916625977,0.0
1.3372926712036133,7.885103702545166,0.0
2.4774580001831055,8.331916809082031,2.2654623985290527
-0.07421081513166428,6.764927864074707,2.1549854278564453
4.436044692993164,2.9010491371154785,0.0
4.07866096496582,6.382697105407715,2.410259246826172
-0.38229817152023315,8.7131986618042,0.0
-0.872717022895813,6.201910018920898,0.0
3.2632999420166016,4.4375104904174805,1.6292486190795898
-0.41138017177581787,8.607475280761719,1.9826195240020752
-1.5628960132598877,10.08165168762207,0.0
0.8531462550163269,7.718928813934326,0.0
0.16791370511054993,6.7110981941223145,0.0
1.2372016906738281,4.128851413726807,0.0
1.7681994438171387,5.172528266906738,0.0
0.23757301270961761,6.597366809844971,0.0
0.8544256687164307,7.786555767059326,0.0
1.08100426197052,9.857373237609863,0.0
1.4002916812896729,9.848702430725098,0.0
2.990880012512207,-0.01255896594375372,0.0
1.3634486198425293,9.367985725402832,0.0
1.312225580215454,0.4901474714279175,0.0
-0.7603490948677063,9.888479232788086,0.0
0.0652632787823677,7.495452404022217,0.0
-0.17806537449359894,4.2635321617126465,0.0
-2.7989895343780518,10.26150131225586,0.0
1.1297364234924316,7.834802150726318,0.0
3.323068380355835,7.082897186279297,1.537361979484558
0.8708864450454712,8.464986801147461,0.0
1.181544303894043,3.9546308517456055,0.0
3.7623746395111084,4.5832953453063965,2.0468006134033203
-3.594817876815796,7.2708001136779785,0.0
-2.335520029067993,6.542656898498535,0.0
-2.1240243911743164,10.336676597595215,0.0
2.3806467056274414,2.1933765411376953,0.0
1.33573317527771,2.687406301498413,1.6733403205871582
4.444918632507324,6.236936569213867,1.9264509677886963
0.5039945244789124,8.227709770202637,0.0
1.6001945734024048,6.58657169342041,0.0
2.7007639408111572,7.019013404846191,0.0
1.9301272630691528,6.687915802001953,0.0
0.22384387254714966,9.107686042785645,0.0
-3.642575740814209,6.959825038909912,0.0
0.7153007984161377,6.451831817626953,0.0
1.0651973485946655,6.551939487457275,0.0
1.915745735168457,4.853372097015381,0.0
4.274962902069092,6.764024257659912,1.7303317785263062
-0.22033530473709106,9.030340194702148,0.0
-2.173800230026245,9.51953125,0.0
-1.059232473373413,2.9773032665252686,0.0
-1.6234486103057861,8.409989356994629,0.0
2.1949126720428467,7.024065971374512,0.0
-0.17073656618595123,2.3537757396698,0.0
0.22858737409114838,9.716464042663574,0.0
-1.403304100036621,6.783894062042236,0.0
-0.7698895335197449,5.49678897857666,0.0
4.146481513977051,6.850337982177734,0.0
2.9892001152038574,8.384568214416504,0.0
-3.9066946506500244,7.1958231925964355,0.0
-3.3973727226257324,8.683380126953125,0.0
1.0657000541687012,3.527836561203003,0.0
-1.0322238206863403,6.021366119384766,0.0
-1.0582568645477295,7.843585968017578,0.0
2.704612970352173,3.749356508255005,0.0
0.6709834337234497,9.765539169311523,2.077955484390259
0.7685675621032715,7.343496799468994,0.0
-4.2725324630737305,3.622629404067993,0.0
-0.015129215084016323,8.328227043151855,0.0
1.091475248336792,8.21651554107666,0.0
6.016294002532959,3.5899569988250732,0.0
-0.06751548498868942,9.613916397094727,0.0
-1.741231083869934,4.833593368530273,1.6841537952423096
2.0608127117156982,7.107990741729736,1.663734793663025
0.8514799475669861,6.183505058288574,0.0
0.19888406991958618,10.195465087890625,0.0
-0.46986180543899536,5.817031383514404,0.0
2.2696173191070557,6.688444137573242,0.0
-3.156059741973877,9.35228157043457,0.0
1.006070852279663,3.419804573059082,0.0
-3.1509244441986084,6.820415019989014,1.6895350217819214
1.9997111558914185,8.104177474975586,0.0
4.139118194580078,5.114869117736816,0.0
1.0409743785858154,4.915095806121826,0.0
-1.5147607326507568,8.832364082336426,0.0
-5.490396499633789,4.715614318847656,0.0
-0.523006796836853,5.705958366394043,0.0
-1.5470777750015259,2.4854118824005127,0.0
0.7611401081085205,4.686145305633545,0.0
1.1891306638717651,3.263671875,0.0
-1.3788403272628784,7.349181652069092,0.0
0.9605922102928162,4.94852352142334,0.0
2.5197532176971436,8.793350219726562,0.0
-0.40989166498184204,7.674373149871826,0.0
-2.0848474502563477,8.355269432067871,0.0
2.5247066020965576,6.663153648376465,0.0
0.891846239566803,7.915560245513916,0.0
2.019789218902588,2.8551316261291504,0.0
0.6364817023277283,4.423681259155273,0.0
-3.328234910964966,9.160859107971191,0.0
-2.4463813304901123,6.920505523681641,0.0
0.1967381089925766,3.6683685779571533,0.0
-0.25657621026039124,9.191981315612793,0.0
-0.8316993713378906,10.038418769836426,0.0
0.6140928864479065,5.502691268920898,0.0
-2.029808759689331,9.297775268554688,0.0
1.8391011953353882,8.479325294494629,2.0485641956329346
0.19857151806354523,7.095857620239258,0.0
4.078886985778809,5.705413341522217,0.0
3.3844518661499023,7.782785415649414,2.0881083011627197
1.357406735420227,7.305691242218018,1.7391728162765503
-3.9921646118164062,4.715147018432617,0.0
1.2452150583267212,4.787090301513672,0.0
-0.33564573526382446,9.049256324768066,0.0
-0.7050756812095642,3.8306989669799805,0.0
3.4797556400299072,-0.4272799491882324,0.0
1.9225702285766602,7.720025539398193,0.0
-3.790221929550171,7.163153171539307,0.0
1.5282715559005737,8.027233123779297,0.0
-0.3257010579109192,4.868757247924805,0.0
-1.7741892337799072,8.536226272583008,0.0
1.2422281503677368,8.22501277923584,0.0
-2.5948853492736816,10.282317161560059,0.0
3.5822436809539795,7.110710144042969,2.0409507751464844
1.2519280910491943,4.499651908874512,0.0
-2.982917070388794,7.256641387939453,0.0
1.0926169157028198,7.845703125,0.0
-2.4123401641845703,10.023711204528809,0.0
1.1552622318267822,6.129363059997559,0.0
1.2289905548095703,9.325489044189453,0.0
-3.2236461639404297,9.445425987243652,0.0
-2.6292991638183594,9.64660930633545,0.0
-0.13387203216552734,7.197699069976807,0.0
1.2647651433944702,7.460091590881348,0.0
2.240692377090454,5.888181209564209,0.0
3.228787422180176,0.448809415102005,0.0
-0.99714595079422,9.684020042419434,0.0
2.698493480682373,3.824309825897217,2.0023107528686523
1.9654806852340698,8.563445091247559,0.0
0.650501549243927,7.744185924530029,0.0
-0.4961172342300415,7.31777286529541,0.0
1.2094453573226929,9.2008638381958,0.0
-4.862249374389648,4.0813493728637695,0.0
0.10775256156921387,4.186017990112305,0.0
-2.882589817047119,7.601484298706055,0.0
1.9604893922805786,7.015091419219971,0.0
-1.0938583612442017,10.273079872131348,1.6830825805664062
1.964352011680603,9.166929244995117,0.0
-0.28704720735549927,7.3846964836120605,0.0
-2.072585105895996,8.750507354736328,0.0
0.3796866238117218,2.527280330657959,0.0
1.9331738948822021,3.0219671726226807,0.0
5.239781379699707,6.263240337371826,0.0
-3.0684821605682373,5.835448265075684,0.0
2.844968795776367,6.3325114250183105,1.5550925731658936
-3.9576668739318848,8.423270225524902,0.0
-1.2905606031417847,9.939554214477539,0.0
1.3757026195526123,6.951780319213867,0.0
-2.330855369567871,8.910966873168945,0.0
0.4815117418766022,9.302693367004395,0.0
1.7228444814682007,6.541540622711182,0.0
0.20370811223983765,6.319894313812256,0.0
2.9240469932556152,9.054109573364258,0.0
-0.20207901298999786,7.817142486572266,0.0
0.2856694757938385,6.253879070281982,0.0
-1.8810802698135376,7.9110541343688965,0.0
2.4278461933135986,4.722006320953369,0.0
-1.1845498085021973,7.690354824066162,2.013474464416504
-2.5944416522979736,6.821740627288818,1.792593240737915
-1.3024845123291016,10.364646911621094,0.0
-2.060272216796875,8.912271499633789,0.0
-0.5797933340072632,7.716263294219971,1.7380132675170898
2.076638698577881,7.658871173858643,0.0
3.9779040813446045,7.060960292816162,3.2515947818756104
-1.8912464380264282,9.569171905517578,0.0
0.21577143669128418,3.2534759044647217,0.0
0.5860843658447266,2.9511027336120605,0.0
0.043178558349609375,9.005647659301758,1.714470386505127
1.3605257272720337,7.488644123077393,0.0
1.6641772985458374,4.609292030334473,0.0
0.3401731848716736,4.047749042510986,0.0
-0.26805490255355835,8.508272171020508,1.3578099012374878
1.8184726238250732,5.317470550537109,0.0
-2.474911689758301,9.27542781829834,0.0
1.7562248706817627,9.433246612548828,0.0
-2.6046488285064697,4.816466331481934,0.0
0.2756446599960327,7.865657806396484,0.0
0.5007568597793579,5.998066425323486,0.0
3.0322163105010986,8.643898010253906,0.0
-0.23327034711837769,6.385819911956787,0.0
0.6749433875083923,9.639808654785156,0.0
-2.029637098312378,9.5751314163208,2.128460645675659
0.5632873177528381,7.037413597106934,2.1922621726989746
1.8858308792114258,6.856205463409424,0.0
2.6490530967712402,7.900990009307861,0.0
-0.7075477838516235,7.978854179382324,0.0
-2.3567075729370117,7.536236763000488,1.6223621368408203
-2.141613006591797,9.10830307006836,0.0
3.861865758895874,1.0247611999511719,0.0
0.3803383409976959,7.30519962310791,0.0
0.9241086840629578,4.567762851715088,0.0
-3.7773375511169434,8.258378028869629,0.0
0.31927210092544556,3.092916488647461,0.0
1.70859694480896,8.459217071533203,0.0
1.1977649927139282,3.9372942447662354,2.5951991081237793
-0.15322111546993256,10.310169219970703,0.0
-3.3890016078948975,5.958473205566406,0.0
1.0481178760528564,6.650077819824219,0.0
1.2141146659851074,1.368744134902954,0.0
0.8314486742019653,3.5579938888549805,0.0
-0.28563567996025085,4.890442848205566,0.0
4.253666877746582,4.85290002822876,0.0
0.6138516068458557,8.467700004577637,1.5370752811431885
1.810394287109375,4.303979396820068,0.0
-2.7024755477905273,8.376336097717285,0.0
1.3489594459533691,4.9204792976379395,0.0
-0.017849653959274292,7.537296772003174,0.0
1.4612557888031006,6.759160995483398,0.0
1.273463487625122,5.290887355804443,0.0
-0.5074195861816406,9.126468658447266,0.0
-3.015470266342163,4.171947479248047,0.0
0.11557264626026154,5.905062675476074,0.0
-3.208491086959839,6.9035515785217285,0.0
0.8603860139846802,9.735071182250977,0.0
2.520815372467041,7.7057061195373535,0.0
0.8958042860031128,8.936956405639648,0.0
1.5533336400985718,6.6113457679748535,0.0
4.609013557434082,5.6016693115234375,1.1606543064117432
0.32889696955680847,2.8647592067718506,0.0
3.3672101497650146,6.253448963165283,3.23124623298645
-3.4559078216552734,8.756264686584473,0.0
0.4316660165786743,8.827164649963379,0.0
1.0598242282867432,8.695184707641602,0.0
3.287468194961548,4.795358657836914,0.0
0.6192144155502319,7.534040451049805,0.0
-2.604593276977539,4.558211326599121,0.0
-1.645532250404358,6.134824752807617,0.0
-1.1328212022781372,6.1092529296875,0.0
1.0509412288665771,7.607583522796631,0.0
-2.383761405944824,6.3195037841796875,0.0
2.0692520141601562,4.929356098175049,0.0
-2.465501070022583,9.613360404968262,0.0
0.8648046255111694,4.660349369049072,0.0
-2.0739665031433105,6.261780261993408,0.0
-1.58238685131073,6.077537536621094,0.0
-0.9489883780479431,7.843442916870117,0.0
-0.5052785277366638,7.149942398071289,0.0
-1.5266249179840088,9.046268463134766,3.267357349395752
2.7490336894989014,7.474209785461426,0.0
-3.0118913650512695,6.149427890777588,0.0
0.36456015706062317,4.01612663269043,0.0
2.0767476558685303,4.415003776550293,0.0
1.9888697862625122,7.8102707862854,2.362014055252075
2.781264305114746,8.08110237121582,0.0
-1.7656468152999878,10.753740310668945,0.0
1.3055616617202759,5.892757415771484,0.0
-1.8336690664291382,10.41077709197998,0.0
-1.1651713848114014,6.794983863830566,1.826766848564148
-1.3275251388549805,8.451229095458984,0.0
-2.065377950668335,9.871820449829102,0.0
1.9557607173919678,7.353331565856934,0.0
-0.6028715372085571,8.58310317993164,0.0
1.536551594734192,9.036307334899902,0.0
1.3994375467300415,4.604331970214844,0.0
1.7980542182922363,8.281832695007324,0.0
0.1681678146123886,7.707863807678223,0.0
-2.8809163570404053,8.99219799041748,0.0
0.5135579109191895,3.114877462387085,0.0
2.374267816543579,8.364521026611328,0.0
0.11666980385780334,8.871710777282715,0.0
-3.441662073135376,8.737321853637695,0.0
-0.01621910184621811,2.38517689704895,0.0
2.2161216735839844,7.842287540435791,0.0
1.7237255573272705,8.82203483581543,0.0
1.8904039859771729,8.450094223022461,0.0
3.862438678741455,6.825054168701172,1.901082992553711
1.198103427886963,8.988285064697266,0.0
-3.144840717315674,9.324400901794434,0.0
-1.5332461595535278,10.265093803405762,0.0
-2.1418704986572266,4.788915157318115,0.0
1.3541628122329712,7.212042808532715,0.0
-0.6596598029136658,8.886246681213379,0.0
-2.482529878616333,6.993667125701904,1.774064302444458
4.308874130249023,4.379528999328613,0.0
-2.1525967121124268,9.05968189239502,0.0
1.1960532665252686,6.2422614097595215,0.0
-0.09915753453969955,8.613262176513672,0.0
2.309028148651123,8.505041122436523,1.996789574623108
0.7417827248573303,8.916213035583496,0.0
1.9128438234329224,6.28442907333374,0.0
-3.9673893451690674,7.992358207702637,0.0
-2.2092795372009277,8.649347305297852,0.0
2.5702223777770996,7.8482279777526855,0.0
-2.1695806980133057,9.49911880493164,0.0
-1.8327068090438843,9.627326965332031,1.6770436763763428
0.7298592329025269,4.54306173324585,0.0
1.4942030906677246,9.264432907104492,0.0
1.9546279907226562,4.742922782897949,2.545600414276123
-1.8415355682373047,7.136232852935791,0.0
-0.7796284556388855,6.608729839324951,0.0
2.079310894012451,8.692070007324219,0.0
-0.39210081100463867,7.292640686035156,0.0
0.19435037672519684,9.660709381103516,0.0
0.3205992877483368,7.668362617492676,0.0
1.6751062870025635,9.321127891540527,0.0
2.829655408859253,3.681563138961792,0.0
1.8595799207687378,3.701002597808838,0.0
-0.009752095676958561,6.714404582977295,0.0
-0.8347744941711426,8.533194541931152,0.0
3.666435956954956,1.940759539604187,0.0
2.84733247756958,8.389062881469727,1.6220359802246094
2.062944173812866,2.4957051277160645,3.189771890640259
0.43338543176651,8.640287399291992,0.0
3.719334363937378,6.345302104949951,1.6759836673736572
2.7161600589752197,-0.3243464231491089,0.0
7.136424541473389,1.5508224964141846,0.0
4.663846969604492,3.475694417953491,0.0
-0.5565409660339355,8.962860107421875,0.0
2.048276901245117,7.689277172088623,0.0
2.8578097820281982,1.9634552001953125,0.0
5.295699596405029,6.930392265319824,0.0
0.05465540662407875,6.356119155883789,2.6478302478790283
6.861115455627441,1.4995191097259521,0.7339749336242676
4.308782577514648,6.849850177764893,2.294881582260132
-0.9178302884101868,8.418401718139648,0.0
-1.623357892036438,5.982027053833008,0.0
-4.5493011474609375,3.781538963317871,0.0
0.26832258701324463,6.391243934631348,0.0
1.4834098815917969,6.64609956741333,0.0
1.651554822921753,9.028609275817871,0.0
0.20382361114025116,2.52081298828125,0.0
-3.6791720390319824,3.3827295303344727,0.0
2.2362821102142334,8.238884925842285,0.0
-4.722107887268066,4.253742694854736,0.0
-3.125870704650879,8.543584823608398,0.0
2.745927095413208,4.952170372009277,2.176171064376831
4.602611541748047,6.735830307006836,2.514063596725464
2.854626178741455,3.4095983505249023,0.0
4.761763095855713,6.18009614944458,0.0
8.201507568359375,4.8517279624938965,1.0018248558044434
-0.8885602951049805,2.713474988937378,0.0
7.022016525268555,1.4380289316177368,1.0048222541809082
-4.362458229064941,2.936490774154663,0.0
2.3855414390563965,2.8519034385681152,0.0
1.1106936931610107,3.8424699306488037,0.0
-4.640113830566406,4.217496395111084,0.0
0.3842383027076721,6.773405075073242,0.0
-3.7202656269073486,5.890679359436035,0.0
1.6411710977554321,6.011213302612305,0.0
8.640549659729004,2.8503828048706055,1.171913504600525
8.85936450958252,2.8724262714385986,2.3940858840942383
7.497677803039551,4.401500701904297,0.0
1.9319080114364624,7.575577259063721,0.0
5.815765380859375,4.276651859283447,1.2890005111694336
1.3777673244476318,3.102726459503174,0.0
0.5261666178703308,4.2986741065979,0.0
2.8486828804016113,-1.2845450639724731,0.0
-0.5875257849693298,2.1149682998657227,0.0
2.226548671722412,9.022921562194824,0.0
-0.11129909753799438,0.6954641342163086,3.5475120544433594
8.948492050170898,4.943441390991211,2.0859436988830566
7.587592124938965,5.61339807510376,0.0
2.8266067504882812,-1.3808166980743408,0.0
-2.7779719829559326,10.30210018157959,1.9600131511688232
2.516897439956665,6.087776184082031,0.0
0.41517317295074463,6.994826793670654,0.0
0.2663291394710541,2.5064055919647217,0.0
-5.047640800476074,4.621862888336182,0.0
4.148658752441406,2.807533025741577,0.0
1.5337709188461304,8.660655975341797,0.0
0.1678854078054428,3.2184693813323975,0.0
1.4772788286209106,4.993953227996826,0.0
1.212054967880249,2.373624086380005,0.0
1.6891614198684692,4.040750980377197,1.847625494003296
0.20011456310749054,6.98740816116333,0.0
-4.28961706161499,2.6415250301361084,0.0
-0.15293806791305542,7.906810283660889,0.0
2.4832160472869873,2.5162434577941895,0.0
6.699824810028076,1.8332222700119019,0.34464502334594727
-5.290121078491211,4.662753582000732,0.0
2.8739185333251953,7.237725734710693,0.0
4.327872276306152,3.163187026977539,0.0
-1.89021635055542,2.9502365589141846,0.0
1.155413269996643,2.294616222381592,0.0
4.110083103179932,6.151900291442871,2.1350088119506836
-2.754539728164673,7.447472095489502,0.0
-0.3893687129020691,8.538536071777344,0.0
2.70013165473938,7.69856595993042,1.870956540107727
4.662843227386475,5.049965858459473,2.5375168323516846
-3.098116874694824,3.81765079498291,0.0
2.5523757934570312,8.321527481079102,0.0
-0.13095048069953918,8.09721851348877,0.0
-1.129098653793335,5.991625785827637,0.0
2.2107441425323486,5.942055702209473,0.0
-3.1154627799987793,9.109668731689453,2.43412446975708
2.9408063888549805,-0.12919871509075165,0.0
3.1764564514160156,6.212137699127197,2.7777602672576904
5.223754405975342,6.368998050689697,3.3847405910491943
-0.04823850840330124,2.0391314029693604,2.3265111446380615
-1.5328768491744995,2.701552391052246,0.0
3.15898060798645,7.242875576019287,0.0
6.285399436950684,4.784199237823486,0.0
-2.531977891921997,7.737875938415527,0.0
4.523324966430664,4.6927571296691895,3.257295608520508
-0.6421607136726379,6.734498977661133,0.0
-2.14754319190979,2.7791175842285156,0.0
3.189088821411133,4.340184688568115,0.0
3.309253215789795,7.729664325714111,2.809929132461548
1.2601553201675415,7.499745845794678,0.0
0.6644217371940613,7.250214576721191,0.0
3.3796262741088867,2.426102876663208,1.5236036777496338
9.22046947479248,3.5760574340820312,2.942262649536133
2.5740599632263184,3.8440282344818115,0.0
0.18802417814731598,2.0380756855010986,0.0
0.7004675269126892,7.594849586486816,0.0
0.7768403887748718,3.600857734680176,2.172715663909912
9.4558687210083,6.12772798538208,1.899551272392273
8.283329010009766,5.234645843505859,0.7827949523925781
1.5942717790603638,3.328482151031494,2.5002617835998535
-0.13343295454978943,6.806300163269043,0.0
2.9794304370880127,2.603832244873047,0.0
-0.18270264565944672,3.6663904190063477,0.0
3.203049659729004,6.19760799407959,0.0
0.2997477948665619,8.59490966796875,1.9676501750946045
-4.410284996032715,5.074971675872803,0.0
2.933323621749878,-1.2391215562820435,0.0
-2.8367741107940674,5.488212585449219,0.0
3.0576677322387695,4.751611709594727,2.5147595405578613
-4.540596008300781,2.2441301345825195,0.0
-1.0951762199401855,2.0197529792785645,0.0
2.2534234523773193,0.046122826635837555,0.0
4.099565505981445,6.956324577331543,1.6795239448547363
3.2626941204071045,7.976464748382568,1.1691524982452393
0.04841822758316994,6.417472839355469,0.0
7.173331260681152,2.986391305923462,0.0
1.2434284687042236,4.417778491973877,0.0
2.102132797241211,1.9506785869598389,2.3223516941070557
4.601711750030518,5.480426788330078,1.8471753597259521
0.12776854634284973,8.703651428222656,0.0
3.989403009414673,3.621830701828003,0.0
1.679810881614685,9.425086975097656,0.0
7.672370433807373,4.550166606903076,2.4931046962738037
1.3833380937576294,5.499497890472412,0.0
-2.0284955501556396,3.8495125770568848,0.0
2.5086748600006104,5.987373352050781,3.568209409713745
3.6478934288024902,7.582834720611572,0.0
-1.8284766674041748,4.187955856323242,0.0
1.3744823932647705,5.960103511810303,0.0
-0.1624535173177719,2.3473970890045166,0.0
-0.6746281981468201,1.462900161743164,0.0
2.1059343814849854,7.90960168838501,0.0
0.44561442732810974,4.32247257232666,0.0
3.211398124694824,4.874546051025391,0.0
8.22458267211914,5.066784381866455,0.0
2.1164462566375732,-0.9139559268951416,0.0
-2.2801737785339355,7.656459331512451,0.0
3.2304396629333496,4.587430477142334,2.490055561065674
0.47817909717559814,9.609784126281738,0.0
-0.24806876480579376,0.9928794503211975,0.0
5.294090270996094,4.9879655838012695,1.4927839040756226
-1.9428819417953491,2.4662318229675293,2.2298805713653564
-0.6112504601478577,9.02057933807373,0.0
2.1087117195129395,6.5740838050842285,0.0
-3.7793197631835938,4.19697380065918,0.0
1.7792365550994873,3.7259373664855957,0.0
0.3044591248035431,7.736819267272949,0.0
0.9239486455917358,4.283058166503906,0.0
1.6394927501678467,9.357563972473145,0.0
0.09836973249912262,2.8785037994384766,2.88594388961792
3.8023111820220947,2.5454962253570557,0.0
-2.2994794845581055,3.032670736312866,0.0
7.940244674682617,2.9295616149902344,1.565488338470459
1.6599562168121338,8.798680305480957,0.0
6.137559413909912,3.110060453414917,0.0
-4.0468902587890625,2.626560688018799,0.0
-4.492391586303711,3.403242588043213,0.0
1.9622730016708374,5.9172258377075195,0.0
8.864161491394043,3.7965245246887207,0.0
-3.2397677898406982,7.207272529602051,2.250129461288452
2.7066400051116943,4.730484485626221,0.0
2.5582377910614014,3.0167396068573,0.0
1.8203017711639404,7.876086711883545,0.0
3.968453884124756,2.098306179046631,0.0
-2.6623380184173584,8.815591812133789,0.0
-0.1731232851743698,5.128874778747559,0.0
1.1896381378173828,2.6129441261291504,3.249721050262451
0.1212611123919487,1.7448760271072388,0.0
-2.1416149139404297,0.43298113346099854,0.0
2.5069100856781006,7.344184875488281,0.0
-1.7267935276031494,9.988395690917969,0.0
1.31428861618042,9.869977951049805,0.0
2.0644137859344482,5.068990707397461,0.0
3.9091079235076904,5.038617134094238,0.0
8.88650894165039,4.148185729980469,0.0
-0.6941785216331482,6.51371955871582,0.0
7.032090187072754,5.175537586212158,0.0
0.4599585235118866,7.548983573913574,0.0
2.1141507625579834,8.033482551574707,0.0
0.5673097372055054,1.0832548141479492,0.0
6.669184684753418,4.432412147521973,0.0
0.028693949803709984,2.6856720447540283,0.0
1.1348154544830322,6.483667373657227,0.0
6.614995956420898,1.4915900230407715,0.8881022930145264
1.0608923435211182,7.920453071594238,0.0
-5.280734539031982,4.859907150268555,0.0
3.7511754035949707,6.732087135314941,2.94966459274292
-1.1864924430847168,2.51442289352417,0.0
1.5376274585723877,5.471163749694824,0.0
-0.8397414684295654,2.603803873062134,0.0
2.3281078338623047,5.563401222229004,2.593479871749878
1.5891969203948975,4.2956109046936035,0.0
3.6944198608398438,5.647273540496826,1.956093192100525
1.8847625255584717,7.775205612182617,2.541818618774414
-1.8517738580703735,8.196769714355469,2.767913579940796
0.8820404410362244,7.269908905029297,0.0
-1.1448193788528442,1.6887929439544678,0.0
0.8277609348297119,4.119919776916504,0.0
4.6457743644714355,6.6225666999816895,3.6801586151123047
0.6579303741455078,8.052244186401367,0.0
-0.5550708174705505,8.694607734680176,0.0
0.5218403339385986,8.274727821350098,2.030531406402588
3.972266912460327,6.253071308135986,3.155804395675659
3.476807117462158,6.1507744789123535,2.952814817428589
2.8186604976654053,8.43045425415039,1.6246498823165894
3.1779260635375977,5.907370567321777,2.6594924926757812
-0.19407060742378235,5.337401390075684,0.0
-1.5858410596847534,4.245561122894287,0.0
-4.990133285522461,2.561143398284912,0.0
3.9163596630096436,0.6553512215614319,0.0
8.568836212158203,3.2823634147644043,0.0
6.854287147521973,1.8621824979782104,0.3155522048473358
2.142324209213257,8.300354957580566,2.215930223464966
1.766780138015747,5.940138816833496,0.0
-4.3240180015563965,3.6447913646698,0.0
1.693645715713501,0.4298996031284332,0.0
2.5691545009613037,2.6768782138824463,0.0
4.894637584686279,5.72672700881958,0.0
0.9610803127288818,3.8713018894195557,0.0
4.547483921051025,5.556830883026123,2.6561005115509033
1.760115385055542,1.3338319063186646,0.0
-0.3861033022403717,6.5431389808654785,0.0
0.3734167218208313,4.7623748779296875,0.0
7.199750900268555,3.0085983276367188,0.0
-3.7778098583221436,6.847622871398926,0.0
4.601757526397705,5.320318222045898,2.804323673248291
-1.5607306957244873,6.060053825378418,0.0
-0.057350147515535355,7.4834208488464355,2.2724578380584717
1.031697392463684,6.664810657501221,0.0
1.4163137674331665,4.494687557220459,0.0
7.54564905166626,4.658278465270996,2.7920196056365967
0.7863553762435913,3.555191993713379,0.0
1.2078101634979248,7.35106897354126,0.0
0.14420086145401,5.115939617156982,0.0
2.3634772300720215,8.962857246398926,1.9309743642807007
-0.2699754238128662,4.874876499176025,0.0
2.033872365951538,4.2343668937683105,0.0
-0.12640735507011414,7.6426568031311035,2.2740206718444824
0.1142972856760025,2.2182226181030273,0.0
3.52366042137146,0.44184017181396484,2.3807992935180664
2.694579601287842,2.5160439014434814,0.0
0.9871819019317627,8.809844017028809,0.0
2.470134973526001,5.008430480957031,1.6724615097045898
0.9954633116722107,2.4647858142852783,0.0
6.820540904998779,2.353336811065674,0.0
6.457361698150635,3.2704925537109375,1.6181342601776123
-0.7930867671966553,4.512174129486084,0.0
1.4418262243270874,5.896272659301758,0.0
3.7129669189453125,6.825094223022461,0.0
6.719552516937256,2.624696731567383,0.0
6.9639716148376465,1.5285348892211914,1.6250044107437134
7.640604496002197,5.737881660461426,0.0
-1.5120171308517456,5.050940990447998,0.0
0.2498074173927307,7.503177642822266,0.0
-0.18680128455162048,2.0042717456817627,0.0
-4.5628132820129395,4.6946563720703125,0.0
2.6702022552490234,6.024065017700195,0.0
3.2326390743255615,8.359267234802246,1.0641083717346191
-0.06017554551362991,3.968416929244995,0.0
7.912050247192383,4.0215864181518555,0.0
2.9331555366516113,0.8690864443778992,0.0
3.3954946994781494,4.415881633758545,2.9696085453033447
3.145028591156006,4.492949962615967,0.0
6.826318264007568,1.7338281869888306,0.0
1.9878699779510498,2.874999523162842,0.0
0.19597432017326355,4.913675308227539,2.316563844680786
0.39725497364997864,5.35115385055542,0.0
8.649767875671387,3.9299073219299316,0.0
-1.334612488746643,7.704625606536865,0.0
8.25875473022461,5.438785552978516,0.4049491286277771
-4.045563220977783,2.2528984546661377,0.0
4.915506839752197,6.880038738250732,2.393362045288086
1.6082571744918823,-0.43973469734191895,0.0
-2.7607083320617676,8.226506233215332,0.0
1.9485936164855957,3.243544816970825,0.0
-3.0506978034973145,2.7277581691741943,1.3242546319961548
0.9601616263389587,9.396895408630371,0.0
6.20990514755249,2.9135794639587402,0.0
1.1209698915481567,-0.48237788677215576,0.0
9.2366943359375,3.6282222270965576,0.0
-0.9859803915023804,1.8048067092895508,0.0
-3.7919394969940186,6.408066749572754,0.0
-5.314384937286377,4.494475364685059,0.0
-0.06341975927352905,3.8553466796875,0.0
2.1366634368896484,-0.8200969696044922,0.0
1.588477611541748,3.8765764236450195,0.0
3.861315965652466,5.081686496734619,0.0
6.796370029449463,3.3874261379241943,0.0
-4.908420562744141,4.9251389503479,0.0
7.562753200531006,3.3341236114501953,1.6654711961746216
0.23110419511795044,1.6626170873641968,0.0
4.028255939483643,4.845860958099365,2.0724728107452393
3.2299978733062744,4.226579666137695,2.3450660705566406
2.085571050643921,8.924454689025879,0.0
-0.9187940359115601,6.019918441772461,0.0
0.36354297399520874,2.9954099655151367,0.0
3.16119384765625,8.307474136352539,1.680767297744751
0.7603690028190613,1.8711997270584106,0.0
3.5141406059265137,4.1438751220703125,2.7499141693115234
-0.46677371859550476,6.6002888679504395,0.0
9.328910827636719,4.376655578613281,1.7376271486282349
0.5133495330810547,3.80672287940979,0.0
-1.541836142539978,6.096704006195068,0.0
1.4379287958145142,2.6201138496398926,0.0
2.3518478870391846,3.0941028594970703,0.0
-0.14737705886363983,6.3045477867126465,0.0
9.705606460571289,3.8759679794311523,0.0
7.229547500610352,2.9983596801757812,1.0162214040756226
-0.9368013143539429,4.46400785446167,0.0
-2.672821521759033,9.606091499328613,0.0
-1.7650840282440186,4.566812992095947,0.0
9.576452255249023,3.6347851753234863,2.9546093940734863
-0.06371354311704636,8.543168067932129,0.0
2.6364803314208984,7.099152565002441,0.0
-3.6898458003997803,3.7939271926879883,0.0
-4.535551071166992,4.362276554107666,0.0
-0.4337485134601593,6.013661861419678,0.0
-1.7947715520858765,7.409203052520752,0.0
0.8317568898200989,9.506610870361328,0.0
-2.237767219543457,10.141228675842285,0.0
1.266667127609253,5.007760524749756,0.0
1.1889426708221436,7.280026912689209,2.1965138912200928
7.730831623077393,5.514519691467285,1.6312291622161865
5.937458515167236,4.171928405761719,0.0
9.491093635559082,5.6921515464782715,0.0
7.258040428161621,4.045053005218506,1.3194139003753662
-0.5159386992454529,3.0370399951934814,2.877991199493408
-0.06945843994617462,7.5839362144470215,0.0
4.2155656814575195,3.3744537830352783,1.5413886308670044
2.8598005771636963,8.01638412475586,2.586636543273926
4.552865505218506,2.8692920207977295,0.0
-1.4471652507781982,4.151269435882568,0.0
-1.5278772115707397,3.9492719173431396,0.0
0.9890767335891724,7.391758918762207,2.2866318225860596
1.3840131759643555,4.41713809967041,0.0
0.633637011051178,7.946369647979736,0.0
3.3495922088623047,7.316048622131348,2.3378474712371826
2.1512112617492676,9.554801940917969,0.0
-4.0944318771362305,2.7257351875305176,0.0
6.895098686218262,3.2660787105560303,0.0
3.381124973297119,7.960473537445068,2.3357362747192383
1.6806724071502686,4.763366222381592,0.0
-0.4470061957836151,3.120061159133911,2.2358274459838867
6.998809814453125,2.850318431854248,0.789199948310852
5.067991733551025,7.161250114440918,0.0
1.8820431232452393,5.071962833404541,0.0
0.39498457312583923,6.88055419921875,0.0
-2.332458019256592,8.221892356872559,0.0
-3.0531508922576904,8.92613697052002,0.0
-3.350996255874634,5.699225425720215,0.0
4.837210178375244,3.9769082069396973,0.0
0.12682271003723145,7.828969955444336,0.0
7.168989658355713,4.366893768310547,0.0
-0.34728533029556274,6.062671184539795,2.093390703201294
2.5869815349578857,6.2711310386657715,1.9100964069366455
-2.8818681240081787,6.957026481628418,0.0
-4.364591598510742,2.3459599018096924,0.0
2.8412258625030518,5.938312530517578,2.893967866897583
4.5143046379089355,3.357987880706787,1.7744708061218262
-1.0502899885177612,3.513725757598877,0.0
-5.5897650718688965,2.6610963344573975,0.0
0.6884906888008118,9.409171104431152,0.0
1.4297809600830078,4.474661827087402,0.0
0.6788004040718079,8.276174545288086,0.0
0.9848701357841492,2.369079113006592,0.0
4.879604339599609,5.908730983734131,2.3906540870666504
4.09364128112793,7.083076477050781,2.167560338973999
-1.565517783164978,1.8219457864761353,0.0
-0.8844276070594788,9.51396656036377,0.0
0.7587496638298035,7.1475090980529785,0.0
-5.795724868774414,3.9830610752105713,0.0
-3.694248914718628,2.7643539905548096,0.0
-1.6119076013565063,6.585918426513672,0.0
3.2490575313568115,7.018054962158203,1.7748775482177734
-1.572261095046997,4.687661647796631,0.0
-0.6576376557350159,0.47060829401016235,0.0
4.676901340484619,3.60453462600708,0.0
-1.097754716873169,3.8406929969787598,0.0
-5.358541965484619,2.3970882892608643,0.0
3.466480255126953,3.6684093475341797,2.47597074508667
6.392611026763916,4.156232833862305,0.0
8.187666893005371,5.492398738861084,0.0
-4.76544189453125,3.770045518875122,0.0
-2.1229066848754883,4.0437211990356445,1.95661461353302
-5.113288402557373,3.9712154865264893,2.0965147018432617
0.25749433040618896,3.3860867023468018,0.0
-2.1850268840789795,2.21045184135437,0.0
0.9215661287307739,3.2180416584014893,0.0
1.9907068014144897,7.76979923248291,0.0
4.123036861419678,7.260803699493408,3.0512137413024902
4.709739685058594,3.394975185394287,0.0
3.038769483566284,5.121850490570068,0.0
1.46259605884552,4.939105987548828,0.0
4.609583377838135,6.997854709625244,0.0
4.02464485168457,3.091259479522705,0.0
-1.5234241485595703,9.659247398376465,0.0
-1.6645781993865967,8.151755332946777,0.0
-3.1218440532684326,8.511906623840332,0.0
4.330821990966797,5.505611896514893,2.9556877613067627
1.0009417533874512,8.3413667678833,0.0
-0.18047119677066803,2.3700006008148193,0.0
-1.9946849346160889,9.576366424560547,0.0
-1.0753931999206543,2.6756746768951416,0.0
-1.6801804304122925,7.316999912261963,0.0
0.5490814447402954,3.1206064224243164,0.0
2.235633373260498,1.1028944253921509,1.9145212173461914
6.868288040161133,4.445063591003418,0.0
2.1433351039886475,8.869644165039062,0.0
-0.09645943343639374,8.747566223144531,0.0
4.702402114868164,2.981067419052124,0.0
4.227577209472656,6.493399620056152,2.073687791824341
7.247005462646484,4.7491631507873535,0.0
4.620933532714844,6.588369369506836,1.9823496341705322
-0.7090599536895752,5.795238971710205,0.0
3.2591750621795654,8.008732795715332,3.2687747478485107
4.224960803985596,5.74362325668335,1.8435845375061035
0.47935596108436584,6.284193992614746,0.0
3.109990358352661,6.903595447540283,2.2173874378204346
-2.959601879119873,5.427738189697266,0.0
-1.7257647514343262,8.860011100769043,0.0
-1.6837326288223267,1.5153864622116089,0.0
4.107541084289551,2.2728023529052734,0.0
3.393890857696533,4.3030900955200195,1.7280436754226685
9.096054077148438,4.265936374664307,0.0
2.629770040512085,2.3501641750335693,0.0
4.44249963760376,5.970407009124756,0.0
1.5369871854782104,8.628596305847168,0.0
2.862398862838745,5.533985137939453,0.0
1.3791595697402954,9.058242797851562,0.0
5.951019763946533,4.336029052734375,0.0
4.296969413757324,5.706767559051514,1.8404570817947388
4.408430576324463,5.044961452484131,2.9352023601531982
0.9219667315483093,6.001440048217773,0.0
0.27626845240592957,9.210677146911621,0.0
0.701248288154602,5.182436466217041,0.0
4.313107013702393,5.874719619750977,2.9685568809509277
4.7318549156188965,6.958742618560791,0.0
8.75424861907959,4.528763294219971,0.0
2.1989686489105225,0.25634899735450745,0.0
-3.1620702743530273,5.737153053283691,0.0
2.667715311050415,7.7026448249816895,0.0
9.938603401184082,6.201980113983154,2.188208818435669
6.183627605438232,4.5912909507751465,2.4254355430603027
3.3327932357788086,4.724265098571777,0.0
-3.1894500255584717,7.354283809661865,0.0
-0.8411052227020264,6.463273048400879,0.0
4.060935974121094,6.4819231033325195,2.340388059616089
-1.4264987707138062,0.14094606041908264,0.0
1.8340513706207275,7.776749134063721,0.0
1.3910243511199951,7.620437145233154,2.132383108139038
2.929300308227539,3.538916826248169,0.0
-1.1334044933319092,9.376343727111816,2.2623724937438965
-1.3788098096847534,6.6943559646606445,0.0
4.34832763671875,6.511703014373779,3.013165235519409
-1.8364043235778809,8.475943565368652,2.221041679382324
-1.1530516147613525,5.981964588165283,0.0
7.6196064949035645,2.8383071422576904,0.0
9.143223762512207,5.987349510192871,1.5687901973724365
3.96905255317688,5.213616847991943,2.118095874786377
-2.652045488357544,6.759952068328857,0.0
0.07768182456493378,3.475592613220215,0.0
-2.926663637161255,6.05352783203125,0.0
3.371450185775757,5.520456314086914,0.0
-1.8095945119857788,6.376332759857178,0.0
-2.4846107959747314,9.529916763305664,2.100280284881592
3.5823283195495605,4.978263854980469,0.0
-2.1292688846588135,10.49697494506836,0.0
0.7723437547683716,8.496106147766113,0.0
1.5546807050704956,3.0695314407348633,4.372572898864746
3.6278927326202393,2.8816452026367188,2.043285369873047
1.8933025598526,4.748999118804932,0.0
2.748995065689087,4.986793041229248,0.0
-0.054183706641197205,4.950109958648682,0.0
1.5114327669143677,1.684118628501892,0.0
0.5085799694061279,7.04611873626709,0.0
-3.113807201385498,5.405754566192627,0.0
3.4680628776550293,6.826430320739746,0.0
-2.2134523391723633,9.073075294494629,0.0
4.974498748779297,6.277249336242676,0.0
-0.3021964132785797,7.863803863525391,0.0
5.088438987731934,6.494325160980225,2.1213202476501465
-1.7061063051223755,9.461084365844727,0.0
1.0555856227874756,6.180201053619385,0.0
1.2443703413009644,3.9695992469787598,0.0
0.3328138291835785,2.6770336627960205,0.0
2.559037923812866,2.7963554859161377,0.0
1.7263814210891724,7.613584041595459,0.0
-1.3754048347473145,6.545286655426025,0.0
4.137118339538574,4.801732540130615,0.0
2.405315399169922,5.004049777984619,0.0
1.7540700435638428,7.5641021728515625,2.21012806892395
0.4374212920665741,8.54216194152832,0.0
4.462849140167236,4.938632011413574,0.0
0.6794681549072266,8.934797286987305,0.0
1.9618905782699585,5.137125492095947,0.0
8.740338325500488,3.2576284408569336,0.0
6.624403476715088,3.003009796142578,3.1622815132141113
-0.5775968432426453,2.5551092624664307,0.0
2.180480718612671,7.643697261810303,0.0
7.756811618804932,4.366946220397949,0.0
3.3211543560028076,6.0887556076049805,0.0
2.8163793087005615,-0.011629407294094563,0.0
8.560717582702637,5.982954502105713,1.3014203310012817
-2.2963132858276367,8.025957107543945,0.0
3.305945634841919,4.839754581451416,2.575350761413574
0.6415183544158936,1.2732844352722168,0.0
-2.718022108078003,6.729717254638672,0.0
0.587023913860321,9.315673828125,0.0
0.5496150255203247,8.875945091247559,0.0
0.5055443644523621,6.842187404632568,0.0
2.1740803718566895,4.685910701751709,0.0
2.7970871925354004,8.247099876403809,0.0
8.271289825439453,2.890587568283081,0.0
2.2245395183563232,8.850126266479492,2.470996618270874
-2.5425939559936523,7.564058780670166,0.0
2.0601348876953125,0.2352876514196396,0.0
2.2504770755767822,6.631846904754639,0.0
-2.723095417022705,8.557585716247559,2.3173880577087402
0.5985621809959412,2.2035205364227295,0.0
-2.678624391555786,7.622023582458496,0.0
-1.3900731801986694,7.187352180480957,0.0
3.3030619621276855,5.245779037475586,0.0
-0.893426239490509,8.955953598022461,0.0
4.814587593078613,6.058423042297363,2.341661214828491
9.142926216125488,4.166257381439209,1.2524058818817139
1.0128706693649292,5.173593521118164,0.0
4.963592529296875,5.25949764251709,0.0
3.1917994022369385,4.566094398498535,2.29944109916687
4.267158031463623,3.591817617416382,0.0
2.1409032344818115,8.2712984085083,0.0
2.7598135471343994,4.739628314971924,2.3888535499572754
6.474814414978027,4.966577529907227,0.0
2.3890178203582764,1.8456785678863525,0.0
4.683797359466553,6.524920463562012,0.0
-1.1569942235946655,3.2834270000457764,0.0
8.063690185546875,2.7816410064697266,0.0
-1.01444411277771,7.051602363586426,0.0
3.186540126800537,7.317874431610107,1.6439099311828613
4.289361476898193,4.469404220581055,0.0
-2.7480363845825195,9.76068115234375,0.0
-0.39406242966651917,6.651104927062988,0.0
5.6225080490112305,3.962862491607666,2.4865124225616455
-2.5787761211395264,4.559632778167725,0.0
-3.2639973163604736,5.676886558532715,0.0
2.0459959506988525,7.542933464050293,0.0
3.6748316287994385,4.652231693267822,0.0
-1.5091681480407715,6.209418773651123,0.0
4.180645942687988,6.849230766296387,0.0
8.590737342834473,5.2272186279296875,2.0050864219665527
-1.7694226503372192,9.714188575744629,0.0
-1.4776233434677124,4.89980411529541,0.0
5.4698028564453125,3.329782247543335,0.0
2.1839916706085205,2.8238165378570557,0.0
-2.53476881980896,9.739599227905273,0.0
3.5708096027374268,4.9949750900268555,2.469510316848755
-4.124389171600342,7.385226249694824,0.0
1.3026095628738403,3.2746498584747314,0.0
0.191378653049469,2.7731826305389404,2.4621167182922363
0.2563185691833496,1.973907709121704,0.0
-0.2328232228755951,6.38446569442749,0.0
9.233241081237793,3.157299280166626,0.0
-1.5484702587127686,2.9143755435943604,0.0
3.9679017066955566,5.693592548370361,2.7577149868011475
2.578648090362549,9.017365455627441,1.5886465311050415
0.06864268332719803,7.713866233825684,0.0
-2.588545083999634,7.13210391998291,0.0
1.00592839717865,2.3288533687591553,0.0
2.4373855590820312,6.568939685821533,0.0
-1.8515855073928833,9.742920875549316,0.0
0.8125500082969666,3.0370125770568848,0.0
4.910881996154785,3.7433202266693115,1.8353482484817505
2.57316517829895,7.577426910400391,0.0
-5.19364070892334,4.934100151062012,0.0
2.7494122982025146,5.869534015655518,0.0
-3.622760772705078,6.005755424499512,0.0
1.1604669094085693,6.763692855834961,2.2724578380584717
1.6605643033981323,5.681525707244873,0.0
2.93621563911438,8.460765838623047,2.430335521697998
2.991665840148926,4.480805397033691,1.9081382751464844
2.4684059619903564,9.046899795532227,2.2094056606292725
2.567389965057373,8.001633644104004,2.0415337085723877
-2.751615524291992,2.9098243713378906,0.0
4.598321437835693,5.332080841064453,2.495143413543701
-3.3191308975219727,5.95946741104126,0.0
0.600412130355835,9.097084045410156,0.0
1.9808058738708496,7.89816951751709,0.0
1.476855754852295,9.186267852783203,0.0
-2.2762973308563232,8.146696090698242,0.0
2.970585823059082,5.385599613189697,0.0
5.562680721282959,3.7557406425476074,1.6174862384796143
1.1200066804885864,6.558102130889893,0.0
0.08955541253089905,8.897680282592773,3.123671531677246
1.0089539289474487,9.104689598083496,0.0
1.2580456733703613,8.671727180480957,1.770820140838623
-0.34878382086753845,4.5895538330078125,0.0
0.5700729489326477,3.161945104598999,0.0
3.962716817855835,5.742494583129883,0.0
4.6806254386901855,7.0562567710876465,1.6680841445922852
-0.6252995133399963,8.949114799499512,0.0
2.4722986221313477,2.7093422412872314,2.9118778705596924
4.149717330932617,3.7469840049743652,0.0
2.399655818939209,5.811488628387451,0.0
3.1822171211242676,8.176470756530762,2.5472264289855957
4.727388858795166,3.33648681640625,0.0
-0.5748854875564575,5.2982497215271,0.0
9.03797721862793,4.20445442199707,1.877024531364441
4.156368732452393,6.442458629608154,0.0
4.3454437255859375,5.207897186279297,0.0
-1.9186112880706787,6.51365852355957,0.0
4.055067539215088,7.28481388092041,1.7744708061218262
4.893973350524902,6.558883190155029,1.5939397811889648
2.4620165824890137,2.441020965576172,2.0927674770355225
4.550830364227295,6.596211910247803,1.7167143821716309
3.169987201690674,6.1985578536987305,0.0
-3.1918458938598633,7.703664779663086,2.384369373321533
4.480346202850342,6.287688732147217,1.9340052604675293
3.861755609512329,3.662524700164795,0.0
-0.2285747528076172,7.470554828643799,2.742748260498047
-1.8149951696395874,8.672243118286133,0.0
-1.3431038856506348,7.695173263549805,0.0
-5.188840389251709,4.853592395782471,0.0
10.170083999633789,4.8229169845581055,0.0
0.6020165681838989,6.8582940101623535,1.9783122539520264
3.5822818279266357,7.397584438323975,0.0
-2.1683003902435303,9.702078819274902,0.0
-1.8857111930847168,6.91916036605835,0.0
-3.799745559692383,4.344977855682373,0.0
1.633996605873108,5.7070112228393555,0.0
4.110587120056152,6.309976577758789,1.921954870223999
3.811781883239746,6.428723335266113,1.1736079454421997
3.858165740966797,3.0480167865753174,0.0
4.362246036529541,2.784823417663574,0.0
-0.9379709362983704,6.282281875610352,0.0
2.3664653301239014,5.092087745666504,0.0
-1.8045417070388794,6.017534255981445,0.0
3.9322669506073,6.6557722091674805,3.8384742736816406
1.6372755765914917,1.945199728012085,2.1965138912200928
-1.585520625114441,2.006765604019165,0.0
1.3261120319366455,8.388245582580566,0.0
-0.6877515912055969,4.029609680175781,0.0
3.002734899520874,7.328977584838867,2.9251317977905273
4.964386940002441,6.427434921264648,0.0
4.842161655426025,5.793360710144043,0.0
3.228520393371582,7.064011096954346,2.9678566455841064
2.242377758026123,-0.2770337462425232,0.0
1.8364334106445312,4.317773342132568,0.0
2.6573355197906494,4.6868720054626465,0.0
-2.5874056816101074,6.2563066482543945,0.0
2.8967676162719727,3.022174596786499,0.0
9.60767650604248,5.807524681091309,1.3116333484649658
2.0975148677825928,0.6879332065582275,0.0
3.4827003479003906,4.903937339782715,2.327345371246338
2.915532112121582,7.956194877624512,0.0
1.9406818151474,2.5697879791259766,0.0
3.7634379863739014,6.784773349761963,0.0
1.4386576414108276,7.611108303070068,0.0
4.08662223815918,4.9767279624938965,0.0
3.6145317554473877,5.996490478515625,0.0
3.6956331729888916,5.8209428787231445,0.0
-3.0951197147369385,8.644726753234863,0.0
-2.6519734859466553,6.4035115242004395,0.0
3.7120797634124756,5.17902946472168,0.0
5.812065124511719,3.256639003753662,0.0
-0.17899981141090393,9.974366188049316,0.0
6.560142993927002,5.1819167137146,0.0
-2.0136170387268066,5.007619380950928,1.6633881330490112
7.458230018615723,4.186099052429199,0.0
2.3729357719421387,5.860354900360107,0.0
3.9426684379577637,6.0375823974609375,0.0
7.202610015869141,2.9619877338409424,0.0
6.3757734298706055,3.044036388397217,0.0
3.3159947395324707,4.211556911468506,2.0871798992156982
-1.9400289058685303,7.1705641746521,1.4441721439361572
2.6220450401306152,5.601285934448242,0.0
-0.5760997533798218,3.621417284011841,0.0
3.654900312423706,5.416471004486084,2.6003780364990234
-3.5429587364196777,1.46670401096344,2.3510587215423584
3.6177613735198975,5.674403190612793,0.0
1.1368685960769653,7.032350063323975,0.0
0.27957212924957275,8.718733787536621,0.0
3.2045907974243164,6.336922645568848,0.0
-2.2031683921813965,9.281526565551758,0.0
5.281806945800781,4.3127617835998535,1.6651235818862915
8.569284439086914,2.9139509201049805,0.0
2.879650115966797,6.937863349914551,2.931833028793335
0.15869660675525665,5.761570453643799,0.0
2.595864772796631,2.815203905105591,0.0
1.745163917541504,3.69114351272583,0.0
3.137922525405884,2.8212921619415283,0.0
-3.8224031925201416,2.7809274196624756,0.0
3.856595516204834,4.468836784362793,2.5649492740631104
3.1978135108947754,5.7905755043029785,2.2824063301086426
1.0128557682037354,8.387253761291504,0.0
1.5898008346557617,4.354262351989746,0.0
1.4779020547866821,3.402564764022827,0.0
-1.0072611570358276,2.1927144527435303,0.0
1.1486036777496338,5.190515041351318,0.0
0.48091381788253784,2.489089012145996,0.0
1.0935701131820679,8.153517723083496,0.0
-3.077301502227783,3.7301669120788574,0.0
0.3327578008174896,1.6639662981033325,0.0
-3.8317954540252686,5.143704414367676,0.0
0.9921557903289795,5.687194347381592,0.0
1.449349284172058,1.8025752305984497,0.0
2.2684080600738525,3.5394418239593506,1.7364702224731445
2.7641611099243164,3.589378595352173,1.1793477535247803
-0.2345965951681137,6.475989818572998,0.0
-3.0385451316833496,5.895355224609375,0.0
-0.3662744164466858,9.184486389160156,0.0
6.633749961853027,3.534726619720459,0.0
3.4501500129699707,4.314704418182373,0.0
4.47247838973999,5.775968551635742,1.9571365118026733
1.703804612159729,2.1479620933532715,0.0
0.39488598704338074,2.2982330322265625,1.4215807914733887
-0.9805217981338501,2.4037787914276123,0.0
1.366308569908142,3.223177194595337,0.0
-0.14650921523571014,0.9789151549339294,0.0
1.4910844564437866,5.389898300170898,0.0
-2.121440887451172,1.8375219106674194,0.0
-1.2066773176193237,4.3566999435424805,0.0
-1.2909857034683228,3.4719350337982178,0.0
-3.1413209438323975,6.475988864898682,0.0
2.875105381011963,3.1692726612091064,0.0
3.628234386444092,5.09986686706543,2.2729783058166504
0.39945119619369507,1.8266164064407349,0.0
-0.937701940536499,2.700922727584839,0.0
-1.6328165531158447,2.0447723865509033,0.0
1.3953059911727905,0.6880061626434326,0.0
-2.1289939880371094,5.684556007385254,1.4246891736984253
1.1969692707061768,3.100006341934204,1.401176929473877
5.430482387542725,6.101809024810791,2.2399415969848633
-1.3372899293899536,1.4733867645263672,0.0
2.7185115814208984,2.8066933155059814,1.8677098751068115
3.0172781944274902,2.2462081909179688,1.6823692321777344
2.620673179626465,-2.1700780391693115,0.0
-3.195101022720337,7.238245964050293,1.4617385864257812
-3.089769124984741,2.051290273666382,0.0
9.814661979675293,3.930811882019043,0.0
4.717330455780029,2.200838327407837,0.0
-0.634152352809906,1.89824378490448,0.0
-3.399235725402832,5.877347469329834,0.0
2.0030388832092285,8.096643447875977,0.0
4.157602310180664,5.879424095153809,1.432044506072998
2.661503314971924,7.502786636352539,0.0
-4.202807903289795,7.686323642730713,1.228824496269226
-3.899953603744507,7.54434061050415,0.0
-3.1048336029052734,6.306346893310547,0.0
-0.1551094651222229,2.075854778289795,0.0
-0.2803589999675751,2.8105411529541016,0.0
-0.5412757396697998,4.083032608032227,0.0
-1.4692965745925903,0.5041207671165466,0.0
-2.3179991245269775,2.970808506011963,2.503347635269165
-4.311533451080322,7.69844913482666,2.6190474033355713
-1.6396299600601196,2.8201730251312256,0.0
-2.0380940437316895,3.0870919227600098,0.0
-1.04647958278656,9.405815124511719,1.5861700773239136
-3.014488458633423,3.032630205154419,0.0
0.15111194550991058,2.5794224739074707,0.0
2.532085657119751,8.735557556152344,0.0
4.153364658355713,4.77098274230957,2.2690820693969727
-3.512467384338379,6.581392765045166,0.0
4.065607070922852,5.178568363189697,0.0
-0.36717551946640015,2.0356462001800537,0.0
1.984520673751831,3.124788284301758,0.0
-3.0593526363372803,9.620786666870117,1.79593825340271
4.019299030303955,4.94115686416626,0.0
2.4599666595458984,4.2099409103393555,2.3353147506713867
2.4985127449035645,3.4268860816955566,1.498155117034912
2.6303303241729736,8.276591300964355,1.3743394613265991
-2.02523136138916,0.20447057485580444,2.217751979827881
-1.0548131465911865,3.3155603408813477,0.0
4.203031539916992,4.325494289398193,0.0
5.661165237426758,3.849712610244751,0.0
0.05891072005033493,4.979060173034668,0.0
1.775262475013733,6.758417129516602,0.0
-3.931015729904175,7.106698513031006,1.5781854391098022
0.4138915538787842,5.259840965270996,0.0
0.031231818720698357,7.263894557952881,0.0
0.1913517266511917,1.612352967262268,0.0
4.037673473358154,4.87350606918335,2.216658353805542
4.24199914932251,5.635583877563477,0.0
1.1605122089385986,3.9583425521850586,0.0
2.488858461380005,2.291975259780884,1.3584537506103516
2.065059185028076,1.0582369565963745,0.0
1.5928549766540527,8.9639892578125,0.0
-0.4501068592071533,4.768373966217041,0.0
-3.020225763320923,2.0676963329315186,0.0
2.0311145782470703,-0.022764304652810097,0.0
0.3034959137439728,2.322962760925293,0.0
1.1078263521194458,8.5664701461792,1.1588510274887085
-1.8282767534255981,2.704188346862793,0.0
-0.6806305050849915,2.271591901779175,0.0
-1.4178199768066406,2.367828369140625,0.0
-4.35586404800415,7.584081172943115,0.0
1.6785434484481812,0.23556198179721832,0.0
-3.4723567962646484,3.72727370262146,0.0
0.7267465591430664,2.271358013153076,0.0
1.5255497694015503,4.066377639770508,0.0
2.8978052139282227,3.2641396522521973,1.7607769966125488
-1.1720161437988281,6.03242826461792,0.0
1.4828732013702393,2.7195141315460205,0.0
1.9551970958709717,5.727019309997559,0.0
-1.50108003616333,2.8175346851348877,0.0
-3.984199047088623,7.24945068359375,1.6658190488815308
2.4453470706939697,2.858731269836426,0.0
0.520713746547699,7.448626518249512,0.0
0.7922781109809875,8.145977020263672,0.0
3.9930994510650635,5.409614086151123,0.0
-1.4800004959106445,0.334973007440567,0.0
-0.5839249491691589,3.468999147415161,0.0
9.485427856445312,3.343604564666748,0.0
2.7361512184143066,3.0555496215820312,0.0
-2.423257827758789,10.107693672180176,0.0
0.9240912199020386,3.136922597885132,0.0
1.13507080078125,9.459383964538574,0.0
-3.544971227645874,5.853557586669922,0.0
-3.1252129077911377,5.370805740356445,0.0
1.7088654041290283,5.423990249633789,0.0
0.28323864936828613,9.230488777160645,0.0
-3.6684181690216064,3.2800564765930176,0.0
-1.7930411100387573,2.113696336746216,1.657520055770874
1.079702615737915,0.04876963421702385,0.0
2.941471815109253,3.708073616027832,2.0604262351989746
-0.07290513813495636,5.092185020446777,0.0
-3.9590373039245605,3.131232500076294,0.0
1.4897528886795044,6.43982458114624,0.0
0.9232748746871948,1.3038052320480347,0.0
-0.6099363565444946,0.25443845987319946,0.0
-1.5862334966659546,0.7070996165275574,0.0
3.387920618057251,2.658684253692627,1.7321165800094604
-3.816650152206421,6.344017505645752,0.0
-0.7878201603889465,1.4957609176635742,0.0
-1.5238524675369263,2.5614726543426514,0.0
0.37696245312690735,1.060017466545105,0.0
3.374912738800049,2.2125654220581055,0.0
7.133403301239014,2.5921077728271484,0.0
2.375523805618286,7.95806360244751,0.0
-0.09168843924999237,3.56134295463562,0.0
1.068721890449524,4.14568567276001,1.5933148860931396
-4.053443431854248,6.399280548095703,0.0
-3.6976687908172607,8.768715858459473,0.0
-0.204812690615654,8.29249095916748,0.0
-1.077218770980835,1.8836528062820435,0.0
-3.0513916015625,5.685343265533447,1.3342647552490234
3.9715781211853027,4.708528995513916,0.0
2.111560344696045,3.688464403152466,0.0
-4.4989333152771,3.3140649795532227,0.0
0.9702005982398987,4.783113956451416,0.0
-0.387969434261322,8.183206558227539,0.0
-0.18886308372020721,3.2527883052825928,0.0
-2.949876308441162,5.891030788421631,1.5705981254577637
2.8338894844055176,3.4026613235473633,1.4717450141906738
-3.4835643768310547,2.8195559978485107,0.0
2.930497884750366,3.3857030868530273,0.0
3.266918420791626,3.8570852279663086,1.3847962617874146
0.8088104128837585,2.1239430904388428,0.0
1.190948486328125,8.570030212402344,0.0
-2.8930041790008545,9.864221572875977,1.946639060974121
0.867281973361969,2.043009042739868,0.0
1.6990982294082642,5.070487976074219,0.0
5.038435935974121,5.311638832092285,0.9878624677658081
1.2670544385910034,3.868175983428955,0.0
0.6143177151679993,2.4435243606567383,0.0
3.4056196212768555,5.093068599700928,1.5589345693588257
1.30878746509552,3.50409197807312,1.53879714012146
-3.2251195907592773,5.714371681213379,0.0
3.0011801719665527,3.353273391723633,0.0
-2.5386526584625244,3.3661036491394043,1.973495602607727
0.2707225978374481,3.858858346939087,0.0
-0.36118245124816895,2.658679246902466,0.0
-0.6670660376548767,3.2948851585388184,0.0
0.16714803874492645,2.761007070541382,2.0151631832122803
3.1238808631896973,4.5453009605407715,0.0
2.2321064472198486,4.099886417388916,0.0
0.8759713172912598,2.3782174587249756,0.0
-0.03444597125053406,9.498858451843262,0.0
-3.4991464614868164,2.233543872833252,0.0
0.44991442561149597,2.1846323013305664,0.0
4.012832164764404,2.491114616394043,1.6717592477798462
1.2589879035949707,5.051765441894531,0.0
2.490398645401001,3.083432197570801,1.185781478881836
-0.0687388926744461,3.253640651702881,2.1720263957977295
-3.287475824356079,3.9298057556152344,0.0
2.8384387493133545,-1.859708309173584,0.0
4.46083927154541,3.1406965255737305,1.5000457763671875
3.6734745502471924,2.028632879257202,0.0
2.022738456726074,2.344865083694458,0.0
-3.6292781829833984,3.252812623977661,0.0
4.179845809936523,3.0228517055511475,1.4903817176818848
-1.1213756799697876,3.1848337650299072,0.0
2.1137609481811523,2.9010753631591797,0.0
0.1642722636461258,3.473205327987671,1.8969783782958984
-2.9586758613586426,7.366909027099609,0.0
1.3094499111175537,2.50724196434021,0.0
-0.18096108734607697,2.438526153564453,0.0
4.179738521575928,3.498119354248047,0.0
1.3818485736846924,6.342808723449707,2.0012032985687256
2.3621089458465576,6.661059379577637,0.0
1.8906902074813843,3.0473220348358154,0.0
-0.932687520980835,2.8364980220794678,0.0
-0.6005023121833801,2.942216396331787,0.0
-3.3666887283325195,7.457086086273193,1.941892385482788
3.373046636581421,4.079797744750977,1.4665935039520264
0.5460262298583984,3.7427003383636475,0.0
1.218572735786438,5.20995569229126,0.0
3.844956398010254,4.2559685707092285,0.0
0.2332344353199005,4.107290267944336,0.0
-2.3405919075012207,2.9147942066192627,0.0
3.173117160797119,3.5450079441070557,1.7930105924606323
1.532234787940979,3.6202902793884277,0.0
1.4386729001998901,3.1322875022888184,0.0
1.7995542287826538,4.4024176597595215,0.0
-0.032154764980077744,2.7424354553222656,0.0
-0.46342733502388,1.766466736793518,0.0
1.4951245784759521,2.411430835723877,0.0
4.518800735473633,4.967433929443359,0.0
-1.3917880058288574,2.4357221126556396,0.0
-1.1569466590881348,5.545449733734131,0.0
-1.6559078693389893,7.226377487182617,0.0
0.7129945158958435,2.7680182456970215,0.0
-2.0301640033721924,2.478414297103882,0.0
0.9266365766525269,1.791959524154663,0.0
4.830247402191162,5.115558624267578,1.7669869661331177
2.512979030609131,0.9976012110710144,0.0
0.10799266397953033,8.48733139038086,0.0
3.3052754402160645,5.305775165557861,1.1731452941894531
-1.767021894454956,3.9125263690948486,0.0
2.7393577098846436,6.3979363441467285,2.6675631999969482
-0.3833746612071991,2.827955961227417,1.974029302597046
1.6770048141479492,1.8786790370941162,0.0
-1.7702815532684326,0.4625844955444336,0.0
3.3092589378356934,1.4248459339141846,0.0
-0.5395188927650452,3.027989149093628,0.0
-1.0593721866607666,6.072432994842529,2.1116864681243896
3.7070329189300537,4.220059871673584,3.018768548965454
0.9118810296058655,4.237726211547852,1.207695722579956
-0.6663498878479004,2.190492868423462,0.0
-1.4550329446792603,8.504578590393066,0.9005354642868042
-0.6155097484588623,8.443982124328613,0.0
3.3684823513031006,3.1617653369903564,0.0
9.612410545349121,4.357907295227051,1.0026979446411133
2.887655735015869,-1.999950885772705,0.0
2.645447015762329,2.9350433349609375,0.0
-0.17489974200725555,2.4770350456237793,0.0
-1.043163776397705,5.688657760620117,0.0
1.1122853755950928,2.581740140914917,1.976703405380249
2.3780112266540527,2.066143035888672,0.0
-3.286630392074585,7.490576267242432,0.0
6.555583477020264,3.261720895767212,0.8841220736503601
-3.6132047176361084,6.733143329620361,0.0
2.849357843399048,2.2098095417022705,0.0
3.4900641441345215,1.015528678894043,0.0
2.011425256729126,5.791234016418457,1.2499130964279175
-1.2600808143615723,2.7066075801849365,1.63554048538208
3.5899243354797363,5.387801170349121,2.0943267345428467
1.0566678047180176,3.06064510345459,0.0
-0.20637209713459015,7.472497463226318,0.0
0.08789773285388947,4.980088233947754,0.0
8.864091873168945,4.375150680541992,0.0
1.5842814445495605,4.591532230377197,2.0151631832122803
0.7024103999137878,2.1550581455230713,0.0
2.5366055965423584,3.4092350006103516,1.9896715879440308
-4.07622766494751,7.238337993621826,2.849320650100708
0.9543194770812988,2.1706628799438477,0.0
-2.261388063430786,2.4055919647216797,0.0
5.827591896057129,3.376981019973755,2.2621798515319824
7.780790328979492,5.618386268615723,0.0
6.9066314697265625,4.8907294273376465,0.0
-0.31417059898376465,2.5557703971862793,0.0
-3.6923177242279053,6.061323165893555,2.115846633911133
2.102449417114258,1.915695071220398,0.0
-1.0952147245407104,4.47365665435791,0.0
0.42716366052627563,3.1639809608459473,0.0
2.0165812969207764,-0.24739769101142883,0.0
3.648499011993408,4.741479873657227,3.007661819458008
1.9493136405944824,3.4429373741149902,0.0
2.890920877456665,-0.15587617456912994,1.4324084520339966
0.6111800670623779,3.234736204147339,0.0
4.140443801879883,6.515368461608887,2.290347099304199
0.7114210724830627,1.845617413520813,0.0
-3.237776041030884,5.5733418464660645,2.020251750946045
0.5560319423675537,2.6379196643829346,0.0
2.996138572692871,3.242560863494873,0.0
-1.7083940505981445,0.9755361080169678,0.0
-4.415836334228516,6.086345195770264,0.0
0.15438127517700195,0.913776695728302,0.0
-2.9159085750579834,7.536581993103027,0.0
8.437252044677734,3.068382978439331,0.0
-2.7793352603912354,7.445216178894043,1.3004478216171265
2.9094362258911133,-1.5700269937515259,1.4251688718795776
4.557658672332764,6.439401149749756,0.0
3.3107028007507324,3.634524345397949,0.0
-5.298068523406982,2.7328813076019287,0.0
0.907653272151947,1.702309012413025,0.0
2.2409844398498535,7.229407787322998,0.0
4.771026611328125,5.853346824645996,1.999177098274231
1.4283299446105957,8.803445816040039,0.0
2.5092177391052246,6.1456708908081055,1.742274284362793
1.8511607646942139,4.624489784240723,0.0
1.5928601026535034,1.8910893201828003,0.0
-2.3234641551971436,0.810600996017456,0.0
-2.8966519832611084,5.9097490310668945,0.0
-0.5527815818786621,2.9465951919555664,0.0
-1.3087584972381592,1.6408621072769165,0.0
0.37645435333251953,1.0307780504226685,0.0
1.9399032592773438,0.9298956394195557,0.0
3.011744499206543,-0.8450891971588135,0.0
1.1870940923690796,0.7903600335121155,0.0
0.24876900017261505,7.81685733795166,0.0
1.3712193965911865,4.017882823944092,0.0
1.358411431312561,3.2877280712127686,0.0
0.513214111328125,3.7732527256011963,0.0
-0.23085744678974152,3.1045877933502197,0.0
1.7129420042037964,5.076484203338623,0.0
4.1471848487854,4.7582855224609375,2.6660053730010986
-3.080289125442505,4.767669677734375,0.0
-0.8767971992492676,2.2392289638519287,0.0
7.212440013885498,3.1527788639068604,1.847625494003296
1.7694231271743774,6.028867244720459,0.0
-2.1415810585021973,9.188177108764648,1.3324131965637207
0.5110899209976196,0.6422805190086365,1.5980165004730225
0.7717580795288086,8.524166107177734,0.0
-3.7615950107574463,6.777308940887451,1.3270970582962036
-1.639211654663086,9.468330383300781,2.1640284061431885
3.2907278537750244,2.2271323204040527,0.0
-3.583432674407959,6.907015323638916,2.5126733779907227
2.2714383602142334,8.53566837310791,0.0
-0.8363458514213562,7.231019973754883,0.0
3.269662857055664,2.325488328933716,0.0
2.6422109603881836,2.123792886734009,1.8633264303207397
-1.1656391620635986,9.424159049987793,0.0
0.8790496587753296,1.2122613191604614,0.0
9.03734016418457,6.217059135437012,0.0
0.25273677706718445,6.576817035675049,0.0
-3.4390268325805664,4.077376365661621,0.0
3.444314479827881,4.930649280548096,0.0
-1.5917623043060303,0.6766499876976013,0.0
2.1257829666137695,1.7866101264953613,0.0
3.117410659790039,4.383897304534912,0.0
-2.614795684814453,6.007211208343506,0.0
9.492328643798828,5.650501251220703,1.0213100910186768
-3.5302436351776123,3.287334680557251,0.0
1.518293857574463,8.859611511230469,0.0
-0.11090665310621262,1.830380916595459,0.0
2.038060426712036,4.957706928253174,0.0
-0.4385682940483093,3.8865482807159424,0.0
2.0503287315368652,5.3816328048706055,1.6795239448547363
-0.5089163184165955,5.381533622741699,2.3879549503326416
-0.6253336668014526,1.0119603872299194,0.0
-2.825105905532837,0.9883564710617065,0.0
-3.6890006065368652,6.262518882751465,0.0
2.138793706893921,2.2782933712005615,0.0
4.294320583343506,4.888935089111328,1.7107467651367188
3.7139055728912354,6.239822864532471,2.269341230392456
8.465882301330566,4.241777420043945,0.0
2.0545921325683594,-0.253004789352417,0.0
0.3924991190433502,0.9572428464889526,3.3228020668029785
-0.2120259553194046,3.0672078132629395,0.0
0.05678277462720871,3.124910831451416,0.0
-4.565583229064941,7.155625343322754,0.0
-3.024858236312866,8.183402061462402,0.0
4.477870464324951,5.389020919799805,1.5293831825256348
3.757791757583618,7.758874893188477,2.419381618499756
1.7719088792800903,5.270936489105225,0.0
1.3049150705337524,8.001741409301758,0.0
-0.135732039809227,1.8303308486938477,0.0
-0.33590447902679443,1.5971109867095947,0.0
-1.813025951385498,3.023205280303955,0.0
2.4217445850372314,3.372825860977173,0.0
3.6865646839141846,6.274785041809082,0.0
4.590160369873047,5.453066825866699,1.8355696201324463
3.724299669265747,5.354925632476807,2.1123251914978027
5.799325942993164,5.038494110107422,0.0
3.3084888458251953,3.7620458602905273,0.0
-0.180819571018219,2.5122101306915283,0.0
5.249017238616943,6.251405239105225,0.0
-1.8071657419204712,6.0682220458984375,0.0
-0.0661584660410881,4.52243709564209,0.0
9.06588077545166,3.0304291248321533,1.0960853099822998
-1.6605323553085327,3.4588687419891357,0.0
4.752335071563721,4.887758731842041,2.596921920776367
1.1799348592758179,4.1438398361206055,0.0
-0.6474670767784119,2.2274467945098877,0.0
-1.4499841928482056,3.0816357135772705,0.0
-3.2140753269195557,6.284398555755615,0.0
0.6170722246170044,2.1060080528259277,0.0
3.3635902404785156,5.205357074737549,1.9995450973510742
8.805418968200684,3.2879626750946045,0.0
3.6354687213897705,6.228466510772705,2.4265637397766113
5.034467697143555,6.57504940032959,1.5751398801803589
-0.1437549889087677,5.183572292327881,0.0
-2.4857001304626465,4.760021686553955,0.0
-0.029905429109930992,1.335274338722229,0.0
2.976663589477539,4.161708831787109,0.0
4.082240104675293,6.226774215698242,1.5589345693588257
4.917341232299805,4.106733322143555,0.0
-0.21124108135700226,4.428987979888916,0.0
1.3604854345321655,3.814663887023926,0.0
-1.175005555152893,0.2392517626285553,0.0
-0.1263805776834488,5.470026969909668,0.0
4.231192588806152,3.6749770641326904,0.0
-0.3603076934814453,3.26343035697937,0.0
-1.6893144845962524,2.69867205619812,2.9713637828826904
6.050111770629883,3.790344715118408,3.1605498790740967
1.7013020515441895,5.266590595245361,1.8030989170074463
1.9635732173919678,6.124560356140137,0.0
2.8749923706054688,2.9369423389434814,0.0
4.062833309173584,5.754631519317627,0.0
-0.5650585889816284,3.5122945308685303,0.0
-2.475539207458496,9.83559799194336,0.0
4.004698753356934,2.0506091117858887,0.0
2.5171916484832764,3.930814027786255,1.6781055927276611
-0.7547671794891357,2.8223211765289307,2.093390703201294
4.6939873695373535,4.783968448638916,1.6523841619491577
4.219405651092529,5.9415998458862305,0.0
2.9063632488250732,4.795158863067627,0.0
-1.0564541816711426,5.75961971282959,0.0
3.602004289627075,4.330275058746338,1.9737625122070312
7.70308780670166,2.5508787631988525,0.0
-0.4652642011642456,1.6352652311325073,0.0
2.4800174236297607,1.7969621419906616,1.8507839441299438
4.5676774978637695,4.330812454223633,0.0
9.005537033081055,4.822837829589844,0.0
2.4036519527435303,1.883172631263733,0.0
-2.8096115589141846,2.8536880016326904,0.0
2.4782419204711914,2.3136045932769775,0.0
1.6423141956329346,3.9401888847351074,0.0
-0.2996658980846405,2.7815136909484863,2.19864821434021
2.7625296115875244,1.8975812196731567,0.0
4.2569756507873535,4.873889923095703,0.0
6.56662130355835,3.050990104675293,1.407669186592102
4.741482734680176,4.718328475952148,1.7310961484909058
-0.12057963758707047,2.9541444778442383,0.0
2.986783742904663,6.692655563354492,2.250889301300049
-2.3010029792785645,2.634610652923584,0.0
3.7804272174835205,5.135937690734863,1.6909770965576172
-3.643854856491089,9.227449417114258,0.0
1.6131479740142822,3.5098609924316406,0.0
1.0657237768173218,3.706007957458496,0.0
1.7388736009597778,7.203392505645752,0.0
2.2259206771850586,2.146176338195801,0.0
5.621513366699219,6.071062088012695,1.2757289409637451
2.065608024597168,2.993617534637451,0.0
-1.8079019784927368,3.1778464317321777,0.0
1.1220166683197021,4.426960468292236,0.0
3.9354162216186523,4.587762832641602,2.087489366531372
0.38001397252082825,2.3008310794830322,0.0
7.5321269035339355,5.067296028137207,0.0
-1.8336817026138306,1.9981985092163086,0.0
-0.19974151253700256,1.7455555200576782,0.0
-5.509303569793701,3.195047378540039,0.0
2.002542018890381,6.620079040527344,0.0
1.562286615371704,5.370641708374023,1.8746848106384277
1.779710054397583,7.559998512268066,0.0
4.401341915130615,7.03331184387207,0.0
1.9208232164382935,2.356008768081665,0.0
0.08482185006141663,5.917423248291016,1.9239498376846313
-1.0123499631881714,0.25651705265045166,0.0
-2.552530288696289,2.0772511959075928,0.0
4.520075798034668,5.671314239501953,2.645394802093506
0.9074182510375977,2.9039969444274902,0.0
1.9566843509674072,7.911680698394775,0.0
0.5149365663528442,3.422696590423584,0.0
6.203922748565674,3.010815382003784,1.9035083055496216
1.994776964187622,6.598298072814941,0.0
-1.1215150356292725,3.6596121788024902,0.0
3.055485486984253,4.967240333557129,0.0
9.356279373168945,3.8720266819000244,0.0
3.757279872894287,6.788295745849609,2.780120611190796
3.981959581375122,5.656496047973633,0.0
2.457427501678467,4.989516258239746,1.956093192100525
-2.662698745727539,9.406112670898438,0.0
2.8663227558135986,3.5008671283721924,2.671940326690674
1.9628074169158936,5.538092136383057,0.0
8.571940422058105,2.6545212268829346,0.0
4.8794331550598145,5.790584564208984,0.0
6.238144874572754,3.3278121948242188,2.3586111068725586
1.7724885940551758,5.2582197189331055,0.0
1.5770411491394043,1.0878612995147705,0.0
-0.004958080127835274,5.43694543838501,0.0
0.269110769033432,6.287337303161621,0.0
3.997669219970703,6.601626396179199,1.7280436754226685
-3.182465076446533,8.550039291381836,0.0
7.460936069488525,3.5162487030029297,0.0
2.343355178833008,-0.8551016449928284,0.0
-0.7357985377311707,4.223605632781982,0.0
1.6770426034927368,3.282043218612671,0.0
2.312833786010742,2.8471693992614746,0.0
-0.20853291451931,3.6091806888580322,0.0
-0.627128541469574,2.9594743251800537,0.0
3.4726407527923584,5.676973342895508,2.277940511703491
0.7441070079803467,6.969316005706787,0.0
-3.520097017288208,5.921555995941162,0.0
2.8273773193359375,1.9599554538726807,0.0
3.2530953884124756,3.173578977584839,0.0
0.38095876574516296,3.2967770099639893,0.0
0.4180454611778259,0.9622346758842468,0.0
2.097017765045166,2.828615427017212,0.0
2.8465065956115723,3.8352293968200684,1.8686360120773315
1.4563885927200317,4.611251354217529,0.0
-0.4745428264141083,3.5756819248199463,0.0
1.4587428569793701,2.002830743789673,0.0
9.442716598510742,3.7721168994903564,0.0
3.5601863861083984,6.16026496887207,1.8742177486419678
4.707515239715576,5.395010471343994,1.9940439462661743
2.4770445823669434,6.131326198577881,0.0
4.182912349700928,4.817625045776367,2.705378770828247
0.5786802768707275,2.894368886947632,0.0
3.4338326454162598,6.372372150421143,0.0
3.394557476043701,3.2428388595581055,0.0
2.569489002227783,6.136877536773682,0.0
4.288876056671143,5.790639400482178,2.642359972000122
1.3218271732330322,4.769624710083008,0.0
3.6178665161132812,5.434441566467285,2.388254165649414
9.111377716064453,3.5304856300354004,2.035144805908203
2.9425954818725586,7.073500633239746,0.0
2.5810070037841797,2.6207265853881836,0.0
-1.1276190280914307,7.567126274108887,0.0
2.9951140880584717,3.7697205543518066,0.0
2.6973068714141846,2.321427822113037,1.979386806488037
2.7712841033935547,5.487574100494385,2.5543079376220703
0.7834447622299194,-0.25845932960510254,0.0
1.184207558631897,2.725170373916626,0.0
0.25946518778800964,3.9674110412597656,0.0
3.3979663848876953,5.5200018882751465,0.0
3.4180796146392822,5.525723934173584,0.0
-0.8817461729049683,1.5263696908950806,0.0
4.518970489501953,5.6417555809021,1.7126060724258423
1.9351656436920166,2.198091983795166,1.4976158142089844
4.563199043273926,3.1078786849975586,0.0
1.3718030452728271,0.5989087224006653,0.0
-0.7027890682220459,3.122507095336914,0.0
3.9490437507629395,5.149841785430908,1.5293831825256348
-4.21218204498291,3.7975518703460693,0.0
2.010793685913086,4.081562042236328,0.0
4.527870178222656,6.851171016693115,2.936891794204712
3.0852231979370117,3.1850528717041016,2.792738676071167
3.352337598800659,1.7453186511993408,0.0
4.550380229949951,5.125658988952637,1.5229023694992065
-2.368117570877075,9.263200759887695,0.0
-3.091167688369751,3.4573135375976562,0.0
2.9479386806488037,3.213162422180176,2.470005512237549
1.0860320329666138,3.6922855377197266,0.0
-0.5004816651344299,2.8983397483825684,0.0
0.6528288125991821,3.6086552143096924,0.0
3.60677170753479,5.090127944946289,0.0
0.0638011172413826,3.858532428741455,0.0
3.1214592456817627,0.34159213304519653,0.0
5.055680751800537,6.007704734802246,0.0
2.4318275451660156,4.984189510345459,0.0
0.8208842873573303,6.444343090057373,0.0
-0.5822598338127136,4.84677791595459,0.0
4.170248031616211,4.330352306365967,0.0
0.8575904369354248,6.294395446777344,0.0
-4.433742523193359,2.989659547805786,0.0
1.8243049383163452,3.871676206588745,0.0
4.83087158203125,5.720213890075684,1.5678880214691162
-0.4284511208534241,6.797894477844238,0.0
10.03596019744873,5.9602742195129395,2.6366231441497803
1.4547245502471924,2.90803599357605,0.0
5.402267932891846,6.231317043304443,0.0
-0.006586242467164993,1.9036860466003418,0.0
3.245764970779419,6.503690242767334,0.0
3.92857027053833,5.299903392791748,0.0
0.742754340171814,4.407667636871338,0.0
-1.0082541704177856,1.170807957649231,0.0
3.724846839904785,6.497528553009033,0.0
7.601390838623047,4.760780334472656,0.0
2.5886340141296387,4.203561305999756,0.0
-0.24424706399440765,1.3413439989089966,0.0
9.748862266540527,3.949939250946045,1.873750925064087
0.7874544858932495,5.4866533279418945,0.0
3.7124381065368652,2.3591012954711914,0.0
5.895857334136963,4.827807903289795,0.0
3.059931516647339,3.0101165771484375,0.0
2.196709394454956,1.635978102684021,1.9164962768554688
1.8895515203475952,3.133080005645752,0.0
-0.6111955642700195,2.3750622272491455,0.0
3.6159141063690186,5.215423583984375,2.263916015625
-4.379319667816162,7.6192450523376465,1.4538978338241577
1.1054024696350098,7.296641826629639,0.0
2.8992466926574707,3.6512045860290527,2.2467193603515625
-5.9936842918396,3.3680901527404785,0.0
1.2211899757385254,2.5451393127441406,0.0
1.258933663368225,-0.6754018068313599,0.0
4.074826240539551,5.381668567657471,1.6993284225463867
0.8659369945526123,3.69024395942688,0.0
-1.4710997343063354,0.3006174564361572,0.0
-4.2418131828308105,3.4728431701660156,0.0
-0.12704864144325256,4.597080230712891,0.0
1.6881135702133179,5.39341402053833,0.0
0.33799585700035095,4.023856163024902,0.0
4.2503581047058105,6.481716632843018,0.0
8.217774391174316,4.520416259765625,1.1588010787963867
-0.5191567540168762,4.054986953735352,0.0
9.352682113647461,4.739006042480469,1.3803242444992065
2.6841089725494385,5.354442119598389,0.0
0.31154564023017883,1.895642638206482,0.0
-0.2715149521827698,0.3654952645301819,0.0
0.7743238210678101,2.592913866043091,0.0
3.2975735664367676,4.597097873687744,1.4914482831954956
1.3815479278564453,2.8583197593688965,0.0
0.8123276233673096,-0.377297967672348,0.0
1.9695552587509155,-1.2534213066101074,0.0
3.29380464553833,5.997200012207031,1.8449289798736572
1.3591535091400146,1.2459410429000854,1.951416015625
8.261940002441406,5.402627944946289,0.0
4.196233749389648,4.953050136566162,2.295015335083008
0.5382564067840576,7.055047512054443,0.0
1.4687048196792603,5.05740213394165,1.961849570274353
-2.7936298847198486,8.090703010559082,1.655461072921753
2.4896738529205322,2.9844725131988525,2.031682014465332
7.856586456298828,5.859776020050049,0.0
3.7639472484588623,6.495793342590332,2.6839327812194824
1.3311762809753418,0.6915701627731323,0.0
-0.8809208273887634,3.8217098712921143,0.0
1.0061155557632446,4.058619976043701,0.0
4.631699085235596,6.050119400024414,2.2054443359375
-3.007875442504883,5.17522668838501,0.0
2.230093240737915,5.297104358673096,0.0
4.270161151885986,4.834456443786621,0.0
1.3609431982040405,2.007956027984619,0.0
-4.714123249053955,4.057509422302246,0.0
-0.516331136226654,3.024615526199341,0.0
-0.2891208231449127,2.035874605178833,0.0
3.0894663333892822,6.4272236824035645,2.277940511703491
2.251209020614624,3.2580411434173584,0.0
1.308935523033142,3.2709288597106934,0.0
-1.0630502700805664,4.941097259521484,2.8257155418395996
-2.456827402114868,2.922180414199829,0.0
1.082287073135376,7.6399335861206055,0.0
4.242575645446777,5.409416198730469,0.0
-1.1106631755828857,2.3031182289123535,0.0
1.6383962631225586,6.852562427520752,0.0
1.4969745874404907,3.563647985458374,0.0
-0.3898942470550537,0.5453957915306091,0.0
0.6000797152519226,8.215254783630371,0.0
0.25221237540245056,2.6314494609832764,0.0
1.0531296730041504,5.22822904586792,0.0
6.386405944824219,3.047348976135254,0.0
-0.2926289141178131,3.181913137435913,0.0
2.2862648963928223,2.743391513824463,0.0
2.6501708030700684,3.4010767936706543,0.0
0.11134692281484604,3.648893117904663,0.0
-6.0741286277771,3.443314552307129,0.0
6.8077311515808105,2.8564751148223877,0.9172518253326416
1.971184492111206,3.345665216445923,0.0
2.5323116779327393,4.303996562957764,0.0
0.3462374210357666,4.1916351318359375,0.0
0.6034672856330872,1.768689751625061,0.0
-1.77742338180542,0.16809165477752686,0.0
0.4526588022708893,8.148481369018555,0.0
0.9194691181182861,3.0601348876953125,0.0
-2.9120633602142334,8.238802909851074,0.0
-3.140298843383789,8.598797798156738,0.0
0.22490404546260834,3.3071539402008057,0.0
1.8902872800827026,6.891536235809326,0.0
2.3265304565429688,5.468952655792236,0.0
-0.5505486130714417,4.979455471038818,0.0
-2.3735392093658447,7.232802391052246,0.0
-0.4123069643974304,1.081046462059021,0.0
2.172511577606201,2.69844126701355,0.0
-0.04926762729883194,4.612286567687988,0.0
-5.127407550811768,2.4662067890167236,0.0
2.553872585296631,7.954837799072266,2.692876100540161
1.9778013229370117,3.620133399963379,2.1972246170043945
4.219052791595459,5.609588623046875,1.7380132675170898
4.1750407218933105,4.528196811676025,2.172715663909912
3.9810853004455566,3.566587209701538,0.0
-1.5395630598068237,1.2685905694961548,0.0
1.340499758720398,7.965936183929443,0.0
3.589939594268799,3.833735704421997,0.0
4.626730918884277,6.66444730758667,0.0
1.6221667528152466,3.6635944843292236,0.0
3.8699023723602295,4.439736843109131,1.975632667541504
3.7239739894866943,5.263404846191406,0.0
-3.403369426727295,6.295388698577881,0.0
2.9885318279266357,3.036323308944702,0.0
1.9881742000579834,7.599725723266602,0.0
-1.539404273033142,3.9791955947875977,0.0
0.16787925362586975,0.695709228515625,0.0
1.171030879020691,-0.09431329369544983,0.0
1.7400044202804565,3.3176779747009277,0.0
-0.08510681241750717,1.7219343185424805,0.0
2.591790199279785,6.792252540588379,0.0
0.2152210772037506,4.481867790222168,2.3807992935180664
2.6758930683135986,4.564484119415283,2.313274621963501
3.811934232711792,5.841483116149902,0.0
-1.1596989631652832,3.689622640609741,0.0
0.4070749878883362,1.624685525894165,0.0
0.9453951120376587,3.6363558769226074,0.0
-0.6312608122825623,-0.16331392526626587,0.0
1.3213061094284058,2.9765498638153076,2.5775959491729736
0.18064893782138824,0.8712477087974548,0.0
2.724653482437134,4.121403694152832,2.5521228313446045
0.7251240015029907,6.0834641456604,0.0
6.851446628570557,3.277305841445923,0.0
4.691771507263184,5.567636013031006,0.0
-0.44664862751960754,2.9974024295806885,0.0
4.830236434936523,5.742575168609619,0.0
0.15670190751552582,7.292177677154541,0.0
4.166808605194092,6.353968143463135,0.0
-1.7424383163452148,2.281738519668579,0.0
2.1322667598724365,3.4470014572143555,0.0
2.139218807220459,6.959537506103516,0.0
3.997767686843872,4.472604751586914,1.6599302291870117
6.811936855316162,3.129734754562378,2.345705986022949
3.574920892715454,4.270346641540527,0.0
-1.9864652156829834,6.490360736846924,0.0
0.7827742099761963,2.457406997680664,0.0
2.9247114658355713,4.12741231918335,0.0
2.1184182167053223,3.0099692344665527,0.0
0.6569977402687073,4.65012264251709,0.0
4.121763229370117,6.183845520019531,1.8890748023986816
-0.7443439960479736,2.4334404468536377,0.0
0.8998748660087585,8.009106636047363,0.0
2.1023077964782715,3.157144546508789,0.0
1.998309850692749,4.673098087310791,0.0
3.6304593086242676,4.318995475769043,1.734546184539795
-0.9933245182037354,2.914423704147339,0.0
2.0611913204193115,1.071610450744629,0.0
1.2227873802185059,1.782188057899475,0.0
3.1538071632385254,6.0215840339660645,0.0
1.579982876777649,1.3728351593017578,0.0
2.908783435821533,3.47039532661438,1.8338005542755127
6.884854793548584,2.915894031524658,0.0
3.2512614727020264,4.5227508544921875,0.0
0.9352215528488159,5.0433735847473145,0.0
2.5188281536102295,4.677903175354004,1.825892448425293
-1.4747124910354614,2.733562469482422,0.0
2.804288625717163,-1.7230912446975708,0.0
3.480708122253418,5.811118125915527,1.460213303565979
2.1293752193450928,5.804635524749756,0.0
1.4784494638442993,5.072332859039307,0.0
0.0688248798251152,2.206608295440674,0.0
-2.111455202102661,2.827993392944336,0.0
1.7383815050125122,2.1404778957366943,0.0
-0.35886746644973755,4.290423393249512,0.0
0.5142878293991089,2.981640100479126,0.0
4.953578472137451,5.536026477813721,3.061828851699829
-2.8688952922821045,3.1463303565979004,0.0
0.45544588565826416,4.211862087249756,0.0
1.3338369131088257,2.6273396015167236,0.0
0.5630443692207336,-0.6837658882141113,0.0
4.624066352844238,2.8094940185546875,0.0
2.694213390350342,0.14817140996456146,0.0
3.0779225826263428,6.461374759674072,0.0
1.4956307411193848,0.24814248085021973,0.0
1.0126745700836182,8.535640716552734,0.0
0.8856298327445984,9.52473258972168,0.0
4.483902454376221,5.6064629554748535,0.0
3.8154006004333496,0.6973934173583984,0.0
-0.7914547920227051,7.607800483703613,0.0
-3.836448907852173,6.232728004455566,0.0
1.1039619445800781,1.6762818098068237,0.0
0.8655369877815247,9.44930648803711,0.0
2.6809778213500977,-0.028583843261003494,0.0
4.128047466278076,2.1364989280700684,0.0
1.565205454826355,5.448663711547852,0.0
-2.443298578262329,9.5416259765625,0.0
2.561769723892212,-0.6530174016952515,0.0
-1.4707920551300049,8.038507461547852,2.7255845069885254
-2.0010759830474854,9.471015930175781,0.0
-3.165036916732788,4.35241174697876,0.0
2.024052858352661,2.502227783203125,0.0
2.027219772338867,9.793780326843262,0.0
-0.8256842494010925,8.156678199768066,0.0
0.6934136152267456,4.729487419128418,1.9607996940612793
-0.189259871840477,7.097665786743164,0.0
0.14623798429965973,-0.2476046234369278,0.0
7.197207450866699,1.309246301651001,0.579217791557312
-1.068931221961975,6.63167142868042,0.0
1.216999888420105,9.02918815612793,1.5248677730560303
1.536643385887146,8.279884338378906,0.0
0.32364895939826965,7.6435699462890625,0.0
-2.347318410873413,8.04366683959961,0.0
2.9970922470092773,0.6425498723983765,0.0
-2.8198623657226562,8.046180725097656,0.0
-4.486497402191162,4.41843318939209,0.0
1.0109424591064453,5.624423027038574,0.0
4.112138748168945,6.078559398651123,0.0
1.9672602415084839,0.18529394268989563,0.0
-2.6032161712646484,10.341543197631836,0.0
-3.3619744777679443,9.367032051086426,1.1958215236663818
-0.02670580893754959,9.223611831665039,0.0
-2.7363526821136475,8.90514087677002,0.0
-0.07330574840307236,1.8054512739181519,0.0
1.7422471046447754,4.938634872436523,0.0
-2.9571261405944824,9.581418991088867,0.0
3.1618545055389404,-1.050730586051941,0.0
2.245392084121704,3.9241464138031006,1.8090500831604004
-0.3285672664642334,7.821658134460449,0.0
-0.11919889599084854,8.211417198181152,0.0
2.361337900161743,8.438604354858398,0.0
-0.26798945665359497,5.968601226806641,0.0
2.5545952320098877,4.837471961975098,0.0
-2.2079386711120605,9.563310623168945,0.0
-0.9244468212127686,9.249566078186035,0.0
1.8181190490722656,6.5394744873046875,0.0
-1.3976434469223022,8.538363456726074,0.0
0.7597644329071045,5.430763244628906,0.0
0.5515034794807434,9.0753755569458,0.0
3.107964515686035,-0.8960524797439575,0.0
7.501241683959961,2.769327402114868,2.663084030151367
7.21668004989624,1.1657016277313232,1.079132080078125
3.4279608726501465,-0.3334980607032776,0.0
1.111555814743042,2.648280143737793,2.3186261653900146
4.350185871124268,2.525698184967041,0.0
-3.116396427154541,5.530777454376221,0.0
-3.127518653869629,4.846831321716309,0.0
-2.184453248977661,7.895266056060791,0.0
2.205488920211792,-0.5348402261734009,0.0
-0.13152916729450226,7.633547306060791,0.0
-1.1179463863372803,2.619922161102295,0.0
0.2407958209514618,5.952569961547852,0.0
-2.7553443908691406,3.8834681510925293,1.0044492483139038
-1.5664087533950806,9.322535514831543,0.0
1.2681959867477417,7.735317230224609,0.0
-2.5252809524536133,10.212408065795898,0.0
-0.2115175724029541,8.311246871948242,2.246845245361328
3.548917531967163,3.0032057762145996,2.2771551609039307
-2.5606958866119385,7.671083927154541,2.4941232204437256
4.783625602722168,3.3106918334960938,1.548933744430542
-1.0424739122390747,6.695491790771484,0.0
0.9859718084335327,8.726725578308105,0.0
-0.17698590457439423,1.9977351427078247,0.0
6.795975208282471,1.7616313695907593,0.0
7.92880392074585,5.272500038146973,0.0
-2.935978651046753,2.119119167327881,0.0
-3.2037222385406494,9.385408401489258,0.0
3.17543625831604,2.4572901725769043,0.0
2.988846778869629,3.4203648567199707,2.2763702869415283
2.3757355213165283,7.321297645568848,0.0
0.12192519754171371,3.8215765953063965,0.0
0.17188642919063568,2.1850028038024902,0.0
2.3869893550872803,6.609193325042725,0.0
-0.9951114654541016,7.586747646331787,0.0
-0.2780904471874237,7.219408988952637,0.0
1.0030770301818848,8.075067520141602,0.0
0.8853840231895447,6.3583526611328125,0.0
1.3736369609832764,6.5913496017456055,0.0
3.1271557807922363,-1.8126254081726074,0.0
2.885650873184204,7.561114311218262,0.0
2.0344598293304443,3.90956974029541,0.0
0.6815955638885498,2.509018659591675,0.0
-1.462895154953003,6.564088821411133,0.0
0.06030556559562683,9.17027473449707,0.0
3.9229087829589844,0.842830240726471,0.0
-1.8152234554290771,10.783162117004395,0.0
2.5329692363739014,6.491457462310791,0.0
7.348273277282715,4.885532379150391,0.0
-0.8142535090446472,4.567586421966553,0.0
3.6521384716033936,0.6887993216514587,0.0
2.2826058864593506,9.27108097076416,0.0
0.6685328483581543,9.821331977844238,0.0
1.2590610980987549,5.966632843017578,0.0
2.605950117111206,6.686791896820068,0.0
-1.3851394653320312,10.294053077697754,0.0
9.975160598754883,3.928222894668579,1.3567384481430054
1.1722480058670044,-0.5009976625442505,0.0
3.2388312816619873,-0.5346415638923645,0.0
2.36869478225708,5.75201940536499,0.0
1.7358568906784058,7.250744819641113,0.0
0.049372442066669464,5.419042587280273,0.0
3.9137802124023438,1.1591072082519531,0.0
1.3589051961898804,8.866170883178711,0.0
2.1635875701904297,8.868891716003418,0.0
2.4680261611938477,0.2964614927768707,0.0
1.9811509847640991,5.770043849945068,0.0
2.471583843231201,8.301148414611816,0.0
-2.1631414890289307,5.889612674713135,0.0
1.9801300764083862,4.682241439819336,0.0
-2.499218225479126,8.984479904174805,0.0
-0.44677305221557617,6.256006240844727,0.0
-0.5153199434280396,8.065018653869629,0.0
-3.786013126373291,7.096789360046387,0.0
3.3184077739715576,1.022672176361084,0.0
-1.2108628749847412,7.0850114822387695,0.0
-0.17833392322063446,4.938689708709717,0.0
1.6122742891311646,3.666553258895874,2.2701191902160645
4.579914569854736,2.9854602813720703,0.0
-3.8262431621551514,6.996857643127441,0.0
0.8376007080078125,8.592995643615723,0.0
0.14063626527786255,6.394853591918945,0.0
-2.316066026687622,4.284323215484619,0.0
7.063807487487793,2.7670633792877197,0.0
-2.583613395690918,9.333898544311523,0.0
3.735724925994873,1.1584542989730835,0.0
-1.4795318841934204,3.9608137607574463,0.0
-2.174936532974243,10.016751289367676,3.352126121520996
-1.003870964050293,7.601860046386719,0.0
-2.3831787109375,2.5640013217926025,0.0
-0.6081030368804932,8.36500358581543,0.0
2.9905123710632324,0.46129468083381653,0.0
3.5672764778137207,-0.5261982679367065,0.0
-0.08808596432209015,8.207233428955078,0.0
2.063371181488037,-1.3006476163864136,0.0
0.9586580991744995,6.504074573516846,2.210850954055786
4.2144646644592285,5.275335311889648,0.0
1.8976402282714844,6.740870952606201,0.0
-4.217152118682861,7.982393741607666,1.5855523347854614
3.2926185131073,7.671419620513916,0.0
0.7776687741279602,8.509854316711426,0.0
2.876154661178589,0.43579548597335815,0.0
-5.720028877258301,3.3479905128479004,0.0
0.9672110080718994,6.666538715362549,0.0
3.4433236122131348,2.102088689804077,0.0
1.592570185661316,3.8511862754821777,0.0
3.0554935932159424,0.6813062429428101,0.0
2.6847634315490723,2.10874605178833,0.0
-0.7353272438049316,8.572136878967285,0.0
-1.9839376211166382,7.1914963722229,0.0
-2.5778393745422363,8.062468528747559,0.0
2.9117794036865234,8.059398651123047,1.6731643676757812
1.691516637802124,2.352959632873535,0.0
1.3072293996810913,9.330862998962402,0.0
1.2065104246139526,5.833232402801514,0.0
-0.20782500505447388,7.258151531219482,0.0
-0.5094642639160156,8.783429145812988,0.0
-1.8921246528625488,9.852166175842285,0.0
1.9715443849563599,0.8783107995986938,0.0
0.028993962332606316,9.715779304504395,0.0
0.12435121834278107,8.248346328735352,0.0
2.0753567218780518,7.231620788574219,0.0
1.9482381343841553,6.275275707244873,0.0
1.6989394426345825,2.5308759212493896,0.0
1.3241345882415771,7.4998650550842285,0.0
-2.8666629791259766,8.12326431274414,0.0
2.712944269180298,0.7779191732406616,0.0
-2.9996516704559326,7.684205532073975,1.6483033895492554
1.0080351829528809,9.703752517700195,1.429744005203247
-1.678450107574463,8.553664207458496,0.0
2.806520700454712,-1.7115488052368164,0.0
1.4663207530975342,9.842803001403809,0.0
2.4939165115356445,0.7436795830726624,0.0
1.9300572872161865,6.21827507019043,0.0
-3.7849631309509277,2.8287301063537598,0.0
-3.2217962741851807,9.85566520690918,0.0
2.9549717903137207,1.0365506410598755,0.0
2.0976040363311768,7.717923641204834,2.528977870941162
-0.0410011000931263,9.028794288635254,0.0
-2.340482473373413,3.842311382293701,0.0
8.819540023803711,6.269766807556152,0.0
2.297624111175537,-1.9165676832199097,0.0
0.7872978448867798,5.123177528381348,0.0
2.061333179473877,7.7020649909973145,1.9100964069366455
-0.39775800704956055,8.198039054870605,0.0
-0.20745091140270233,8.124734878540039,0.0
5.246700763702393,3.555622100830078,1.197594165802002
2.330648422241211,-0.7259491682052612,0.0
1.6464900970458984,6.320009231567383,0.0
0.519582986831665,4.845465660095215,2.194385051727295
2.0634117126464844,-0.521353006362915,0.0
-2.3348567485809326,8.033180236816406,0.0
4.478644847869873,6.313546180725098,0.0
0.20196397602558136,7.2370147705078125,0.0
1.3425201177597046,8.730212211608887,0.0
2.2771120071411133,-0.535252571105957,0.0
2.7048051357269287,-1.2808990478515625,0.0
2.1186368465423584,0.7846512198448181,0.0
2.041010856628418,2.8127880096435547,0.0
-0.7749550342559814,7.680293560028076,0.0
0.5492485165596008,4.602780818939209,0.0
-2.204606771469116,8.311919212341309,1.3065041303634644
-1.8675506114959717,4.096410274505615,0.0
2.2099263668060303,-0.7449564337730408,0.0
2.342068910598755,0.16174811124801636,0.0
3.070042133331299,7.971271514892578,2.303485631942749
-0.18397046625614166,9.067777633666992,0.0
1.998379111289978,8.300106048583984,0.0
1.9228482246398926,8.999001502990723,0.0
2.490227460861206,1.1630051136016846,0.0
-4.29515266418457,3.643148183822632,0.0
-3.244807004928589,8.33448314666748,1.7826511859893799
2.3122293949127197,7.486621379852295,0.0
1.6993310451507568,3.809889793395996,0.0
2.753072738647461,-0.797994077205658,0.0
6.851668357849121,1.473739504814148,0.0
2.2516486644744873,-0.4187702536582947,0.0
-2.212205171585083,9.933117866516113,0.0
0.6697919964790344,7.5796709060668945,1.6809451580047607
0.3426593840122223,7.451624870300293,0.0
0.7337935566902161,-0.24956254661083221,0.0
2.456547260284424,8.144270896911621,2.404283285140991
3.0548245906829834,2.366943359375,0.0
-0.935808539390564,6.75783634185791,0.0
-1.5816963911056519,8.407556533813477,0.0
-5.114299774169922,4.76140022277832,0.0
2.7218029499053955,-0.835633397102356,0.0
2.134530544281006,0.8586969971656799,0.0
1.7941269874572754,7.047635555267334,1.6609656810760498
0.2491561323404312,9.223937034606934,0.0
2.2929697036743164,3.469815731048584,1.5503947734832764
2.8461191654205322,-1.3145397901535034,0.0
0.948606014251709,6.877669811248779,0.0
0.5210008025169373,7.021972179412842,0.0
0.32638826966285706,5.2901811599731445,0.0
-3.261861562728882,6.232831954956055,0.0
-0.6514005064964294,7.219620227813721,0.0
-0.3659498691558838,6.086341381072998,0.0
-1.8521637916564941,10.058024406433105,1.8060681819915771
2.6884512901306152,4.076370716094971,0.0
-1.7096736431121826,9.42016887664795,0.0
-0.16032838821411133,1.3133577108383179,0.0
-1.0618007183074951,5.705431938171387,0.0
2.1747188568115234,8.120059967041016,0.0
-1.1341673135757446,7.949615001678467,0.0
1.0290591716766357,9.942435264587402,0.0
2.954178810119629,4.514401912689209,1.1711452007293701
1.5146923065185547,4.417899131774902,0.0
-0.3678738474845886,8.091743469238281,0.0
-2.595808267593384,9.153172492980957,0.0
0.7652450799942017,7.87858247756958,0.0
9.668947219848633,3.8330037593841553,0.0
-2.5820603370666504,9.102417945861816,0.0
-5.491583824157715,4.591678619384766,0.0
0.8110647201538086,7.895811080932617,0.0
2.8683855533599854,-1.281440019607544,0.0
-3.3860225677490234,5.713602542877197,0.0
0.9374864101409912,6.186440467834473,0.0
2.757319688796997,-1.0190680027008057,0.0
0.1456500142812729,7.862133502960205,1.3541748523712158
-2.3001513481140137,4.082452774047852,0.0
-2.2399284839630127,9.855452537536621,0.0
2.7566537857055664,1.0694888830184937,0.0
1.2203205823898315,0.16875861585140228,0.0
1.697695016860962,3.7185027599334717,0.0
0.7856705784797668,6.303366661071777,2.0761237144470215
-3.1016736030578613,6.015781879425049,0.0
2.9696226119995117,8.219013214111328,2.1785991191864014
1.4093549251556396,-0.22650109231472015,0.0
1.550742506980896,8.520137786865234,0.0
2.041002035140991,7.324141025543213,0.0
-3.778641939163208,8.717391014099121,0.0
2.055041551589966,-0.7970114350318909,0.0
6.0638885498046875,4.433553695678711,0.0
0.0013473330764099956,7.302757740020752,0.0
0.9725890755653381,7.736413478851318,0.0
1.4591618776321411,1.3665988445281982,0.0
3.1546809673309326,-0.7428652048110962,0.0
4.51357889175415,2.8420462608337402,0.0
-0.5717213749885559,8.88180923461914,0.0
0.02186541073024273,9.615143775939941,0.0
2.9206457138061523,1.8926211595535278,0.0
-0.7627782225608826,6.996709823608398,0.0
-2.283135175704956,9.65359878540039,0.0
2.8557844161987305,7.315853118896484,0.0
-2.3470778465270996,8.423734664916992,0.0
-3.046100616455078,9.875226974487305,2.1534135341644287
5.99371337890625,3.2097201347351074,0.0
-1.9431700706481934,2.5080249309539795,0.0
2.0248682498931885,0.16654685139656067,0.0
0.6108607649803162,4.348324298858643,0.0
3.1210639476776123,-0.9221572279930115,0.0
-3.2215988636016846,9.53180980682373,0.0
-0.3989580273628235,2.2307820320129395,0.0
-1.1798880100250244,9.045086860656738,0.0
-2.5634288787841797,9.024295806884766,0.0
3.0203697681427,-0.2400055080652237,0.0
2.749044418334961,5.760932445526123,1.7438302040100098
2.4376790523529053,7.520832538604736,0.0
-0.7035040855407715,8.724249839782715,0.0
-0.23141659796237946,9.648962020874023,0.0
0.030114388093352318,3.1076743602752686,0.0
-1.2917990684509277,7.849855422973633,0.0
-4.424349784851074,7.642306804656982,0.0
0.8748149275779724,9.14489459991455,0.0
-1.8812463283538818,8.383463859558105,0.0
-0.701303243637085,2.4884426593780518,0.0
-1.8413379192352295,8.26445198059082,0.0
-2.6352853775024414,9.616037368774414,0.0
0.31862515211105347,9.38693618774414,0.0
1.462646245956421,9.074203491210938,0.0
3.8788020610809326,0.7747871279716492,0.0
2.380160331726074,-1.727880835533142,0.0
-0.0049074268899858,7.667878150939941,0.0
1.0902140140533447,8.625636100769043,0.0
1.9953464269638062,6.725809574127197,1.7575931549072266
3.099116563796997,8.521294593811035,0.0
1.6088359355926514,3.7170374393463135,0.0
-5.410009860992432,3.3518762588500977,0.0
1.8812086582183838,4.549518585205078,0.0
2.9156222343444824,0.52747642993927,0.0
2.175355911254883,0.39465567469596863,0.0
1.197594404220581,0.5946088433265686,0.0
-0.9575487375259399,3.427001953125,0.0
-3.541555166244507,8.657607078552246,1.5385098457336426
0.7542315721511841,2.93029522895813,0.0
2.424926996231079,-0.39489153027534485,0.0
-3.4105751514434814,7.707501411437988,0.0
-2.7968227863311768,9.393936157226562,0.0
3.6620876789093018,0.5358601808547974,0.0
1.0493308305740356,8.899004936218262,0.0
-0.9383307695388794,3.9108736515045166,0.0
-1.1853554248809814,9.048535346984863,0.0
2.596773386001587,8.59341049194336,1.5288169384002686
1.5206292867660522,9.000483512878418,1.6956850290298462
-0.7320613265037537,6.398448467254639,0.0
1.606040120124817,4.896611213684082,0.0
1.509492039680481,6.4430365562438965,0.0
0.36080071330070496,8.961544036865234,0.0
3.2567849159240723,1.5361547470092773,0.0
2.5430452823638916,0.35228800773620605,0.0
1.0169084072113037,8.119196891784668,2.824223518371582
4.192288398742676,6.3070268630981445,0.0
7.7729811668396,2.6656932830810547,0.8219184279441833
0.5906683802604675,9.169930458068848,2.3374247550964355
2.0385043621063232,8.686151504516602,0.0
-1.6715480089187622,8.315757751464844,1.4523916244506836
0.8859502077102661,6.416351318359375,0.0
0.8092049956321716,8.117478370666504,0.0
2.966430187225342,5.721582889556885,1.5754438638687134
0.6821839213371277,8.967103004455566,0.0
-0.2601056396961212,6.960511684417725,2.4941232204437256
0.7614403367042542,5.273923397064209,0.0
1.5958434343338013,-0.17554934322834015,0.0
-0.07512043416500092,6.0258917808532715,0.0
4.00611686706543,6.8437180519104,1.4976158142089844
-0.11119961738586426,6.0588860511779785,2.1775574684143066
0.33964595198631287,9.580954551696777,0.0
0.6030988097190857,6.770291805267334,0.0
1.6960772275924683,7.391313076019287,0.0
-3.2902143001556396,9.307303428649902,0.0
-0.6765612363815308,6.928639888763428,0.0
1.6521937847137451,6.867237091064453,0.0
3.0948169231414795,3.042279005050659,0.0
1.0555707216262817,9.225111961364746,0.0
-2.1751115322113037,2.658970594406128,0.0
1.6486032009124756,7.532027721405029,0.0
1.065360426902771,8.483827590942383,1.4863982200622559
-1.396974802017212,7.7250471115112305,0.0
1.9540244340896606,3.28617262840271,2.4451136589050293
0.2814825177192688,9.445269584655762,0.0
-0.28736668825149536,7.0657958984375,0.0
1.6710318326950073,4.693827152252197,0.0
0.8258426189422607,0.5124478340148926,0.0
1.1774930953979492,10.039704322814941,0.0
-0.8042556047439575,3.3503904342651367,0.0
0.622748851776123,10.01716136932373,0.0
-0.7273459434509277,5.025627136230469,0.0
7.331964492797852,1.1708682775497437,1.5447512865066528
1.3641717433929443,7.952181339263916,0.0
3.721801280975342,5.642062187194824,0.0
1.8498157262802124,3.398698091506958,0.0
-0.81207275390625,9.314749717712402,0.0
-3.3172051906585693,5.902128219604492,0.0
2.3309240341186523,7.8448381423950195,0.0
-1.1496554613113403,8.1458740234375,0.0
3.8203132152557373,1.3831744194030762,0.0
2.1467177867889404,-0.47734305262565613,0.0
-2.0393245220184326,3.050102949142456,1.7700114250183105
2.142819881439209,-0.11452913284301758,0.0
0.6846967339515686,5.669553756713867,1.603068470954895
0.9789943695068359,6.622406005859375,0.0
3.1284008026123047,8.50622272491455,0.0
3.673912763595581,1.367469310760498,0.0
1.8300082683563232,9.073492050170898,0.0
1.943137526512146,2.8342463970184326,0.0
3.2474477291107178,5.47934103012085,0.0
1.563920021057129,8.656350135803223,0.0
0.43906497955322266,7.473912715911865,0.0
-1.968086838722229,9.099565505981445,0.0
4.200297832489014,2.215315341949463,0.0
-3.3276445865631104,8.165719985961914,0.0
0.9803577065467834,7.714162349700928,0.0
3.7922916412353516,0.7005653381347656,0.0
1.4731576442718506,7.565476894378662,0.0
0.014390628784894943,7.86417293548584,0.0
2.5789265632629395,0.2968166768550873,0.0
0.04649030417203903,6.815773010253906,0.0
1.8253825902938843,7.668725967407227,1.5293831825256348
-0.6122604012489319,8.255550384521484,0.0
2.8453867435455322,1.249916672706604,0.0
3.1977434158325195,-0.6970693469047546,0.0
-0.3002045452594757,8.307374954223633,0.0
4.29923677444458,3.034470558166504,0.0
-3.782841682434082,6.889795303344727,0.0
1.68095064163208,1.9865871667861938,0.0
0.7792161107063293,4.731035232543945,0.0
1.8258991241455078,8.27432632446289,0.0
0.8911978006362915,3.926069974899292,0.0
-0.8347964286804199,6.345655918121338,0.0
1.4137499332427979,1.9845895767211914,0.0
-2.1366066932678223,10.007529258728027,0.0
-2.085026979446411,9.187909126281738,0.0
0.6814386248588562,7.627247333526611,0.0
-0.2449381947517395,5.49289083480835,0.0
0.7687190771102905,9.098267555236816,0.0
-3.65140438079834,2.6824874877929688,0.0
0.10492080450057983,7.6896071434021,0.0
-1.370758056640625,2.579192638397217,0.0
-2.496958017349243,9.163665771484375,1.5690910816192627
2.778745651245117,7.436607837677002,0.0
-0.09264644235372543,9.66338062286377,0.0
1.5877981185913086,8.088494300842285,0.0
1.4787567853927612,2.955685615539551,0.0
2.250274658203125,7.762333869934082,2.3145065307617188
-1.6193698644638062,7.274153709411621,0.0
9.741945266723633,5.367650508880615,0.0
1.3644424676895142,9.288128852844238,0.0
0.9943771362304688,5.248562335968018,1.8018300533294678
-3.9447710514068604,6.184012413024902,0.0
-1.3953795433044434,6.911478042602539,0.0
3.6401517391204834,0.21427710354328156,0.0
-0.6961952447891235,4.237353324890137,0.0
-0.3552387058734894,8.842618942260742,0.0
5.9584245681762695,3.1687893867492676,0.0
3.622133255004883,0.039592400193214417,0.0
1.4491342306137085,7.398318767547607,2.0544724464416504
0.8619130849838257,1.206917405128479,0.0
1.5409737825393677,8.875094413757324,0.0
1.4467483758926392,6.187368869781494,0.0
1.7934550046920776,7.27941370010376,1.7303317785263062
-1.1619718074798584,3.3071682453155518,0.0
0.8150034546852112,6.493466854095459,0.0
7.526319980621338,2.8998920917510986,0.0
-0.061478279531002045,9.183337211608887,0.0
-2.3781628608703613,8.00700569152832,0.0
1.5220128297805786,2.621129274368286,1.932488203048706
-1.1433846950531006,10.017633438110352,0.0
2.9160196781158447,8.11450481414795,0.0
2.661109447479248,3.4021220207214355,0.0
-0.3405419588088989,7.774074554443359,0.0
1.9428495168685913,9.138371467590332,0.0
1.4983652830123901,5.788574695587158,0.0
0.8620167970657349,8.182550430297852,0.0
6.87769889831543,4.433684825897217,0.0
1.440081238746643,-0.3480985164642334,0.0
-1.4418293237686157,9.53412914276123,0.0
2.8204500675201416,6.119404315948486,0.0
2.9376742839813232,8.618380546569824,0.0
1.4659321308135986,9.071396827697754,0.0
0.12228240072727203,9.516841888427734,0.0
1.1237231492996216,6.732687473297119,0.0
0.27310851216316223,9.574341773986816,0.0
1.3815370798110962,9.181723594665527,0.0
0.9050310254096985,2.6065165996551514,3.10015606880188
-1.094519019126892,6.900795936584473,0.0
1.416978359222412,6.912578105926514,0.0
-1.2783979177474976,6.65496301651001,0.0
-1.1399731636047363,8.637569427490234,0.0
4.770279884338379,4.785305500030518,1.4871928691864014
1.2437632083892822,5.397865295410156,0.0
-0.6655557751655579,9.035780906677246,0.0
-1.6337499618530273,9.816787719726562,0.0
-0.11552081257104874,7.11379861831665,1.8167744874954224
-0.6289932131767273,7.616683006286621,0.0
0.7654213905334473,5.890191555023193,0.0
-0.9198890924453735,6.400552749633789,0.0
3.225003480911255,0.13921624422073364,0.0
1.5727806091308594,8.476369857788086,0.0
0.9962012767791748,8.42116928100586,0.0
0.4537540674209595,7.559940338134766,0.0
3.1947872638702393,6.926003456115723,2.2986347675323486
1.6099119186401367,7.828257083892822,1.7736579179763794
-0.48444873094558716,5.762720584869385,0.0
1.1963458061218262,6.724874496459961,0.0
3.1645636558532715,4.484653949737549,2.8282079696655273
1.1206603050231934,7.2737836837768555,0.0
3.4798264503479004,5.969080924987793,1.3601740598678589
-1.908823847770691,3.43030047416687,0.0
-2.631087064743042,9.846407890319824,0.0
-0.3409457802772522,8.34793758392334,0.0
-1.550865888595581,4.1003265380859375,2.0987091064453125
0.6130433678627014,3.318690538406372,0.0
1.811908483505249,6.579640865325928,0.0
2.083099842071533,2.7085888385772705,0.0
-3.6222221851348877,7.20916223526001,0.0
2.079523801803589,0.5503527522087097,0.0
7.632140159606934,3.2149171829223633,0.0
2.235734462738037,4.818384647369385,0.0
-1.930286169052124,7.72797155380249,0.0
0.2772955596446991,2.6638381481170654,0.0
0.6926859021186829,8.143269538879395,1.298507809638977
0.36089324951171875,4.174656391143799,0.0
0.4288610517978668,9.408928871154785,0.0
2.8780837059020996,4.742793560028076,0.0
-0.8321288824081421,10.25640869140625,0.0
-0.48599550127983093,4.509619235992432,0.0
4.964407920837402,5.651386737823486,1.252227544784546
2.516299247741699,2.9212021827697754,1.7963576316833496
1.8326733112335205,5.335287570953369,0.0
-2.299016237258911,8.732760429382324,0.0
3.3924269676208496,2.8911828994750977,2.477468729019165
-0.20409458875656128,5.283725738525391,0.0
0.8908942341804504,5.408128261566162,0.0
0.9250040054321289,1.039681077003479,0.0
2.0990967750549316,3.0992136001586914,0.0
2.476191520690918,2.6287386417388916,0.0
6.477426528930664,4.8604583740234375,0.0
2.5102996826171875,5.177506446838379,1.7536333799362183
-0.8941701650619507,7.812678813934326,0.0
2.2313742637634277,6.029870986938477,0.0
1.9378689527511597,7.306058406829834,0.0
1.7466912269592285,7.6144256591796875,0.0
-0.7484201788902283,8.21655559539795,0.0
0.8417306542396545,9.13501262664795,0.0
8.436936378479004,4.410284042358398,0.0
-1.0137250423431396,5.694085121154785,0.0
-1.882520318031311,7.310466289520264,0.0
7.383371353149414,2.690364122390747,0.0
0.46874570846557617,4.952652454376221,0.0
-0.49926841259002686,2.7163593769073486,0.0
2.2032721042633057,7.170556545257568,0.0
1.806086778640747,6.234870910644531,0.0
0.4845399856567383,5.571186065673828,0.0
4.5522308349609375,4.957823276519775,2.1094555854797363
0.9806146621704102,4.187935829162598,0.0
2.2312381267547607,5.062987804412842,0.0
-0.15892456471920013,8.977672576904297,0.0
0.5488877296447754,6.905821800231934,0.0
-2.660842180252075,2.4829437732696533,0.0
2.1183834075927734,8.349152565002441,0.0
1.933064579963684,5.777328014373779,0.0
-1.8003675937652588,5.360377788543701,0.0
0.1603701412677765,8.504257202148438,0.0
1.8552424907684326,3.9822354316711426,0.0
2.840519666671753,3.953279495239258,2.94880747795105
2.1291234493255615,6.693532466888428,0.0
1.788190245628357,4.6291069984436035,0.0
-1.293359637260437,10.240216255187988,0.0
1.011468768119812,8.023638725280762,0.0
1.5374457836151123,9.460089683532715,0.0
3.0199286937713623,0.484040766954422,0.0
4.557923316955566,7.062222957611084,0.0
-1.795913815498352,6.754831314086914,0.0
-0.4400681257247925,5.445280075073242,0.0
3.1834607124328613,5.691472053527832,2.79742693901062
-3.085282564163208,5.995784282684326,0.0
1.17144775390625,4.007533550262451,0.0
2.5648937225341797,6.231112480163574,0.0
2.3382508754730225,3.837662935256958,0.0
3.59370493888855,4.104100704193115,0.0
0.2360939383506775,7.377333164215088,0.0
3.375105857849121,3.940694570541382,0.0
2.037050485610962,6.364663124084473,0.0
0.8500858545303345,5.388185501098633,0.0
4.049012184143066,6.489638328552246,1.4100048542022705
3.9929280281066895,5.501650333404541,0.0
1.478178858757019,5.619144439697266,0.0
2.99752140045166,5.109617233276367,0.0
1.8706921339035034,6.003593444824219,0.0
1.7449158430099487,6.269682884216309,0.0
3.5118329524993896,2.1791651248931885,0.0
0.6077516078948975,3.176868438720703,0.0
-1.043899416923523,6.042200565338135,0.0
-0.307134747505188,3.5414369106292725,0.0
2.702249050140381,2.6565184593200684,0.0
-1.7546695470809937,5.916252136230469,0.0
-2.113884449005127,2.3761541843414307,0.0
8.751489639282227,4.744541168212891,0.0
0.6805101633071899,9.535099983215332,0.0
-1.015097737312317,7.913830280303955,0.0
1.935296893119812,4.924924850463867,0.0
2.700669527053833,1.9676287174224854,0.0
2.0657527446746826,6.357476234436035,0.0
0.12475299835205078,1.32536780834198,0.0
2.6556756496429443,7.272774696350098,0.0
1.30831778049469,6.413538455963135,0.0
5.094756603240967,3.7668251991271973,0.0
3.213273286819458,3.1798267364501953,0.0
-1.8726040124893188,0.45916712284088135,0.0
2.1941537857055664,0.31601640582084656,0.0
2.4861950874328613,3.1452510356903076,0.0
-2.4866740703582764,7.335214138031006,0.0
1.0692373514175415,3.6460211277008057,0.0
-1.141608476638794,3.2191474437713623,0.0
4.423630714416504,6.2251105308532715,3.04833984375
0.8114293813705444,9.164983749389648,0.0
3.6503615379333496,7.899993896484375,1.9207106828689575
0.4179718792438507,7.428836345672607,0.0
3.154592514038086,7.459500789642334,1.6131281852722168
0.8871715068817139,7.68617582321167,0.0
1.9598499536514282,-1.0122469663619995,0.0
1.5031627416610718,3.2165157794952393,0.0
5.992038249969482,3.1637163162231445,0.0
3.3654403686523438,3.0474696159362793,0.0
1.900225281715393,3.8764030933380127,1.5571584701538086
2.034245014190674,5.095063209533691,1.8241468667984009
-4.391035079956055,7.541387557983398,0.0
-0.6080204248428345,6.842658519744873,2.56587290763855
1.3489376306533813,7.737264633178711,0.0
-3.1226022243499756,3.239799737930298,0.0
-1.0032124519348145,10.122612953186035,0.0
1.4779330492019653,6.339693546295166,0.0
-2.194659948348999,6.446938991546631,0.0
2.1802384853363037,6.881583213806152,0.0
1.783524751663208,8.704391479492188,0.0
1.3126288652420044,7.45021390914917,2.7040770053863525
-0.7656620144844055,3.967224597930908,0.0
2.8354873657226562,3.0438244342803955,2.470500946044922
3.3540313243865967,3.3464767932891846,1.5217818021774292
1.2048660516738892,5.89064884185791,0.0
-1.8195393085479736,2.0864171981811523,0.0
-0.6806076169013977,5.18925666809082,1.372357964515686
0.47072842717170715,9.407259941101074,2.024993658065796
2.6583611965179443,7.989754676818848,0.0
2.8116626739501953,-0.8391578197479248,0.0
-2.138997793197632,4.26085901260376,0.0
2.589543342590332,4.884881019592285,0.0
2.962165355682373,2.6395936012268066,0.0
2.2168517112731934,6.0327887535095215,0.0
0.985236406326294,2.312657117843628,0.0
-0.951409637928009,3.4620304107666016,1.6472868919372559
-0.49636170268058777,7.83164119720459,0.0
1.418753981590271,4.609274387359619,0.0
1.9947967529296875,7.182455062866211,0.0
1.534096598625183,6.088859558105469,0.0
2.641901731491089,-0.8110575079917908,0.0
0.14746972918510437,3.6079235076904297,0.0
-0.2350609451532364,2.970513343811035,0.0
0.5607190132141113,7.661442279815674,0.0
2.0829312801361084,8.96998405456543,0.0
0.807007908821106,7.815248012542725,2.6874351501464844
2.3088552951812744,2.8517684936523438,2.21229887008667
2.657005548477173,-1.8720132112503052,0.0
0.652959942817688,-0.7489210367202759,0.0
1.5874743461608887,2.995279550552368,0.0
2.417128324508667,4.256969928741455,0.0
1.0519616603851318,8.380868911743164,0.0
-0.41237494349479675,5.1913557052612305,0.0
1.350040316581726,3.5756213665008545,0.0
1.9824061393737793,3.7495899200439453,0.0
2.925342559814453,7.014804840087891,0.0
0.7863197922706604,9.046640396118164,0.0
0.9304487705230713,2.7768232822418213,0.0
2.4241783618927,8.210698127746582,1.06212317943573
0.4606073796749115,6.570096492767334,2.471658229827881
-0.306077778339386,8.606026649475098,0.0
0.1039000004529953,3.2692501544952393,0.0
1.608778476715088,3.033649444580078,0.0
-0.6737167239189148,3.6927483081817627,0.0
5.031485080718994,4.073305130004883,0.0
-1.9123892784118652,6.985860824584961,0.0
1.9672080278396606,2.8965530395507812,1.6665152311325073
-2.9395785331726074,10.16270637512207,0.0
-0.6076468229293823,5.990419864654541,1.8503319025039673
1.0056803226470947,1.6117680072784424,0.0
2.4646401405334473,2.8351595401763916,1.666167140007019
2.132795572280884,8.794289588928223,0.0
3.174156427383423,8.932717323303223,1.5052062273025513
3.3294827938079834,7.115301609039307,0.0
0.7522503137588501,4.185792446136475,0.0
3.399601697921753,-1.11581289768219,1.102359652519226
2.1820504665374756,3.3383777141571045,0.0
1.7797691822052002,3.549421548843384,0.0
2.4695820808410645,2.8782920837402344,0.0
4.653041839599609,5.9842915534973145,1.991308331489563
2.9654879570007324,0.07306282967329025,0.0
2.94907546043396,-0.07792377471923828,0.0
1.592627763748169,5.3920674324035645,0.0
3.871859550476074,2.473362445831299,1.8018300533294678
-1.601028561592102,4.045511245727539,0.0
0.1280537098646164,5.068770885467529,0.0
-0.012844736687839031,7.384843826293945,0.0
-1.6596953868865967,4.4201884269714355,0.0
1.9157510995864868,2.1635313034057617,0.0
6.285051345825195,3.059004068374634,0.0
0.3933645188808441,5.809679985046387,0.0
7.3653788566589355,1.0504333972930908,1.6932909488677979
-1.8233535289764404,7.997688293457031,0.0
-0.0945827066898346,1.6654407978057861,0.0
1.6789613962173462,0.18672382831573486,0.0
-0.026757139712572098,2.681607246398926,0.0
1.718436360359192,-1.3986541032791138,0.0
0.4218710660934448,5.104124546051025,0.0
0.6420897841453552,6.163066387176514,0.0
1.8838788270950317,2.794652223587036,0.0
2.4972026348114014,8.10075855255127,0.0
4.492148399353027,6.687938213348389,1.2098379135131836
-0.8387355208396912,1.7502104043960571,0.0
1.0102890729904175,8.684863090515137,0.0
-0.30221399664878845,2.1193103790283203,0.0
-2.0880954265594482,7.0467047691345215,0.0
3.701845407485962,6.54512882232666,1.0367963314056396
1.9368537664413452,3.388908863067627,1.6408849954605103
-3.710238218307495,9.432510375976562,0.0
3.338911294937134,0.7658101320266724,0.0
-1.0295711755752563,8.164429664611816,0.0
2.746753215789795,2.8884060382843018,1.959227442741394
-2.351985216140747,2.837073802947998,0.0
8.48057746887207,3.2799570560455322,0.9458694458007812
0.18985919654369354,6.786645412445068,0.0
0.21265080571174622,3.088068723678589,0.0
1.425667405128479,7.3591156005859375,0.0
-1.2534195184707642,2.8593063354492188,0.0
3.1073782444000244,-2.0418074131011963,0.0
3.636457920074463,1.3052420616149902,0.0
1.8084090948104858,1.1393369436264038,0.0
-3.047504425048828,5.854772567749023,0.0
1.4696120023727417,3.310591459274292,0.0
-0.8548144698143005,7.2874274253845215,0.0
9.233697891235352,4.945235729217529,0.0
0.3978351354598999,5.742171764373779,0.0
1.4292789697647095,2.63818097114563,0.0
1.0632082223892212,1.638947606086731,0.0
3.7687265872955322,5.6658220291137695,0.0
0.48134085536003113,4.343168258666992,0.0
-2.345643997192383,1.72240149974823,0.0
-2.471287965774536,6.3010149002075195,0.0
2.950164556503296,3.8494865894317627,0.0
0.049787167459726334,3.291083335876465,0.0
-0.12122438102960587,6.21926212310791,0.0
3.032048463821411,-0.1044219508767128,0.0
-0.020566154271364212,4.993227005004883,0.0
2.415532350540161,6.893396377563477,0.0
-0.10584577172994614,3.486083745956421,1.7955193519592285
1.0934360027313232,4.4225873947143555,0.0
-0.5894196629524231,1.5566697120666504,0.0
-2.1265382766723633,3.4229016304016113,0.0
6.3100080490112305,3.26019287109375,0.7037636637687683
2.7864480018615723,-1.3609089851379395,0.0
2.7154338359832764,8.988101959228516,0.0
-0.2794243097305298,7.555771827697754,0.0
4.882182598114014,2.3218836784362793,0.0
9.030290603637695,6.179249286651611,0.0
4.362997531890869,6.751094818115234,1.2053979635238647
0.5074775218963623,2.843562126159668,0.0
2.708214044570923,3.1253533363342285,0.0
0.7925089597702026,6.983641147613525,0.0
-2.9845662117004395,7.125715255737305,2.3644845485687256
0.6663792133331299,4.148390293121338,0.0
0.9458630084991455,5.4660186767578125,0.0
-0.49407002329826355,4.769916534423828,0.0
3.511902093887329,4.162148475646973,0.0
-0.30151256918907166,7.050837516784668,0.0
-3.328407049179077,9.122152328491211,0.0
3.2479443550109863,-0.9252185225486755,0.0
3.0389277935028076,8.263030052185059,0.0
0.7518990635871887,1.3974056243896484,0.0
1.9485318660736084,2.3604230880737305,0.0
2.4631776809692383,6.541806697845459,0.0
1.842923641204834,2.978879451751709,0.0
2.9351062774658203,8.30055046081543,0.0
1.1868176460266113,3.382988214492798,0.0
1.5007294416427612,6.088461875915527,0.0
2.5355777740478516,7.3841142654418945,2.6306850910186768
-0.6834332942962646,3.488509178161621,0.0
2.8700804710388184,3.4291412830352783,0.0
1.6234244108200073,3.7827272415161133,0.0
2.254477024078369,3.853482723236084,0.0
-0.965331494808197,5.364934921264648,0.0
-0.4062269330024719,4.409170150756836,0.0
-0.7486008405685425,1.5156877040863037,0.0
-2.300175666809082,4.479032039642334,0.0
-0.12959665060043335,6.641003131866455,0.0
-0.16144412755966187,2.119688034057617,0.0
-2.6670379638671875,4.835916519165039,0.0
0.4585184156894684,3.912123680114746,0.0
-3.466913938522339,2.5109286308288574,0.0
1.4235234260559082,7.531466484069824,0.0
0.5729289054870605,8.756321907043457,0.0
2.485623359680176,3.849640130996704,0.0
1.6689445972442627,7.556824207305908,0.0
2.1524879932403564,8.060216903686523,0.0
0.01641031540930271,4.2466959953308105,0.0
2.04927396774292,2.4373323917388916,0.0
9.347151756286621,3.309260606765747,2.0836000442504883
0.19004212319850922,7.827717304229736,0.0
2.56937575340271,6.872461318969727,0.0
9.425108909606934,3.783395528793335,0.0
3.9804294109344482,1.9501025676727295,2.0785670280456543
1.8157871961593628,3.549437999725342,0.0
-0.8868361711502075,1.9620290994644165,0.0
1.141040325164795,5.3978142738342285,0.0
0.023077284917235374,6.526973247528076,0.0
0.6604458689689636,5.141095161437988,0.0
0.2134242206811905,6.96450138092041,0.0
1.4614653587341309,5.6675028800964355,0.0
-3.0938127040863037,5.367109775543213,0.0
2.1519811153411865,8.885258674621582,0.0
-1.1485017538070679,6.440630912780762,0.0
2.7405662536621094,3.9926230907440186,0.0
2.854506254196167,6.839760780334473,0.0
-1.2459542751312256,6.586056709289551,1.6084786653518677
1.8643993139266968,8.176310539245605,0.0
2.966533899307251,3.8622934818267822,0.0
0.794881284236908,6.142969131469727,0.0
1.0797615051269531,9.798147201538086,0.0
2.295442581176758,3.9184000492095947,0.0
1.6693302392959595,4.960612773895264,0.0
0.8128941059112549,3.162024736404419,0.0
-3.523146867752075,5.607911109924316,0.0
5.683970928192139,3.5799007415771484,0.0
4.682032585144043,2.947889804840088,0.0
3.1139161586761475,2.5066964626312256,0.0
0.5802199244499207,0.8493815660476685,0.0
1.6232528686523438,2.6034343242645264,0.0
0.8362982869148254,5.658971309661865,0.0
2.4169795513153076,3.290330171585083,0.0
2.7707107067108154,7.706022262573242,0.0
-0.17515377700328827,8.90740966796875,0.0
-3.620875358581543,6.307122707366943,0.0
-0.24335484206676483,6.9169111251831055,0.0
-0.930362343788147,10.228192329406738,0.0
0.3698979616165161,9.294445037841797,0.0
2.0749263763427734,4.404702663421631,0.0
-3.632810354232788,8.540897369384766,0.0
1.9459662437438965,1.6620752811431885,0.0
-2.998288631439209,6.498921871185303,0.0
-3.110110282897949,5.77750825881958,0.0
-2.8082892894744873,6.64960241317749,0.0
-3.272937536239624,7.471303462982178,0.0
-0.7091166973114014,8.574756622314453,0.0
1.4294087886810303,5.313975811004639,0.0
0.6220920085906982,7.557464122772217,0.0
0.0044547636061906815,1.898215651512146,0.0
2.9513115882873535,5.884857654571533,0.0
0.054290834814310074,3.2739927768707275,0.0
0.7057992815971375,2.7792348861694336,0.0
-1.4902663230895996,8.638287544250488,0.0
-0.224360853433609,3.749558448791504,0.0
4.110548496246338,4.906315326690674,0.0
3.07938814163208,5.268998622894287,1.6710577011108398
0.04130677878856659,4.268712997436523,0.0
1.3990367650985718,9.694793701171875,0.0
0.2726479470729828,6.628159523010254,1.6136109828948975
-1.3664742708206177,5.137412071228027,0.0
-4.783629894256592,4.935245513916016,0.0
6.5387492179870605,5.07738733291626,1.415174961090088
-0.16141511499881744,2.8414361476898193,0.0
2.1405351161956787,3.5028111934661865,0.0
1.4261856079101562,2.892110824584961,0.0
0.8202031850814819,3.820690155029297,0.0
-2.1221914291381836,9.828797340393066,0.0
0.8718770742416382,8.378006935119629,0.0
1.129636526107788,8.850975036621094,0.0
1.1409924030303955,2.9574642181396484,0.0
-1.1311933994293213,0.7754552364349365,0.0
-0.132786363363266,5.147027015686035,0.0
-2.164921283721924,5.364601135253906,0.0
0.5620197653770447,7.387267589569092,0.0
9.456033706665039,3.48734712600708,0.0
1.384039044380188,7.542848587036133,0.0
0.7755523324012756,4.918456077575684,2.1617579460144043
-1.048271656036377,3.762554168701172,0.0
1.2195098400115967,8.630624771118164,0.0
1.8655250072479248,2.5887954235076904,0.0
1.3578003644943237,1.942357063293457,0.0
1.3456599712371826,3.3037734031677246,0.0
0.9202123284339905,4.437358379364014,0.0
2.1628034114837646,6.094613552093506,0.0
9.81185245513916,6.313230037689209,0.0
1.9940545558929443,3.6178412437438965,0.0
0.7606210112571716,5.629751682281494,0.0
2.45088267326355,1.1069386005401611,0.0
-2.961473226547241,7.957808494567871,0.0
1.8992112874984741,2.1792447566986084,0.0
-2.500154972076416,10.426393508911133,0.0
-0.5948953628540039,6.106453895568848,0.0
2.981549024581909,8.13231086730957,0.0
3.051886796951294,8.395256042480469,0.0
2.175013303756714,2.4041643142700195,0.0
1.0203461647033691,9.740878105163574,0.0
3.6490564346313477,5.110463619232178,0.0
2.851297378540039,8.107955932617188,2.016573190689087
-3.676576852798462,7.725655555725098,0.0
3.380066394805908,-0.027182653546333313,0.0
1.8750622272491455,7.100863456726074,0.0
2.4444267749786377,4.351114749908447,0.0
1.6524654626846313,7.541615009307861,1.2531201839447021
0.8615400195121765,9.246196746826172,0.0
0.7645045518875122,6.640399932861328,0.0
-1.125016689300537,4.231958866119385,0.0
-0.07333648204803467,8.329485893249512,0.0
3.1179306507110596,-0.5330954194068909,0.0
1.5758519172668457,3.823071002960205,0.0
2.695514678955078,7.300654888153076,0.0
2.507025718688965,8.797334671020508,0.0
7.10626220703125,3.9305686950683594,0.0
-0.3496827483177185,1.7612766027450562,0.0
1.53488290309906,1.4169548749923706,0.0
-0.2723757326602936,3.0429461002349854,0.0
1.2139561176300049,2.6463751792907715,0.0
2.7814154624938965,7.3836140632629395,0.0
-0.24141497910022736,4.89671516418457,0.0
3.2919623851776123,7.40346097946167,1.0940994024276733
1.2763190269470215,8.237103462219238,0.0
-2.2629315853118896,1.4050366878509521,0.0
-0.2315492480993271,3.456315517425537,0.0
1.3885999917984009,4.461413860321045,0.0
3.296118974685669,6.205545425415039,0.0
1.779016137123108,8.879379272460938,0.0
2.5268096923828125,3.014364242553711,0.0
5.366456985473633,3.360206127166748,0.0
0.6643900871276855,9.609111785888672,0.0
0.36900174617767334,6.936160087585449,0.0
3.0812621116638184,5.262831687927246,0.0
1.43329656124115,6.619013786315918,0.0
3.498582124710083,5.006402492523193,0.0
1.7633583545684814,2.461353063583374,1.6540919542312622
0.8245940804481506,7.231635093688965,0.0
1.7185472249984741,6.732895374298096,0.0
6.517096042633057,2.939237117767334,2.6162211894989014
1.2612085342407227,2.6105098724365234,0.0
7.90651798248291,4.0544657707214355,0.0
-0.9300305843353271,2.351073980331421,0.0
-0.6532965302467346,8.67481803894043,0.0
2.852360725402832,5.0283966064453125,0.0
2.9128692150115967,7.81209659576416,0.0
-2.6112940311431885,6.970483303070068,0.0
1.3183648586273193,2.30747652053833,0.0
1.1928048133850098,4.6527228355407715,0.0
-0.8338868021965027,2.6054601669311523,0.0
1.302667260169983,0.7776975631713867,0.0
1.221706509590149,2.8304595947265625,0.0
0.9334287643432617,8.523127555847168,0.0
1.4394562244415283,6.855301380157471,0.0
-0.27156636118888855,6.946544647216797,0.0
-0.669032096862793,8.381352424621582,0.0
0.5687768459320068,4.673502445220947,0.0
-1.7870712280273438,8.022361755371094,0.0
0.6799672842025757,3.0311851501464844,0.0
1.0840154886245728,2.7250373363494873,0.0
7.619915962219238,2.6230692863464355,0.0
2.664538621902466,5.398111820220947,0.0
0.1992541402578354,10.03909683227539,0.0
2.4560065269470215,6.654471397399902,0.0
-6.072594165802002,2.6262686252593994,0.0
2.3673815727233887,8.06755542755127,0.0
3.6175944805145264,6.997607707977295,0.0
-3.993504762649536,6.569972038269043,0.0
2.554936647415161,-0.5853922963142395,0.0
2.2963345050811768,4.1979660987854,0.0
0.4371718466281891,5.059633731842041,0.0
3.1687800884246826,-1.1812776327133179,0.0
-1.597211241722107,4.039400100708008,0.0
0.37711817026138306,3.7070491313934326,0.0
1.5146070718765259,7.266592025756836,0.0
1.787777066230774,2.685868263244629,0.0
1.5745567083358765,5.9123945236206055,0.0
2.6024394035339355,5.214080810546875,0.0
1.649435043334961,8.76219367980957,0.0
-0.7369029521942139,5.870091438293457,0.0
1.523665189743042,-0.9715892672538757,0.0
1.7663447856903076,3.5930700302124023,0.0
-3.080249786376953,2.7614617347717285,0.0
2.3522021770477295,6.169595241546631,0.0
-0.08410656452178955,2.8267810344696045,0.0
2.613952159881592,6.206018447875977,0.0
1.623354196548462,9.483732223510742,0.0
-2.463639259338379,3.6495370864868164,0.0
1.992303729057312,4.414587020874023,0.0
-0.42048072814941406,5.870110988616943,0.0
3.4861056804656982,4.553198337554932,1.6455963850021362
0.26146888732910156,4.9636054039001465,0.0
-0.05040770769119263,1.8475911617279053,0.0
-1.6247220039367676,7.140994071960449,0.0
1.2486721277236938,8.33183479309082,0.0
-3.061974048614502,4.96863317489624,0.0
3.8746988773345947,6.97452974319458,0.0
3.3171799182891846,7.975074291229248,0.0
2.4527738094329834,5.64353609085083,1.901809811592102
-0.9425985813140869,5.490062713623047,0.0
-0.17310528457164764,2.1785435676574707,0.0
1.5380089282989502,3.48370099067688,0.0
1.5283490419387817,4.55831241607666,0.0
0.9308100342750549,6.428079128265381,0.0
2.0166385173797607,2.778467893600464,0.0
2.239105463027954,7.328425884246826,0.0
0.5855504274368286,4.0943989753723145,0.0
2.865561008453369,6.215207576751709,1.1340985298156738
2.955731153488159,3.698472023010254,0.0
2.7748208045959473,7.6916656494140625,0.0
-2.243891716003418,5.464206695556641,0.0
0.7236562371253967,7.455934047698975,0.0
0.7405683994293213,8.92522144317627,0.0
0.08800961077213287,4.756191730499268,0.0
-0.5602970719337463,2.621805191040039,2.127157688140869
-1.5281414985656738,6.087196350097656,0.0
1.5718363523483276,8.532125473022461,0.0
-3.703840970993042,7.91880989074707,0.0
0.684187650680542,7.356276035308838,2.131073474884033
1.793243646621704,2.7243778705596924,0.0
2.926360845565796,7.275646209716797,0.0
3.8263542652130127,2.0245277881622314,0.0
-2.2252326011657715,8.771759033203125,1.0087460279464722
-1.3321454524993896,6.834981918334961,0.0
-0.526481568813324,5.361720085144043,0.0
1.9899104833602905,3.401864767074585,0.0
1.4557932615280151,5.267050266265869,0.0
-1.0434564352035522,3.7378158569335938,0.0
9.58392333984375,3.6799376010894775,0.0
2.750483274459839,4.548378944396973,0.0
1.8483545780181885,-0.09529813379049301,0.0
6.934670925140381,2.450326681137085,0.6226075887680054
2.181906223297119,7.8045244216918945,1.6152229309082031
2.218315362930298,6.126138687133789,0.0
0.8385663032531738,3.1301841735839844,0.0
0.31460294127464294,2.192784309387207,0.0
0.8153955936431885,2.0948808193206787,1.5809383392333984
1.257951021194458,3.2363154888153076,1.5104087591171265
0.4170548617839813,3.349172830581665,0.0
2.2498068809509277,0.3656741976737976,0.0
1.2285958528518677,4.025146007537842,0.0
-0.04311208426952362,9.29938793182373,0.0
1.7869330644607544,3.8069469928741455,0.0
-1.5760473012924194,8.031344413757324,0.0
-0.4159339368343353,8.332621574401855,0.0
7.858663558959961,4.993923187255859,0.3109813928604126
1.0984001159667969,4.5886921882629395,0.0
2.769850730895996,7.602313995361328,0.0
-0.655106246471405,5.08425235748291,0.0
0.14609868824481964,4.0078582763671875,0.0
2.4281177520751953,6.837672710418701,0.0
5.917754173278809,3.375725746154785,0.0
-3.102090358734131,2.8719289302825928,0.0
-0.7642707228660583,6.152781963348389,0.0
-0.01682107336819172,3.7777152061462402,0.0
-2.58797550201416,9.546653747558594,0.0
1.6572167873382568,5.766263008117676,0.0
-2.418893814086914,2.5490798950195312,0.0
2.4367313385009766,6.461847305297852,0.0
-1.3589308261871338,5.840456962585449,0.0
0.7301519513130188,3.751152276992798,0.0
3.869077205657959,5.675350189208984,0.0
1.7344363927841187,7.05419921875,1.7395597696304321
-1.9264254570007324,8.310445785522461,1.4286572933197021
7.796867847442627,3.8199117183685303,0.0
2.1809682846069336,3.0477070808410645,0.0
2.930996894836426,7.9260053634643555,0.0
2.852722644805908,6.78486442565918,0.0
6.724902153015137,2.8458595275878906,1.6980509757995605
2.821387767791748,7.50839376449585,0.0
-0.18552938103675842,7.5319929122924805,2.150949716567993
-2.7067906856536865,5.24250602722168,0.0
-0.7663320899009705,7.742244243621826,0.0
0.9967517256736755,2.7025187015533447,0.0
1.0914243459701538,6.172027111053467,0.0
1.4896177053451538,1.8657176494598389,0.0
1.3140959739685059,2.3400771617889404,0.0
-2.704026937484741,6.945619106292725,1.8431370258331299
0.957176685333252,4.869089603424072,0.0
2.887859582901001,6.777598857879639,2.931272506713867
2.3337714672088623,7.1134772300720215,0.0
2.6507761478424072,2.8073999881744385,0.0
1.0350761413574219,7.609009265899658,0.0
7.821794509887695,5.345502853393555,0.0
2.0605645179748535,6.971484661102295,1.3021994829177856
2.3513290882110596,7.915978908538818,0.0
-1.1223719120025635,4.850172996520996,0.0
-1.569936990737915,2.601146697998047,0.0
-0.7061238884925842,0.32667312026023865,0.0
-2.210925340652466,3.6801533699035645,0.0
1.5302609205245972,3.5797910690307617,0.0
-0.9007019996643066,3.476577043533325,0.0
3.8880176544189453,4.382172107696533,0.0
9.702009201049805,5.284940719604492,1.5386055707931519
-2.464078426361084,6.818660736083984,0.0
1.3777015209197998,4.174740791320801,0.0
0.6037508845329285,3.659087896347046,0.0
2.341312885284424,7.795147895812988,0.0
2.607686996459961,3.3148386478424072,0.0
0.8098727464675903,4.643725395202637,0.0
-2.048311471939087,5.337294101715088,2.0415337085723877
2.2754790782928467,2.3807196617126465,0.0
0.44811785221099854,5.187143325805664,1.9160020351409912
-2.114863634109497,3.5766706466674805,0.0
2.987997531890869,8.258800506591797,1.543411374092102
-3.029254198074341,6.557474613189697,0.0
1.4113671779632568,8.959983825683594,0.0
2.8683345317840576,6.676787853240967,0.0
3.315798282623291,6.588259696960449,0.0
0.8713276982307434,3.7605581283569336,0.0
0.0562501922249794,5.7654900550842285,0.0
3.060579538345337,7.614522457122803,0.0
1.4760936498641968,8.193424224853516,0.0
1.6163852214813232,8.597467422485352,0.0
2.318425416946411,6.9403395652771,1.5967594385147095
2.0984036922454834,3.031550407409668,0.0
1.8491361141204834,4.2176384925842285,0.0
1.1676346063613892,4.648812770843506,0.0
1.894838809967041,5.900448799133301,0.0
0.32723525166511536,5.553973197937012,0.0
8.350184440612793,4.071855068206787,0.0
9.679036140441895,3.683367967605591,0.0
2.3150691986083984,2.569201946258545,0.0
-3.655640125274658,8.045934677124023,0.0
-1.6153062582015991,6.961330413818359,1.7129786014556885
7.499791622161865,5.155338764190674,0.0
-3.432260036468506,3.720233678817749,0.0
9.816446304321289,3.9169363975524902,0.0
0.5447700023651123,5.4837822914123535,0.0
1.5897951126098633,3.8270225524902344,0.0
-0.34683117270469666,6.5414958000183105,0.0
2.3033130168914795,7.950620174407959,0.0
0.3038215935230255,7.049995422363281,0.0
-1.3792755603790283,6.1983962059021,0.0
8.314108848571777,5.213716506958008,0.0
3.2069101333618164,-0.23301765322685242,1.6756305694580078
1.2386835813522339,6.7077484130859375,0.0
2.7371227741241455,3.138094186782837,0.0
2.018179416656494,5.002622127532959,0.0
2.485884189605713,5.414520740509033,0.0
2.7560737133026123,3.1067726612091064,0.0
2.849546194076538,7.006428241729736,0.0
0.6105835437774658,6.959273338317871,2.622593402862549
3.2783825397491455,4.1666131019592285,1.8836159706115723
3.4899487495422363,6.423388957977295,0.0
4.831737518310547,6.615873336791992,0.0
-0.1082063540816307,1.6139953136444092,0.0
1.4611130952835083,5.236746788024902,0.0
1.4788446426391602,8.478791236877441,1.5350722074508667
3.2775659561157227,2.6460938453674316,0.0
3.8685832023620605,0.4138582646846771,0.0
3.6719489097595215,2.322378158569336,0.0
-2.595043659210205,7.40695333480835,0.0
0.6429545283317566,3.9460601806640625,0.0
2.2982113361358643,3.6351277828216553,0.0
2.4976930618286133,6.818301677703857,0.0
-2.8022918701171875,6.865206241607666,0.0
1.5521821975708008,3.1037631034851074,0.0
4.219075679779053,6.232248783111572,0.0
2.2375268936157227,6.681101322174072,2.1069138050079346
0.5204483270645142,5.125579833984375,0.0
-0.27012333273887634,2.956024646759033,0.0
9.766864776611328,5.962473392486572,0.0
0.006274066865444183,6.446961879730225,0.0
0.04664374142885208,9.718121528625488,0.0
2.4732563495635986,4.763434410095215,0.0
2.349135398864746,6.162383556365967,0.0
-1.4346548318862915,5.91661262512207,1.7048299312591553
1.327836275100708,3.0823705196380615,0.0
-1.699836015701294,10.01147174835205,0.0
0.47210898995399475,4.960608005523682,0.0
1.9628846645355225,5.8597211837768555,0.0
0.9664810299873352,2.2801671028137207,0.0
1.5232889652252197,4.19284200668335,1.947798252105713
-0.12396767735481262,5.040709495544434,0.0
-0.996527910232544,2.888902187347412,0.0
2.6527950763702393,3.4722468852996826,1.657520055770874
1.6048182249069214,4.566057205200195,0.0
-0.9838009476661682,6.89323616027832,0.0
-0.7632169723510742,8.587835311889648,0.0
-2.4992246627807617,8.001092910766602,0.0
-0.03705783560872078,9.638062477111816,0.0
-2.0947611331939697,3.6001999378204346,2.8541641235351562
0.9468383193016052,4.53525972366333,0.0
0.9877302646636963,5.439645290374756,0.0
-3.420731782913208,2.12095308303833,0.0
-1.8495522737503052,0.5143120288848877,0.0
-1.5428166389465332,4.840865612030029,0.0
0.844712495803833,5.186709880828857,0.0
2.31557559967041,6.88868522644043,0.0
1.0224651098251343,3.3424429893493652,0.0
0.8980510830879211,4.10451602935791,0.0
-2.177797794342041,4.169710636138916,0.0
-1.1993659734725952,1.9124234914779663,0.0
-3.156646728515625,6.3218913078308105,0.0
2.965102434158325,6.799438953399658,0.0
2.1091392040252686,6.40571403503418,0.0
0.9744653105735779,6.759882926940918,0.0
1.0634503364562988,4.775434970855713,0.0
-2.056093692779541,4.416926860809326,0.0
1.1840941905975342,3.8391659259796143,0.0
0.8398282527923584,2.1550045013427734,0.0
-2.526716470718384,4.235499858856201,0.0
1.4634679555892944,-0.4399382472038269,0.0
3.142009973526001,5.163259506225586,0.0
0.6557919979095459,3.1447572708129883,0.0
5.117038249969482,6.246349334716797,0.0
9.345185279846191,4.262513637542725,0.0
-0.46124863624572754,3.294527530670166,0.0
0.9927642941474915,8.092490196228027,0.0
1.2073044776916504,6.285208702087402,2.0050864219665527
0.6904847621917725,-0.2764784097671509,0.0
0.8633551597595215,6.957430362701416,0.0
1.695133090019226,8.473800659179688,0.0
-1.0237549543380737,4.539343357086182,0.0
2.972294330596924,-0.7050890326499939,0.0
2.6016292572021484,2.5873420238494873,0.0
1.9625811576843262,4.317465305328369,0.0
0.5185676217079163,2.6293132305145264,0.0
4.063697814941406,5.341108798980713,0.0
1.112483263015747,4.799647331237793,0.0
1.6523065567016602,6.283481597900391,0.0
2.794325590133667,6.374179840087891,0.0
-0.041139550507068634,2.2828550338745117,0.0
0.049752384424209595,5.750542640686035,0.0
2.162604331970215,5.812111854553223,0.0
8.1238374710083,3.8984875679016113,0.0
4.634289741516113,2.2439141273498535,0.0
9.76659870147705,6.31857442855835,0.0
0.5467492938041687,8.604483604431152,0.0
1.8374489545822144,8.21040153503418,0.0
2.0232760906219482,4.177797317504883,0.0
1.6966277360916138,1.8731156587600708,0.0
0.7937730550765991,4.362370491027832,0.0
8.863492012023926,3.4108083248138428,0.0
1.9326030015945435,4.2020955085754395,0.0
9.579604148864746,4.994462013244629,0.0
4.998526096343994,6.117818355560303,1.3863693475723267
6.989957332611084,4.1516265869140625,0.0
4.282202243804932,5.498871326446533,0.0
8.078592300415039,5.063664436340332,1.4513894319534302
1.5355960130691528,6.854544639587402,0.0
-0.04330763965845108,3.398946762084961,0.0
1.949385166168213,3.6832780838012695,0.0
1.0504258871078491,-0.3975487947463989,0.0
-0.009101726114749908,1.966801404953003,2.2906131744384766
-2.125262975692749,4.588923931121826,0.0
1.8490992784500122,4.657135963439941,0.0
-1.2574732303619385,5.2896342277526855,0.0
1.7370415925979614,7.726189613342285,0.0
0.9174089431762695,4.399329662322998,0.0
-1.4974803924560547,4.6612348556518555,0.0
6.4387617111206055,3.277514696121216,0.0
0.34739950299263,8.26218032836914,0.0
-0.4964149594306946,6.3475022315979,0.0
-0.24493612349033356,5.296802520751953,0.0
8.850285530090332,4.215900897979736,0.0
3.1056740283966064,5.017319202423096,0.0
1.1763273477554321,4.889360427856445,0.0
0.3879130482673645,8.030806541442871,0.0
1.7662854194641113,7.536505699157715,0.0
1.0489627122879028,4.876269817352295,0.0
-2.4801056385040283,3.548308849334717,0.0
0.08707112818956375,5.693842887878418,0.0
2.768484592437744,-0.455022394657135,0.0
4.381345272064209,5.076918125152588,0.0
1.9768142700195312,6.340085983276367,0.0
2.214707136154175,7.577401638031006,0.0
3.088897228240967,4.090538501739502,2.7041854858398438
2.290977716445923,5.803136348724365,0.0
3.4867045879364014,4.896198749542236,2.04036808013916
4.141147613525391,1.891787052154541,0.0
0.9107816219329834,4.0279011726379395,0.0
3.411329746246338,6.118488788604736,0.0
-0.1221776008605957,7.371070384979248,0.0
-1.1160165071487427,5.195977210998535,0.0
1.7117687463760376,7.286362648010254,0.0
-2.0004615783691406,3.5916497707366943,0.0
3.4052278995513916,5.129409313201904,0.0
1.626710057258606,4.461976051330566,0.0
1.4327244758605957,2.256772756576538,0.0
0.7357249855995178,9.339666366577148,0.0
0.9631252288818359,7.5739641189575195,0.0
3.371917247772217,4.0527448654174805,0.0
2.4056992530822754,7.605741024017334,0.0
-5.587556838989258,3.5507776737213135,0.0
0.8347675800323486,4.864421367645264,0.0
0.9931190013885498,3.2139973640441895,0.0
-0.42142975330352783,6.468191146850586,0.0
-2.193282127380371,2.542736053466797,0.0
0.010406311601400375,3.5607211589813232,0.0
1.504898190498352,3.3703179359436035,0.0
2.8522682189941406,3.0072124004364014,0.0
6.185608386993408,3.4901492595672607,0.0
1.0597461462020874,6.5548858642578125,0.0
0.4800988733768463,4.8341064453125,0.0
2.1246395111083984,3.9743480682373047,0.0
1.5827443599700928,2.360722303390503,0.0
0.21497654914855957,0.03995579853653908,0.0
1.9150830507278442,1.541497826576233,0.0
2.393704891204834,5.768059253692627,0.0
8.000152587890625,3.1570067405700684,0.0
0.5979962348937988,7.128087997436523,0.7785322666168213
0.4578790068626404,3.364407777786255,2.1990044116973877
4.472031116485596,3.221222162246704,3.02691650390625
2.114269256591797,5.066895961761475,0.0
2.5405917167663574,2.757335901260376,1.4943904876708984
0.7284843921661377,2.2593986988067627,0.0
-3.3438756465911865,8.340494155883789,1.4655683040618896
0.5981956124305725,7.9045915603637695,0.0
0.769837498664856,3.18670916557312,2.4621167182922363
2.075762987136841,4.393182754516602,0.0
-2.38835072517395,9.739060401916504,1.500586986541748
3.0217642784118652,1.947230577468872,0.0
-0.4588976800441742,3.680107831954956,0.0
2.4916067123413086,7.210094451904297,0.0
1.2847625017166138,0.46062779426574707,0.0
0.07550270110368729,2.8907082080841064,0.0
1.2155998945236206,5.969883918762207,0.0
1.151724100112915,5.940080642700195,0.0
2.3920185565948486,2.7893686294555664,0.0
1.692609429359436,6.0387139320373535,1.7204704284667969
1.514314889907837,3.9293887615203857,0.0
4.782180309295654,6.765753746032715,2.961172580718994
7.057758331298828,3.4817821979522705,0.0
-3.014782428741455,2.200268507003784,0.0
-0.7696447372436523,3.4791200160980225,0.0
-4.0270891189575195,3.456275701522827,0.0
2.768418788909912,7.091028690338135,0.0
7.405999660491943,0.9428253173828125,0.0
0.5797842741012573,7.583639621734619,0.0
6.427583694458008,3.0483996868133545,0.0
-2.5220694541931152,3.1939141750335693,0.0
2.861975908279419,6.890449047088623,0.0
-0.9653614163398743,7.85744047164917,0.0
0.034345488995313644,9.219941139221191,2.050135374069214
-4.450210094451904,4.723881721496582,0.0
3.2678370475769043,4.738716125488281,1.4856045246124268
1.480628252029419,5.8302903175354,0.0
-2.6870317459106445,4.036744594573975,0.0
5.316003799438477,5.863964557647705,0.0
5.148250102996826,4.348450183868408,0.0
-0.6738276481628418,8.507702827453613,0.0
0.06693840026855469,5.000579833984375,0.0
0.9767467379570007,6.782402515411377,0.0
1.0170857906341553,9.764915466308594,0.0
-0.252080500125885,6.720069408416748,0.0
0.19161784648895264,-0.10543231666088104,0.0
1.5905753374099731,7.246157169342041,0.0
7.621813774108887,4.865161418914795,0.0
4.396632194519043,5.999458312988281,0.0
-1.5735478401184082,8.32170295715332,0.0
0.8368832468986511,3.052192449569702,0.0
2.305086612701416,8.627707481384277,0.0
1.6303672790527344,4.42615270614624,0.0
2.3159115314483643,6.704390048980713,0.0
-0.25624340772628784,8.542821884155273,0.0
-1.956504464149475,6.402036190032959,1.241538166999817
2.038707733154297,7.749640941619873,0.0
2.140517473220825,8.607781410217285,0.0
-0.2801239788532257,7.518160343170166,0.0
2.382051944732666,7.672232627868652,0.0
0.6621019840240479,7.880004405975342,0.0
-0.12909266352653503,7.893057823181152,0.0
0.651156485080719,2.1625277996063232,0.0
0.12478620558977127,7.8465046882629395,0.0
-0.3645869493484497,2.7243738174438477,0.0
-0.7048872709274292,7.141617298126221,0.0
2.8187310695648193,6.643038749694824,0.0
2.319200277328491,6.932448863983154,0.0
-0.616976797580719,3.9862277507781982,0.0
-0.5900605320930481,8.242361068725586,0.0
4.747579574584961,5.443010330200195,0.0
1.2826435565948486,8.013250350952148,0.0
-0.7749335169792175,5.834268569946289,0.0
4.436829090118408,6.250150680541992,0.0
1.8749735355377197,6.35060977935791,0.0
8.812665939331055,3.673733711242676,0.0
-1.6485410928726196,9.010212898254395,0.0
0.08863198012113571,7.115054607391357,0.0
2.0093910694122314,3.7017714977264404,0.0
-0.08643773198127747,9.16362190246582,0.0
1.1819431781768799,3.0824129581451416,0.0
1.3252218961715698,5.611085891723633,1.679168939590454
0.17924152314662933,5.203436851501465,0.0
0.061912089586257935,3.918813705444336,2.277940511703491
-5.326629638671875,4.010737895965576,0.0
0.04999172315001488,2.8465826511383057,0.0
0.7510812282562256,4.203797817230225,0.0
-1.5781724452972412,7.3576979637146,0.0
-2.849844455718994,4.836998462677002,0.0
-3.6810691356658936,8.04666805267334,0.0
0.6159836053848267,9.734147071838379,0.0
-4.085494041442871,3.604773759841919,0.0
1.5480921268463135,5.907179832458496,0.0
-0.4583137035369873,4.552448272705078,0.0
2.5908124446868896,5.6803059577941895,0.0
1.7998262643814087,6.009532928466797,0.0
-2.751662254333496,8.802530288696289,0.9177030920982361
0.24296051263809204,4.90372896194458,0.0
-1.7715401649475098,9.051058769226074,0.0
0.45818081498146057,6.939767837524414,1.9981662034988403
0.47569677233695984,4.554540157318115,0.0
-1.6016429662704468,5.122303009033203,0.0
2.0450804233551025,6.046871662139893,0.0
-0.22103355824947357,8.34879207611084,0.0
0.7507790327072144,8.848584175109863,1.830275058746338
2.226508378982544,0.44231605529785156,0.0
2.789766788482666,7.08095121383667,1.6415560245513916
1.188411831855774,8.414700508117676,2.302675247192383
-0.9038978815078735,7.27590799331665,0.0
0.3513637185096741,4.680933952331543,0.0
-4.106204509735107,2.279888391494751,1.1928536891937256
0.5310600996017456,2.9453582763671875,0.0
-3.7299389839172363,3.2554931640625,1.1924538612365723
2.151578664779663,3.482473373413086,0.0
-0.9048328399658203,3.193969249725342,0.0
1.3301457166671753,8.253662109375,1.5296664237976074
-1.4509519338607788,3.8352773189544678,0.0
5.082082271575928,3.7987844944000244,0.0
6.708687782287598,2.867426872253418,1.8550924062728882
-0.26252955198287964,8.766406059265137,0.0
-0.41422998905181885,7.599726676940918,0.0
-0.7944086194038391,6.06980037689209,0.0
3.467097282409668,3.1005990505218506,0.0
2.2718989849090576,3.748933792114258,0.0
8.5737886428833,3.8020217418670654,0.0
-0.14027139544487,7.216852188110352,0.0
-1.2656947374343872,7.018167018890381,0.0
1.1679737567901611,8.387022972106934,0.0
-4.541626453399658,4.095813751220703,0.0
-1.1592806577682495,9.020925521850586,0.0
1.450452446937561,8.874013900756836,0.0
2.200824022293091,7.451931953430176,0.0
-4.719396114349365,5.148312568664551,0.0
2.4519271850585938,8.657013893127441,0.0
-1.2275192737579346,4.721546649932861,0.0
1.6034927368164062,8.567283630371094,0.0
-4.42350435256958,4.002310276031494,1.9087495803833008
4.94792366027832,6.794129848480225,1.658724069595337
4.282430648803711,4.6895318031311035,0.0
1.4090092182159424,8.267350196838379,0.0
-1.9745090007781982,1.8022480010986328,0.0
1.6935583353042603,6.398131847381592,0.0
0.8639044761657715,7.630579948425293,0.7966179847717285
0.9222972393035889,6.526922225952148,0.0
0.9114112257957458,5.879883289337158,0.0
-0.566515326499939,5.106040954589844,0.0
-0.10397133231163025,8.112525939941406,0.0
2.144883871078491,8.245386123657227,0.0
-2.6885151863098145,9.626335144042969,0.0
0.8341977596282959,9.700401306152344,0.0
-2.0370044708251953,1.0127931833267212,0.0
-2.6255569458007812,5.081151962280273,0.0
-1.240585207939148,8.112899780273438,0.0
2.1233975887298584,7.8318190574646,0.0
-1.304514765739441,5.807476043701172,0.0
2.5304486751556396,0.19836051762104034,0.0
-2.624098777770996,4.112991809844971,0.0
1.030940055847168,4.4229416847229,3.0556375980377197
0.05897705256938934,9.415877342224121,0.0
1.9631356000900269,8.911473274230957,0.0
2.6510517597198486,7.603315353393555,0.0
2.5217978954315186,8.97386646270752,0.0
-2.4378371238708496,3.6312167644500732,0.0
-3.149381160736084,3.1121914386749268,0.0
-1.0315009355545044,6.270305156707764,1.8307149410247803
4.672711372375488,6.408876419067383,0.0
0.7648512721061707,6.534451484680176,0.0
2.198267936706543,8.984273910522461,0.0
1.8337719440460205,6.461856842041016,0.0
-0.22929419577121735,10.050386428833008,1.5276861190795898
3.26279878616333,3.3706212043762207,0.0
2.559541702270508,4.184149742126465,0.0
-0.5708651542663574,3.1385035514831543,0.0
-1.7708534002304077,3.7460734844207764,0.0
2.421485185623169,8.390182495117188,0.0
-3.186157703399658,5.558712959289551,0.0
1.701418161392212,3.8500521183013916,0.0
1.936797857284546,8.582144737243652,2.438884735107422
0.6052294969558716,4.637832164764404,0.0
9.46617603302002,5.355878829956055,0.0
0.4397979974746704,5.990050792694092,0.0
1.9698374271392822,6.351218223571777,0.0
-0.7266792058944702,8.281085968017578,0.0
2.280883550643921,6.2298078536987305,1.4901154041290283
-2.7403805255889893,9.757204055786133,0.0
1.2061928510665894,8.087702751159668,0.0
-0.1494605988264084,7.844890594482422,0.0
0.5686787962913513,6.851500988006592,0.0
0.9730232954025269,5.551609039306641,0.0
7.32206392288208,1.1651008129119873,0.2770356833934784
1.7110193967819214,7.6161723136901855,1.578796148300171
5.68292760848999,4.211447715759277,2.0332190990448
0.7761271595954895,9.150184631347656,0.0
1.5470930337905884,8.747365951538086,0.0
-0.7017986178398132,8.995294570922852,0.0
-4.05057430267334,8.611164093017578,0.0
-0.06090414524078369,6.586076736450195,0.0
0.2251966893672943,8.871725082397461,0.0
0.24033531546592712,6.412735462188721,0.9309991598129272
2.6117095947265625,7.419500827789307,0.0
1.6705650091171265,6.334079265594482,0.0
-0.08574655652046204,6.906679630279541,0.0
-0.3667609989643097,6.1164398193359375,0.0
0.09542129188776016,4.809925556182861,0.0
4.153528690338135,6.850133419036865,0.0
-0.3220852315425873,8.273624420166016,0.0
0.6999102234840393,7.411442756652832,1.7842986583709717
0.9256125688552856,4.735302925109863,0.0
2.12469744682312,5.004278182983398,0.0
-3.3598990440368652,4.992419719696045,0.0
-0.8192360997200012,6.392397880554199,0.0
-3.837333917617798,4.555009841918945,0.0
1.2822619676589966,9.138825416564941,1.2104988098144531
-1.3932017087936401,5.390575408935547,0.0
2.006608724594116,3.4950225353240967,0.0
0.470734566450119,7.19619607925415,1.7126060724258423
2.1179897785186768,3.0337231159210205,0.0
-3.5500309467315674,3.922104597091675,0.0
-0.16024146974086761,3.7355539798736572,0.0
-3.5511507987976074,2.232530355453491,0.0
3.626828670501709,2.410824775695801,0.0
1.2258644104003906,7.454316139221191,0.0
1.2354240417480469,8.434381484985352,2.109773874282837
1.8756283521652222,5.479522705078125,0.0
0.6951078176498413,7.404208660125732,1.5195468664169312
-1.5231225490570068,6.120570659637451,0.0
0.5452319383621216,9.379722595214844,0.0
-2.1551475524902344,3.450562000274658,0.0
8.192658424377441,5.488846778869629,0.0
3.5138297080993652,2.0747056007385254,0.0
3.9978091716766357,6.013830184936523,0.0
7.961941719055176,3.683962821960449,0.0
4.218771934509277,6.005643844604492,0.0
7.915060520172119,5.278870582580566,0.0
7.536672115325928,3.8140690326690674,0.0
3.3117144107818604,3.4545061588287354,0.0
7.540905952453613,4.466375350952148,0.0
3.8192367553710938,1.990103006362915,0.0
4.425790309906006,4.951898097991943,0.0
8.642620086669922,4.9553985595703125,0.0
2.896857261657715,4.8616437911987305,0.0
3.6194570064544678,2.963881254196167,0.0
1.3140369653701782,1.8288705348968506,0.0
4.476273536682129,2.2464940547943115,0.0
7.825044631958008,5.748907089233398,0.0
-4.196237087249756,6.8774733543396,0.0
4.835580825805664,5.758695602416992,1.92095947265625
-3.229248523712158,5.780742645263672,0.0
7.025567531585693,5.161569595336914,2.2022178173065186
7.062346458435059,3.889341115951538,0.0
1.746088981628418,4.031007766723633,0.0
-0.4303170144557953,4.648421287536621,0.0
8.983288764953613,3.9782912731170654,0.0
2.39565110206604,2.1404359340667725,0.0
8.239608764648438,5.219550132751465,0.0
8.157855987548828,3.8971784114837646,0.0
8.904808044433594,3.924341917037964,0.0
4.475604057312012,3.2728500366210938,0.0
7.875368595123291,5.244700908660889,0.0
7.912736415863037,3.6680831909179688,0.0
5.879208564758301,3.554626703262329,0.0
-1.4472362995147705,9.40998649597168,0.0
3.7767560482025146,5.544394016265869,0.0
3.7575531005859375,1.315047025680542,0.0
8.178000450134277,5.462693691253662,0.0
8.13563060760498,5.447739124298096,0.0
7.806145668029785,5.237865447998047,0.0
-1.2270854711532593,3.383557081222534,0.0
-2.7080018520355225,7.092292308807373,0.0
-3.0594937801361084,9.658982276916504,0.0
1.6960972547531128,0.19408105313777924,0.0
7.680910110473633,4.6242523193359375,0.0
-6.036589622497559,3.7256805896759033,0.0
0.20717673003673553,6.740647792816162,0.0
2.2710280418395996,7.797308444976807,0.0
-2.5369150638580322,8.74487590789795,0.0
-0.8967916965484619,8.632904052734375,0.0
1.3629558086395264,9.422531127929688,0.0
1.4560538530349731,7.613830089569092,0.0
-1.9979304075241089,7.8079304695129395,0.0
-0.044111087918281555,8.837400436401367,0.0
-4.349211692810059,4.968285083770752,0.0
-0.02485554665327072,8.447471618652344,0.0
1.2922362089157104,6.33917236328125,0.0
1.4056328535079956,9.1377534866333,0.0
3.0221524238586426,7.222586631774902,0.0
-0.1560661345720291,1.1588681936264038,0.0
-1.329461693763733,3.6237432956695557,0.0
1.1393126249313354,7.96651029586792,0.0
9.428878784179688,6.201478481292725,0.0
3.6973650455474854,5.874533653259277,0.0
7.2020111083984375,5.3120622634887695,0.0
7.013727188110352,5.421849727630615,0.0
3.7066099643707275,4.309389591217041,0.0
6.759790420532227,5.235326290130615,0.0
2.606243848800659,7.350957870483398,0.0
3.6574862003326416,6.0551042556762695,0.0
-1.2192763090133667,9.382946014404297,0.0
6.189368724822998,4.3365159034729,0.0
8.974465370178223,2.9914803504943848,0.0
1.1887625455856323,7.614789962768555,0.0
2.1212260723114014,8.3572359085083,0.0
0.03133664280176163,6.440908908843994,0.0
2.3280646800994873,8.242754936218262,1.6452587842941284
3.94651198387146,5.356055736541748,0.0
-3.1404154300689697,9.501289367675781,0.0
6.380224704742432,2.941060781478882,0.0
2.2799887657165527,6.532867431640625,0.0
0.09887820482254028,6.191916465759277,0.0
5.202779293060303,5.804652690887451,2.0604262351989746
0.7273929119110107,9.393179893493652,0.0
8.708690643310547,4.156169414520264,0.0
-0.4971502423286438,5.986821174621582,0.0
-4.192671298980713,8.342281341552734,0.0
0.7396085262298584,5.361360549926758,0.0
3.4449188709259033,7.265735626220703,0.0
3.4779133796691895,6.349860191345215,0.0
4.2959723472595215,5.20671272277832,0.0
0.33743274211883545,5.091965675354004,0.0
3.318525552749634,4.732990741729736,0.0
-0.22248601913452148,9.004454612731934,0.0
0.03978652134537697,8.253583908081055,0.0
-2.18133282661438,7.5341105461120605,0.0
2.970363140106201,5.189511299133301,0.0
3.710920810699463,0.7337401509284973,0.0
-1.7166838645935059,8.851791381835938,0.0
-4.095315456390381,4.820812225341797,0.0
0.09528803080320358,0.7827277183532715,0.0
8.655675888061523,6.1727399826049805,1.2933663129806519
3.5184640884399414,3.3685269355773926,0.0
-2.5496087074279785,10.6724853515625,0.0
1.7890889644622803,1.906398057937622,0.0
9.238544464111328,3.8819761276245117,0.0
1.9642928838729858,5.688024520874023,0.0
1.0887341499328613,7.241041660308838,0.0
3.1921944618225098,5.661628723144531,0.0
1.4718809127807617,8.296063423156738,0.0
-3.0162150859832764,5.970262050628662,0.0
1.7761386632919312,5.37062931060791,0.0
2.5274248123168945,-1.0981961488723755,0.0
-2.031860828399658,7.362522602081299,0.0
1.886547565460205,3.788999557495117,0.0
1.619981050491333,7.992876052856445,0.0
2.664344549179077,7.030090808868408,0.0
-3.179969549179077,5.717463970184326,0.0
5.956566333770752,4.698038101196289,0.0
0.438175231218338,3.494967460632324,0.0
-0.314222127199173,6.956399440765381,0.0
-1.4975119829177856,6.3178791999816895,0.0
7.0021071434021,3.514058828353882,0.0
2.175283432006836,3.2762858867645264,0.0
7.017123222351074,2.9191083908081055,0.0
-2.0424675941467285,8.015275955200195,0.0
3.650089979171753,6.060651779174805,0.0
0.7119420766830444,9.49970817565918,0.0
-1.3936549425125122,6.389697551727295,0.0
3.159684419631958,5.870691776275635,0.0
-1.7220818996429443,6.544530868530273,0.0
3.8401105403900146,2.929969310760498,0.0
0.2045128047466278,7.727815628051758,0.0
-0.6156740188598633,8.99195671081543,0.0
0.36010587215423584,7.769881248474121,0.0
2.8171091079711914,7.489884376525879,0.0
4.334148406982422,5.842576503753662,0.0
5.055990695953369,6.045598983764648,0.0
1.1660305261611938,6.900130271911621,0.0
0.503741443157196,7.200473785400391,0.0
-1.6843397617340088,9.921229362487793,0.0
2.6750435829162598,4.836928844451904,0.0
-2.600519895553589,9.044421195983887,0.0
8.33188247680664,3.9442074298858643,0.0
9.232433319091797,4.615231990814209,0.0
-1.0645701885223389,7.068615436553955,0.0
-1.8797543048858643,9.92054271697998,0.0
0.4857374429702759,5.684175491333008,0.0
-0.9485636949539185,8.432343482971191,0.0
-2.578198194503784,3.2175683975219727,0.0
0.511948823928833,8.988662719726562,0.0
7.171667575836182,4.290434837341309,0.0
2.117063283920288,7.53533411026001,0.0
2.393615484237671,-0.7823854088783264,0.0
4.395364761352539,5.9519476890563965,0.0
6.0848894119262695,3.9490296840667725,0.0
9.577020645141602,4.10398530960083,0.0
8.60798168182373,6.029423713684082,0.0
2.4402921199798584,-0.46691328287124634,2.2858378887176514
-1.4105699062347412,10.33576774597168,0.0
6.1701202392578125,3.3158950805664062,0.0
-1.3262710571289062,9.699055671691895,0.0
-2.0064377784729004,7.821292400360107,0.0
2.5447311401367188,5.669268608093262,0.0
4.2104082107543945,6.451459884643555,2.0646212100982666
3.2411000728607178,3.5895559787750244,0.0
9.523829460144043,5.238057613372803,0.0
-1.2889788150787354,9.11341381072998,0.0
-1.3269437551498413,9.37631607055664,0.0
0.8790919184684753,6.790639400482178,2.458199977874756
4.280422210693359,3.5531764030456543,0.0
0.7634914517402649,3.390794515609741,0.0
0.6679311394691467,8.25052547454834,0.0
-1.236470341682434,9.20820140838623,0.0
3.568164587020874,0.05498082563281059,0.0
2.7962088584899902,6.582805156707764,0.0
2.220576286315918,7.2547221183776855,0.0
-1.5594059228897095,7.205406665802002,0.0
-1.586949110031128,9.381930351257324,0.0
-1.4404727220535278,9.329828262329102,0.0
8.504363059997559,2.8433995246887207,0.0
-1.7633517980575562,5.65435266494751,0.0
3.672086238861084,5.727015018463135,0.0
9.681373596191406,5.722114562988281,0.0
-0.8549586534500122,9.575601577758789,0.0
-0.18608291447162628,6.614985466003418,0.0
6.715054988861084,2.7830705642700195,0.0
3.4767861366271973,6.603329181671143,0.0
-0.7586641907691956,8.857521057128906,0.0
0.88137286901474,9.166608810424805,0.0
3.890512466430664,6.828794479370117,0.0
3.75880765914917,4.902922630310059,0.0
-0.20792606472969055,6.724359035491943,0.0
2.781944990158081,6.977077484130859,0.0
2.0237317085266113,8.138382911682129,0.0
2.20475697517395,8.569962501525879,0.0
1.463769555091858,9.230904579162598,0.0
2.0588297843933105,5.816673755645752,0.0
-1.644796371459961,3.7036614418029785,0.0
3.162752151489258,5.183807849884033,0.0
5.775332450866699,4.240023612976074,2.1113674640655518
4.775607585906982,6.983241558074951,1.4533953666687012
3.454230785369873,2.9440414905548096,2.645394802093506
1.3561897277832031,8.114056587219238,0.0
4.0090436935424805,4.703126907348633,1.5195468664169312
0.5249354243278503,4.574273586273193,0.0
-2.1142168045043945,8.115482330322266,0.0
-1.818647861480713,8.109172821044922,0.0
2.897289514541626,7.392282485961914,0.0
9.184929847717285,6.2764363288879395,0.0
2.0374577045440674,5.66716194152832,0.0
8.892199516296387,3.4248459339141846,0.0
-0.13817259669303894,9.6898775100708,0.0
0.4668349027633667,8.661484718322754,0.0
6.830169677734375,4.67201042175293,0.0
-3.2157018184661865,7.1478657722473145,0.0
4.701944351196289,3.070307493209839,0.0
1.2887765169143677,6.972873210906982,0.0
2.046773672103882,7.635281562805176,0.0
3.60526180267334,6.3973164558410645,0.0
7.873053550720215,5.228859901428223,0.0
1.7342314720153809,8.436800956726074,0.0
-3.1506571769714355,6.874639987945557,0.0
1.969072699546814,8.150585174560547,0.0
6.183331489562988,3.24969744682312,0.0
1.9060850143432617,0.728485643863678,0.0
4.0447306632995605,6.8157782554626465,0.0
2.9276013374328613,6.769936561584473,0.0
3.8450448513031006,1.2154592275619507,1.8030989170074463
3.804542064666748,6.931138038635254,0.0
8.641507148742676,5.288043022155762,0.0
0.6333260536193848,5.22709846496582,0.0
4.370380878448486,5.92928409576416,0.0
-5.650557994842529,4.425721168518066,0.0
3.931149482727051,7.076066970825195,0.0
3.917769432067871,6.945923805236816,0.0
2.856849431991577,5.559749126434326,0.0
0.26658207178115845,7.291775703430176,0.0
1.402400255203247,6.988574981689453,0.0
1.2025872468948364,2.3060872554779053,0.0
-2.428220510482788,3.6613903045654297,0.0
0.4361976385116577,8.725399017333984,0.0
-0.42270421981811523,8.048408508300781,0.0
-0.42334654927253723,7.0529866218566895,0.0
3.9248077869415283,5.194794178009033,0.0
-2.137814521789551,7.792557239532471,0.0
-1.3043396472930908,8.6122465133667,0.0
-2.5447871685028076,8.46697998046875,0.0
3.3858909606933594,4.312169551849365,0.0
1.771837592124939,8.400835037231445,0.0
-1.9973033666610718,3.2042901515960693,0.0
-0.28892266750335693,7.760523319244385,0.0
-2.3003385066986084,9.389213562011719,0.0
9.405405044555664,3.827808380126953,0.0
-1.2222952842712402,8.544424057006836,0.0
1.2720381021499634,9.0961275100708,0.0
-0.6500551104545593,8.949687004089355,0.0
-0.43923044204711914,2.232461452484131,0.0
4.09943151473999,6.139623641967773,0.0
5.259146690368652,6.080525875091553,1.5809383392333984
2.695852518081665,5.920205116271973,0.0
4.281906604766846,5.920774459838867,0.0
6.825621604919434,1.8389068841934204,0.0
-1.0499601364135742,7.722939968109131,0.0
1.1860554218292236,7.5071821212768555,0.0
9.787846565246582,3.7667458057403564,0.0
4.213006973266602,4.76977014541626,0.0
4.1860857009887695,7.048917770385742,0.0
2.9673075675964355,3.8399980068206787,0.0
9.696434020996094,5.332819938659668,0.0
1.1401997804641724,8.405038833618164,0.0
-4.367228984832764,3.299320936203003,2.4562482833862305
4.445137977600098,6.195030212402344,0.0
1.092246651649475,5.204643726348877,0.0
8.272543907165527,2.744572401046753,1.3852453231811523
-0.7829501628875732,3.2492403984069824,0.0
-2.8367438316345215,3.5386416912078857,0.0
1.577701210975647,7.531687259674072,0.0
3.3788602352142334,5.526987075805664,0.0
-4.803053855895996,4.1382975578308105,0.0
-2.570342540740967,2.759960651397705,0.0
0.613987386226654,6.457873344421387,0.0
0.01836317591369152,6.100863933563232,0.0
-1.1293433904647827,6.213696479797363,0.0
0.23341697454452515,8.347174644470215,0.0
0.8240272402763367,8.687623977661133,0.0
-1.3679120540618896,6.73120641708374,0.0
-0.2886199653148651,5.8183088302612305,0.0
3.282447099685669,4.724555015563965,0.0
-2.3009185791015625,4.87837553024292,0.0
-3.7407195568084717,4.716981410980225,0.0
3.3062071800231934,6.762448787689209,0.0
0.13405725359916687,9.014652252197266,0.0
6.720735549926758,3.8325564861297607,0.0
0.3818448483943939,5.959943771362305,0.0
-0.5125201940536499,7.374102592468262,0.0
4.399303436279297,7.05101203918457,0.0
4.205370903015137,4.488908767700195,0.0
-0.8820637464523315,7.074075698852539,0.0
8.759244918823242,6.121703147888184,1.097679853439331
-2.076416492462158,7.817577362060547,0.0
-2.1936213970184326,9.844439506530762,0.0
5.835337162017822,3.920283317565918,0.0
4.139708518981934,5.235274314880371,0.0
1.1080273389816284,8.18656063079834,0.0
4.284253120422363,5.738767623901367,0.0
5.809647560119629,3.2655556201934814,0.0
-0.7520192861557007,7.900282382965088,0.0
4.280086040496826,4.792459011077881,0.0
2.7892637252807617,6.826179027557373,0.0
2.2925119400024414,7.533287048339844,0.0
1.6341530084609985,7.574666500091553,0.0
4.452433109283447,3.9394781589508057,0.0
-1.091176152229309,7.6691718101501465,0.0
0.642157793045044,6.625370979309082,0.0
5.7824387550354,3.7044787406921387,0.0
1.0618420839309692,1.2888977527618408,0.0
-0.007222962100058794,8.878170013427734,0.0
-2.307317018508911,7.124335765838623,0.0
0.3953256905078888,9.378260612487793,0.0
1.5971542596817017,6.985503196716309,0.0
1.754660725593567,8.92716121673584,0.0
8.066229820251465,5.525636672973633,0.0
-3.7900631427764893,4.54172945022583,0.0
2.1043882369995117,5.452066898345947,0.0
-2.8260579109191895,6.767408847808838,0.0
8.685762405395508,4.276721000671387,0.0
1.5861326456069946,8.982664108276367,1.9452247619628906
10.074535369873047,4.6701130867004395,0.0
2.6992990970611572,4.504556655883789,0.0
1.456944465637207,8.68520450592041,0.0
0.408674031496048,6.1659722328186035,0.0
-2.8031671047210693,7.119231224060059,0.0
-3.563087224960327,4.371285915374756,1.933246374130249
5.42418909072876,4.384425640106201,0.0
6.49028205871582,4.452833652496338,0.0
3.37935733795166,4.086279392242432,0.0
0.7739450335502625,6.082329273223877,0.0
3.4475061893463135,6.548313140869141,0.0
-0.8253061771392822,8.127087593078613,0.0
-3.10835862159729,8.33591079711914,0.0
-0.4040457308292389,7.123128890991211,0.0
2.078037977218628,8.615405082702637,0.0
3.440399646759033,0.43624627590179443,0.0
4.618806838989258,5.093199729919434,0.0
0.3100624680519104,4.729150295257568,0.0
1.6420015096664429,0.1479070633649826,0.0
-0.2997196614742279,10.281317710876465,0.0
0.1152644157409668,8.307609558105469,0.0
1.9358779191970825,8.545838356018066,0.0
0.45343726873397827,9.497300148010254,0.0
0.726805567741394,1.7839901447296143,0.0
2.2208609580993652,3.4206531047821045,0.0
3.563502073287964,6.762596607208252,0.0
1.7153931856155396,8.901439666748047,0.0
-1.3720897436141968,8.383711814880371,0.0
-0.07470478862524033,6.954331398010254,0.0
2.9884777069091797,5.006018161773682,0.0
9.192453384399414,5.018161296844482,0.0
-3.283938407897949,6.288182258605957,0.0
1.3613699674606323,2.2069320678710938,0.0
-2.3876118659973145,9.63138198852539,0.0
-0.8937961459159851,5.482479572296143,0.0
-1.8399895429611206,6.998934268951416,0.0
2.101672410964966,8.40843391418457,0.0
2.6451354026794434,6.475995063781738,0.0
-1.595466136932373,7.635510444641113,0.0
-1.6610963344573975,6.655986309051514,0.0
2.4313714504241943,5.913165092468262,0.0
-1.691701054573059,9.001626968383789,0.0
1.3548357486724854,6.500223636627197,0.0
8.947195053100586,4.868157863616943,0.0
3.040536403656006,6.573777198791504,0.0
0.21174058318138123,8.24404239654541,0.0
4.249885082244873,6.085035800933838,0.0
0.9274342656135559,6.566988945007324,0.0
-0.5890011191368103,7.77976655960083,0.0
0.9955573678016663,3.825179100036621,0.0
1.206481695175171,8.17973804473877,0.0
0.5258194208145142,7.011401176452637,0.0
7.004169940948486,3.8707852363586426,0.0
3.7160370349884033,5.223803520202637,1.8855100870132446
-4.10901403427124,4.431150913238525,0.0
1.366758942604065,7.512269020080566,0.0
0.1652800589799881,7.003853797912598,0.0
-2.462660789489746,4.102678298950195,0.0
0.3588152825832367,2.1892573833465576,0.0
0.7327525615692139,8.473968505859375,0.0
2.7146406173706055,7.687597751617432,0.0
2.909315347671509,7.605966091156006,0.0
2.847179651260376,3.9368348121643066,0.0
2.9168708324432373,3.8892130851745605,0.0
1.0371966361999512,9.167162895202637,0.0
0.002476657973602414,9.206694602966309,0.0
0.009104695171117783,7.237979888916016,0.0
-2.1085567474365234,9.811542510986328,0.0
3.9486429691314697,6.432226181030273,1.5419659614562988
-0.6864410638809204,5.012751579284668,0.0
1.357223629951477,9.837844848632812,0.0
-0.6746672987937927,8.270010948181152,0.0
9.314453125,5.01032018661499,1.8193678855895996
3.7961902618408203,4.366108417510986,0.0
2.120218276977539,8.0640230178833,0.0
1.7998390197753906,4.702375411987305,0.0
-1.2065588235855103,4.789463996887207,0.0
3.5173299312591553,5.7907915115356445,0.0
2.197862148284912,7.489640712738037,0.0
0.03175394982099533,9.502001762390137,0.0
2.3829610347747803,6.175681114196777,0.0
0.4343509078025818,9.042204856872559,0.0
0.060894258320331573,6.056375503540039,0.0
3.04128360748291,3.563577175140381,0.0
-1.7032933235168457,3.6747450828552246,0.0
2.832663059234619,9.059425354003906,0.0
0.019353579729795456,7.5683465003967285,0.0
-1.5768489837646484,6.619124412536621,0.0
4.3113908767700195,5.067615032196045,0.0
3.879575729370117,0.3929056227207184,0.0
1.1398794651031494,5.9271464347839355,0.0
3.393311023712158,5.115085601806641,0.0
-1.942849040031433,4.3358845710754395,0.0
-2.803053379058838,2.5290846824645996,0.0
5.064265251159668,6.550549507141113,0.0
-3.05947208404541,6.698268890380859,0.0
-2.8942790031433105,3.821526288986206,2.127157688140869
-3.3890252113342285,2.208097219467163,0.0
-4.357839584350586,3.088961124420166,0.0
-3.2952780723571777,1.933214545249939,0.0
0.2855972647666931,3.8183414936065674,0.0
-3.6854724884033203,7.4231133460998535,0.0
3.1220543384552,2.295210361480713,0.0
-0.5424829125404358,0.4557400047779083,1.8608006238937378
0.17948803305625916,1.666121482849121,0.0
-3.4249227046966553,7.242240905761719,0.0
4.093031883239746,4.700701713562012,1.7781403064727783
-1.0345425605773926,4.751407146453857,0.0
-4.2737650871276855,2.285921573638916,0.0
2.8838229179382324,4.597332954406738,0.0
7.219179153442383,4.243514537811279,0.0
-0.7709493041038513,2.7996819019317627,0.0
-1.782297968864441,2.274587631225586,0.0
-1.6101009845733643,4.425131797790527,0.0
-0.6628608107566833,7.169103145599365,0.0
-0.8610657453536987,0.5882858633995056,0.0
1.3099669218063354,4.293729305267334,0.0
0.621121346950531,3.193767786026001,0.0
4.954554557800293,6.178279399871826,2.3010566234588623
-1.599481225013733,7.408041000366211,1.6285896301269531
-4.154170513153076,6.962894439697266,0.0
1.667782187461853,2.7615034580230713,0.0
-0.3902953863143921,5.724838733673096,0.0
-0.7799825072288513,3.0607194900512695,0.0
-3.6709635257720947,3.4123106002807617,0.0
-0.04247971996665001,3.635239601135254,0.0
3.8040719032287598,4.803238391876221,0.0
-3.5992789268493652,2.553227663040161,0.0
-2.6467695236206055,6.486806392669678,0.0
-2.532949447631836,2.5803022384643555,0.0
0.49892786145210266,3.9125757217407227,0.0
-2.550447940826416,3.45475697517395,0.0
7.551123142242432,4.0415167808532715,0.7366137504577637
2.313136339187622,3.2587530612945557,0.0
-3.540269136428833,7.553134441375732,2.073687791824341
1.3471651077270508,4.852146148681641,0.0
-3.797332286834717,1.810716152191162,2.3378474712371826
1.2081561088562012,3.585862636566162,0.0
1.7789669036865234,4.818295955657959,0.0
0.2208036631345749,2.535452365875244,0.0
3.1184897422790527,3.7599709033966064,2.0871798992156982
-3.5299735069274902,3.442077875137329,0.0
-1.1242035627365112,2.274521589279175,0.0
-4.343903064727783,3.9706432819366455,0.0
-1.3094391822814941,1.8328114748001099,0.0
-3.424304723739624,7.0807905197143555,0.0
-2.5634210109710693,5.131211757659912,0.0
-0.49130865931510925,1.4287877082824707,3.384052038192749
0.6306833624839783,2.137357711791992,0.0
8.7039155960083,3.058267593383789,0.0
-0.039739008992910385,4.260244369506836,0.0
-3.4638919830322266,8.458403587341309,0.0
1.51814866065979,1.1014572381973267,0.0
-0.5220621228218079,3.398139715194702,0.0
4.109177589416504,4.649292469024658,2.4920871257781982
-1.7580204010009766,7.05842399597168,0.0
1.7847356796264648,3.4367127418518066,3.329267978668213
-2.40415358543396,4.434625148773193,0.0
1.7314960956573486,3.5441958904266357,0.0
-1.6515045166015625,6.6255035400390625,0.0
-4.2372822761535645,4.014366149902344,0.0
-2.1181488037109375,2.2002081871032715,0.0
-3.065258264541626,9.412124633789062,0.0
3.6173031330108643,1.9677624702453613,0.0
-4.025030136108398,2.1691226959228516,1.9697705507278442
-3.6974611282348633,6.261061668395996,1.9189724922180176
0.47745853662490845,3.838876962661743,0.0
1.7048033475875854,3.1573092937469482,2.0028650760650635
-1.2569806575775146,4.216626167297363,0.0
0.9263019561767578,1.5447871685028076,0.0
-2.6279852390289307,2.722942352294922,0.0
-2.1142451763153076,7.306329250335693,1.973495602607727
-0.5026185512542725,1.7118748426437378,0.0
-1.7790155410766602,7.30893087387085,0.0
0.8002601265907288,3.458286762237549,2.135666608810425
-0.6959671974182129,2.6897401809692383,0.0
6.5254926681518555,3.0308456420898438,0.0
-1.8511210680007935,4.8040618896484375,0.0
3.2903292179107666,2.120908498764038,0.0
0.18242418766021729,2.3919410705566406,1.6616569757461548
-5.611320972442627,3.687591791152954,0.0
-4.66456937789917,4.424288272857666,0.0
1.632169485092163,4.1548309326171875,0.0
-0.9777346253395081,1.8822389841079712,0.0
-0.26567524671554565,6.058159351348877,0.0
-2.552079200744629,8.430394172668457,0.0
4.60665225982666,5.290128707885742,1.991308331489563
0.12600155174732208,4.4804768562316895,0.0
-2.5450310707092285,3.61506724357605,0.0
-1.5389928817749023,1.7526224851608276,0.0
5.9544806480407715,3.288353204727173,0.0
-0.9466255307197571,3.205678939819336,0.0
-3.047206163406372,6.550548076629639,2.7045106887817383
1.9367293119430542,2.549711227416992,0.0
-0.041182998567819595,7.788265705108643,0.0
1.2359544038772583,5.48497200012207,0.0
-4.216811180114746,6.750102519989014,0.0
0.49182379245758057,4.282603740692139,0.0
2.165508985519409,0.9760026931762695,0.0
6.422575950622559,3.139580726623535,0.0
1.8568401336669922,2.1022586822509766,0.0
-3.1177163124084473,5.637960433959961,0.0
-0.034062229096889496,0.10696617513895035,0.0
-2.557490110397339,4.369028568267822,0.0
6.881441116333008,3.1232151985168457,0.0
0.8155625462532043,4.009971618652344,0.0
0.9273154735565186,3.849581003189087,0.0
2.946808338165283,4.363193511962891,0.0
2.3426148891448975,-0.8222867250442505,0.0
-0.1481020599603653,2.5460968017578125,0.0
2.2552216053009033,5.237880229949951,2.5620005130767822
-2.964679479598999,6.778413772583008,0.0
-0.7816387414932251,3.402238368988037,0.0
0.6762168407440186,5.025221347808838,0.0
-2.485079526901245,5.152545928955078,0.0
-1.6830685138702393,0.312710165977478,0.0
2.480184555053711,2.7512989044189453,0.0
-0.4624282419681549,4.446905612945557,0.0
-0.2584612965583801,3.041344165802002,0.0
0.9861903190612793,4.581662654876709,0.0
0.7994691133499146,6.640945911407471,0.0
-3.8036532402038574,2.6783244609832764,0.0
3.7746706008911133,4.906122207641602,2.1747872829437256
-3.271918773651123,6.120137691497803,0.0
-0.2961236834526062,4.173990249633789,0.0
-4.131614685058594,8.195826530456543,0.0
1.2272698879241943,4.778575420379639,0.0
-5.732759475708008,2.7315335273742676,0.0
2.4449052810668945,4.44401216506958,0.0
0.4256746768951416,5.99863338470459,0.0
0.487800270318985,5.6581902503967285,0.0
1.6566864252090454,8.414661407470703,0.0
2.161533832550049,8.062962532043457,0.0
-6.060816764831543,2.598494529724121,0.0
-3.33020281791687,3.9896867275238037,0.0
7.348448753356934,4.555769443511963,0.0
0.6292802691459656,8.532315254211426,0.0
1.6372129917144775,7.502499580383301,0.0
1.0473005771636963,3.9072983264923096,0.0
0.8410370945930481,2.2964534759521484,0.0
-0.4812370240688324,4.260593414306641,0.0
-1.0050078630447388,7.722607135772705,0.0
1.4052693843841553,6.006686210632324,0.0
1.0276974439620972,6.604488372802734,0.0
2.0202925205230713,8.863174438476562,0.0
1.5788147449493408,6.12709903717041,0.0
1.4018558263778687,6.644668102264404,0.0
0.49686190485954285,6.4322509765625,0.0
1.6376652717590332,8.180135726928711,0.0
-0.08080955594778061,6.462945461273193,0.0
2.452883005142212,8.60562801361084,0.0
-2.5401484966278076,9.259053230285645,0.0
0.6763297319412231,4.6011857986450195,0.0
1.7342013120651245,6.734664440155029,0.0
1.6426259279251099,4.8724446296691895,0.0
2.289138078689575,8.724417686462402,0.0
-1.5625165700912476,7.157657146453857,0.0
2.081786632537842,8.171330451965332,0.0
0.24488134682178497,9.425312042236328,0.0
-1.3916523456573486,8.616974830627441,0.0
0.7463520765304565,8.778043746948242,0.0
1.2744301557540894,5.5993218421936035,0.0
-0.6552718877792358,6.602805137634277,0.0
-0.7353830933570862,4.036172866821289,0.0
-3.0169007778167725,2.283189058303833,0.0
0.546359121799469,7.901805877685547,0.0
0.4461703896522522,8.57935905456543,0.0
-1.9274704456329346,9.865884780883789,1.3320025205612183
-0.09482648223638535,5.843491077423096,2.0282349586486816
0.8957437872886658,8.464912414550781,0.0
-0.5781548619270325,7.5448832511901855,0.0
-2.6363072395324707,9.5938138961792,0.0
-0.6473697423934937,5.744091987609863,0.0
-0.11454308778047562,8.733057022094727,0.0
-0.4242227077484131,6.213618755340576,0.0
-0.3208898901939392,6.936367034912109,0.0
2.7735226154327393,8.033086776733398,0.0
-3.2113234996795654,8.851422309875488,0.0
-1.1659208536148071,7.423384666442871,0.0
7.1042799949646,2.754399061203003,0.8237804174423218
3.0353200435638428,5.824184894561768,1.4642891883850098
0.5836485028266907,7.528895854949951,0.0
0.9909624457359314,6.347445011138916,0.0
3.2858457565307617,7.993648529052734,1.0641083717346191
0.45052632689476013,9.338939666748047,0.0
-0.25751787424087524,8.745566368103027,0.0
4.000693321228027,2.972644805908203,0.0
-0.3756742477416992,8.090012550354004,0.0
4.101462364196777,6.0596723556518555,0.0
4.150198459625244,7.231601238250732,0.0
-0.7811899185180664,7.304232120513916,0.0
1.2287342548370361,6.810956001281738,0.0
-1.4976321458816528,5.606963157653809,0.0
2.8617234230041504,3.2963526248931885,0.0
-0.12525925040245056,9.925512313842773,0.0
-3.4894049167633057,9.580452919006348,0.0
9.365191459655762,3.316812515258789,1.6506808996200562
-2.078956365585327,4.6284942626953125,0.0
2.6725356578826904,6.930894374847412,0.0
0.5452789664268494,8.97446346282959,0.0
4.5914998054504395,4.961411952972412,2.0256597995758057
3.8267977237701416,4.824073314666748,2.7505996227264404
-1.3863552808761597,7.948762893676758,2.578720808029175
8.296490669250488,2.5695242881774902,1.2911951541900635
-4.403665542602539,2.932682991027832,0.0
0.5217975974082947,9.691864013671875,0.0
0.5492556095123291,6.536123275756836,0.0
3.9547979831695557,4.9567341804504395,1.548350214958191
4.455200672149658,3.0855066776275635,0.0
-0.5692206621170044,4.884129047393799,0.0
-0.291818767786026,6.779026985168457,0.0
-1.0479482412338257,8.824542999267578,0.0
3.4567711353302,4.7620697021484375,0.0
0.8989158272743225,9.446937561035156,0.0
-2.9970993995666504,6.233779430389404,0.0
-1.9862059354782104,9.753500938415527,0.0
1.7682788372039795,7.607085704803467,2.0279486179351807
0.270233154296875,9.41283893585205,0.0
0.7121468186378479,7.357730865478516,0.0
0.914189875125885,4.312899589538574,0.0
-1.424633502960205,7.905683517456055,2.6096622943878174
-0.9289842247962952,7.117135047912598,0.0
4.083416938781738,6.493609428405762,0.0
0.11881674081087112,8.910408973693848,0.0
2.8188118934631348,8.058401107788086,0.0
-0.12900660932064056,7.3446431159973145,0.0
1.9641937017440796,9.424384117126465,0.0
0.05901660397648811,3.0615200996398926,0.0
3.457697868347168,5.165309429168701,0.0
1.062740683555603,9.400832176208496,2.071866035461426
1.9521338939666748,8.776505470275879,0.0
2.670015811920166,8.412638664245605,0.0
-1.8702834844589233,8.963150024414062,0.0
0.4731040596961975,6.54680871963501,0.0
2.2034871578216553,7.105384349822998,0.0
-0.46355000138282776,6.17787504196167,0.0
5.0219316482543945,7.1881937980651855,1.0664763450622559
-1.8134852647781372,7.0222296714782715,0.0
1.243651032447815,6.440455913543701,0.0
-0.5902165174484253,7.456607341766357,0.0
1.6638988256454468,6.689854145050049,0.0
-1.6072591543197632,7.137084484100342,0.0
0.6103900074958801,4.970700740814209,0.0
-0.14349088072776794,4.018524646759033,0.0
3.838374376296997,5.550045490264893,0.0
2.437807083129883,8.119842529296875,0.0
4.053046703338623,0.836848795413971,0.0
-0.3258449137210846,7.59763240814209,0.0
-0.5560309290885925,8.481084823608398,1.5175974369049072
-0.695810854434967,6.74708890914917,0.0
0.9145914316177368,7.500782489776611,0.0
-2.8405470848083496,8.824810028076172,0.0
0.7373049855232239,6.114764213562012,0.0
1.8037875890731812,8.772056579589844,0.0
0.6564292907714844,6.026947975158691,0.0
4.246649742126465,6.464293003082275,0.0
-0.3385401964187622,5.327936172485352,0.0
-1.088674783706665,10.380949974060059,1.7114897966384888
3.2315077781677246,7.943247318267822,0.0
-1.2594386339187622,5.288536071777344,0.0
2.000962257385254,7.73573637008667,0.0
-0.20872168242931366,10.093762397766113,0.0
1.8296566009521484,8.303866386413574,0.0
2.5434813499450684,7.152305603027344,0.0
3.0179226398468018,3.887310028076172,0.0
0.17999516427516937,8.273086547851562,0.0
2.312948226928711,3.81143856048584,0.0
-0.3305157423019409,9.259217262268066,0.0
4.141663551330566,4.64785099029541,0.0
2.350687026977539,6.70565128326416,0.0
-1.620771050453186,9.760747909545898,0.0
3.4282267093658447,6.0961384773254395,1.4139961004257202
0.9930868744850159,4.95383358001709,0.0
0.5135268568992615,6.526047706604004,0.0
0.4870177209377289,7.595455169677734,0.0
2.6720774173736572,8.565797805786133,0.0
2.143669843673706,7.0067291259765625,0.0
-0.9004883766174316,6.66873836517334,0.0
0.49525630474090576,5.521695613861084,0.0
2.035536766052246,2.3689823150634766,0.0
1.7849475145339966,8.609665870666504,0.0
2.8352150917053223,3.749852418899536,0.0
-2.2231507301330566,6.485483169555664,0.0
9.189495086669922,5.770325660705566,0.0
-2.029573678970337,3.7935996055603027,0.0
0.8230908513069153,8.272056579589844,0.0
0.5284988284111023,7.683743476867676,0.0
1.0894057750701904,7.142722129821777,0.0
-2.9797658920288086,8.929264068603516,0.0
-2.6490478515625,5.1690673828125,0.0
0.2962109446525574,9.404406547546387,0.0
2.839411497116089,8.85134220123291,0.0
6.986149311065674,4.150234699249268,0.0
1.8802274465560913,5.166776657104492,0.0
4.578789710998535,6.195951461791992,0.0
3.2628631591796875,7.843714237213135,0.0
2.8262336254119873,3.5241191387176514,0.0
-3.124459981918335,9.562166213989258,0.0
0.9178998470306396,9.844575881958008,0.0
-2.965283155441284,9.82313346862793,0.0
3.7254436016082764,6.8626322746276855,0.0
-2.798374891281128,5.954715251922607,0.0
3.4900097846984863,8.196925163269043,1.070112943649292
1.118862271308899,7.200088977813721,0.0
1.3870538473129272,7.6590118408203125,1.2541934251785278
0.6875696778297424,7.17268705368042,0.0
0.7272899746894836,3.989541530609131,0.0
1.8640828132629395,8.94082260131836,0.0
4.6091389656066895,5.082908630371094,1.8382314443588257
1.5517905950546265,6.8905510902404785,0.0
1.616339921951294,7.839879989624023,0.0
0.2967066764831543,8.357277870178223,0.0
2.0896921157836914,8.965010643005371,0.0
-0.28757184743881226,7.293428421020508,1.5419659614562988
0.33051159977912903,7.978904724121094,0.0
-0.2786181569099426,8.619941711425781,0.0
2.80769944190979,7.096548080444336,0.0
-0.8131754994392395,8.795063018798828,0.0
1.1262493133544922,8.390007019042969,0.0
5.93422794342041,3.1203973293304443,0.0
6.815203666687012,1.709836483001709,0.0
1.740706443786621,6.078769207000732,0.0
-2.6524603366851807,9.763972282409668,0.0
1.7662608623504639,9.309042930603027,0.0
3.5523478984832764,5.089507579803467,2.2065227031707764
0.635009765625,8.05312728881836,0.0
0.2021532654762268,6.903838634490967,0.0
0.9581672549247742,8.698606491088867,0.0
0.41978779435157776,9.777115821838379,0.0
2.624901056289673,8.52215576171875,2.9201388359069824
-2.84732985496521,9.59581470489502,0.0
0.7947225570678711,8.837498664855957,0.0
0.20752698183059692,7.384883880615234,1.792593240737915
0.3322408199310303,7.740431785583496,0.0
7.5916852951049805,5.491554260253906,0.0
-3.012279987335205,9.53649616241455,0.0
0.12590959668159485,8.896952629089355,1.3917944431304932
-2.1983232498168945,9.478789329528809,1.9748306274414062
2.9958701133728027,2.103041410446167,0.0
0.7021386027336121,9.598599433898926,1.0938352346420288
0.550857424736023,7.963384628295898,0.0
2.5654966831207275,7.649709701538086,2.2783336639404297
8.869856834411621,4.135634899139404,0.0
7.971569061279297,3.8418209552764893,0.0
0.1874050348997116,8.057207107543945,0.0
2.2360143661499023,5.3658037185668945,0.0
0.7242334485054016,7.628588676452637,0.0
-2.9512271881103516,8.747956275939941,1.696776032447815
0.590539276599884,7.652332305908203,0.0
0.5847253203392029,6.559514045715332,0.0
-0.4230394661426544,8.15346908569336,0.0
1.0597987174987793,0.5499564409255981,0.0
1.5234564542770386,7.363967418670654,0.0
2.3336148262023926,3.0558390617370605,0.0
-1.6153888702392578,10.029863357543945,1.4954638481140137
4.679619312286377,6.445271968841553,0.0
1.59360671043396,8.41345500946045,0.0
-3.7798078060150146,3.6425633430480957,0.0
-1.6871317625045776,8.868556022644043,0.0
0.20039935410022736,6.410008907318115,0.0
2.2417399883270264,5.572509288787842,0.0
4.310380935668945,2.492460012435913,0.0
2.666308641433716,8.474617958068848,0.0
3.0019850730895996,4.699802398681641,0.0
-0.9243805408477783,8.332411766052246,0.0
3.66386079788208,6.959969520568848,0.0
3.0289738178253174,7.003378391265869,1.364279866218567
7.070888042449951,4.7049336433410645,0.0
-0.6516021490097046,9.467826843261719,0.0
2.250659465789795,6.2339768409729,0.0
-0.23607119917869568,2.265810489654541,0.0
2.1795711517333984,8.546509742736816,0.0
-0.5369360446929932,5.924088478088379,0.0
-2.225922107696533,1.945098876953125,0.0
6.123716354370117,4.590010643005371,0.0
-3.7668473720550537,6.653498649597168,2.705378770828247
1.5025744438171387,5.6598968505859375,0.0
7.738764762878418,5.487665176391602,0.0
2.0816874504089355,8.603485107421875,0.0
-2.72774076461792,4.039604663848877,0.0
-2.002763032913208,6.423368453979492,0.0
2.848902702331543,9.028316497802734,0.0
-0.2507839798927307,6.569192409515381,0.0
-3.036241292953491,5.977864742279053,1.6530667543411255
7.451039791107178,4.928123474121094,0.0
4.291249752044678,3.5886247158050537,0.0
1.0740116834640503,7.618896484375,0.0
-1.5767991542816162,6.990464210510254,0.0
2.4753503799438477,7.629051208496094,0.0
0.440604031085968,9.005322456359863,0.0
1.1598678827285767,8.071044921875,0.0
0.3545410633087158,8.775654792785645,0.0
-0.22186917066574097,9.405838012695312,0.0
-2.8682713508605957,9.05953598022461,0.0
0.7273998260498047,8.54940128326416,0.0
1.8004086017608643,7.355964183807373,0.0
1.574370265007019,8.643362998962402,0.0
3.3369903564453125,0.07291027158498764,0.0
4.574273586273193,6.924657344818115,0.0
-0.0063154795207083225,8.307286262512207,0.0
1.9426809549331665,6.545402526855469,0.0
2.6852033138275146,6.423292636871338,0.0
-3.7619848251342773,4.148159980773926,0.0
0.6557772755622864,8.100615501403809,0.0
1.2997007369995117,7.095398902893066,0.0
1.8483892679214478,8.122889518737793,0.0
2.042525291442871,3.1668925285339355,0.0
0.39103972911834717,6.337881088256836,0.0
1.9790760278701782,3.965536117553711,0.0
4.258097171783447,6.014031410217285,0.0
2.2230193614959717,4.037799835205078,0.0
-0.6184374094009399,6.670608043670654,0.0
1.8318519592285156,6.631460189819336,0.0
2.902843713760376,6.905211925506592,1.6721101999282837
2.3262786865234375,7.196346759796143,0.0
3.434091806411743,6.98058557510376,0.0
1.539812684059143,9.047983169555664,0.0
1.187058687210083,3.065824270248413,0.0
10.148652076721191,5.659135341644287,0.0
2.814810276031494,7.330094337463379,0.0
-0.48418834805488586,5.513905048370361,0.0
1.5185950994491577,8.697301864624023,0.0
7.253279685974121,4.45707368850708,0.0
-0.3381614685058594,6.883909225463867,0.0
2.82200026512146,9.094183921813965,0.0
6.0211310386657715,4.508629322052002,0.0
-1.623879075050354,6.869691848754883,1.2492029666900635
-3.02976393699646,3.7320520877838135,0.0
7.118808746337891,4.50915002822876,0.0
2.4586312770843506,7.049356937408447,1.6920607089996338
1.410873293876648,5.520178318023682,0.0
-2.6573479175567627,2.616658926010132,0.0
0.5166757702827454,6.793636322021484,0.0
-0.23390917479991913,8.714149475097656,0.0
3.023005247116089,4.41247034072876,0.0
2.456575870513916,8.088316917419434,0.0
0.9578334093093872,7.443828105926514,1.9745633602142334
-2.5146095752716064,7.291595935821533,0.0
0.8288816809654236,5.885167598724365,0.0
-0.4436676800251007,6.756215572357178,0.0
-4.868497371673584,4.101228713989258,0.0
-0.5991398692131042,4.2007670402526855,0.0
7.275195121765137,1.4407469034194946,0.0
3.080576181411743,1.0561350584030151,0.0
-2.8828656673431396,7.676054000854492,0.0
2.816688299179077,6.675591468811035,0.0
0.05327761173248291,6.125208854675293,0.0
0.22626903653144836,5.450713157653809,0.0
-0.3885713219642639,7.149149417877197,0.0
2.1480298042297363,8.141980171203613,1.2230417728424072
1.5309911966323853,8.397872924804688,0.0
0.6665715575218201,8.727931022644043,0.0
1.593716025352478,9.16894817352295,0.0
2.7504472732543945,7.671527862548828,0.0
-0.18519216775894165,7.03543758392334,0.0
-0.610426127910614,5.924201011657715,0.0
3.135037422180176,6.3762335777282715,0.0
1.4887340068817139,5.573523998260498,0.0
-1.163506269454956,6.189161777496338,0.0
0.7434846758842468,8.937321662902832,0.0
1.988324522972107,6.2021307945251465,1.6407731771469116
-0.9907088279724121,5.285696506500244,0.0
-1.6082632541656494,7.200967311859131,2.596921920776367
3.5597667694091797,0.6764143109321594,0.0
1.6679481267929077,4.047490119934082,0.0
0.24082837998867035,9.55749797821045,0.0
2.952960252761841,5.697064399719238,0.0
10.077054977416992,4.4937944412231445,0.0
0.2904994785785675,8.835427284240723,0.0
2.2202653884887695,9.05512809753418,0.0
-2.509787082672119,7.044250965118408,0.0
-2.282665491104126,9.522360801696777,0.0
7.165184020996094,4.44155740737915,0.0
1.396567940711975,5.396785259246826,0.0
0.4399532675743103,7.194153785705566,0.0
0.05505475029349327,2.8201301097869873,0.0
0.8955981731414795,2.547358512878418,0.0
-2.0066657066345215,9.119357109069824,0.0
-0.6886758208274841,4.35878324508667,0.0
-0.8173744678497314,10.10844898223877,0.0
0.6778266429901123,8.075373649597168,0.0
1.4028542041778564,8.643834114074707,0.0
1.349021315574646,7.23464822769165,0.0
1.0665397644042969,7.228785991668701,0.0
-0.2462310642004013,6.138929843902588,0.0
-2.1530234813690186,9.169317245483398,0.0
-0.17727506160736084,8.11859130859375,0.0
0.9686972498893738,9.601279258728027,0.0
2.9539079666137695,6.73092794418335,0.0
-2.5683681964874268,9.083771705627441,0.0
-0.46475231647491455,8.67390251159668,0.0
2.070850133895874,8.36732006072998,0.0
0.5387250185012817,4.830471992492676,0.0
1.8240814208984375,4.315690517425537,1.8069188594818115
3.7725014686584473,7.708200454711914,0.0
-2.974172353744507,9.748287200927734,2.0073142051696777
-0.16033032536506653,8.558379173278809,0.0
3.088330030441284,6.5717973709106445,0.0
0.5062515139579773,9.286661148071289,0.0
1.6743340492248535,7.417640686035156,0.0
1.8569209575653076,9.509500503540039,0.0
6.72897481918335,4.164895057678223,2.28266978263855
2.100949764251709,6.194675445556641,0.0
7.252407073974609,4.477489948272705,0.0
0.5585550665855408,0.9786642789840698,0.0
2.0777924060821533,4.8537726402282715,0.0
0.31751057505607605,6.475707054138184,0.0
2.176680088043213,4.001480579376221,0.0
0.8605898022651672,6.607850074768066,0.0
0.33635413646698,5.9159064292907715,0.0
3.8796157836914062,5.109944820404053,0.0
1.2603588104248047,8.731931686401367,0.0
0.6493260264396667,3.8993844985961914,0.0
-1.200645923614502,9.86728286743164,0.0
1.046561360359192,8.81988525390625,0.0
3.152137279510498,6.779994010925293,0.0
2.0425093173980713,7.407610893249512,0.0
2.8422532081604004,7.856695652008057,0.0
1.8141200542449951,7.502257823944092,0.0
-4.179752349853516,6.339315891265869,0.0
7.161778450012207,1.2636545896530151,0.0
0.13959993422031403,5.457958221435547,0.0
3.461003065109253,5.18233585357666,1.0942316055297852
0.633963406085968,3.1917924880981445,0.0
1.137572169303894,6.204437732696533,0.0
2.8025641441345215,5.978519916534424,0.0
-1.8798831701278687,9.027558326721191,0.0
3.270125389099121,5.0849761962890625,0.0
1.7804958820343018,7.794778347015381,0.0
1.180894374847412,8.088726043701172,0.0
-0.019253619015216827,7.93514347076416,0.0
-3.038318395614624,3.8495876789093018,0.0
1.053402304649353,5.263704776763916,0.0
1.0167304277420044,9.02857780456543,0.0
0.5995205640792847,7.901632785797119,0.0
-2.114286184310913,8.7200345993042,0.0
-0.7344452142715454,7.467497825622559,0.0
-2.941920757293701,7.65675687789917,0.0
-0.29922178387641907,7.197606086730957,0.0
3.4666526317596436,6.848151683807373,0.0
2.8007194995880127,4.427407264709473,1.53535795211792
2.5017893314361572,7.622636795043945,0.0
2.6899688243865967,4.078918933868408,0.0
1.6702039241790771,6.515077590942383,0.0
-2.0328283309936523,9.298078536987305,2.145822525024414
2.7707512378692627,7.053126335144043,0.0
2.131873846054077,4.825618267059326,0.0
2.164235830307007,2.8910505771636963,0.0
1.7766048908233643,7.933655261993408,0.0
1.358567237854004,-0.6220765113830566,0.0
2.522830009460449,6.84147834777832,0.0
2.0098159313201904,5.3693037033081055,0.0
-0.8865289688110352,6.128515243530273,0.0
-0.06931452453136444,5.615786552429199,0.0
4.080658912658691,3.815073251724243,0.0
0.9901812076568604,6.720011234283447,2.1278090476989746
-0.7938554286956787,8.827425956726074,0.0
-0.8454853296279907,8.142316818237305,0.0
0.691698431968689,5.359665393829346,0.0
-1.8913581371307373,0.34649983048439026,0.0
-1.1901819705963135,10.220048904418945,1.6859427690505981
1.3663032054901123,7.241372585296631,1.7744708061218262
0.417627215385437,6.764507293701172,0.0
1.708505392074585,6.183974742889404,0.0
4.066781520843506,5.937443733215332,1.3182101249694824
1.2025939226150513,7.413774490356445,0.0
5.49335241317749,3.284503698348999,0.0
1.6202846765518188,7.3829026222229,0.0
-0.8730335831642151,6.210705280303955,0.0
-0.4080016613006592,7.058185577392578,0.0
1.7841448783874512,7.079126834869385,2.3807992935180664
5.582786560058594,3.8499915599823,0.0
0.7618417143821716,4.786780834197998,0.0
1.892317295074463,6.461489200592041,0.0
3.146042585372925,6.606783866882324,0.0
-0.5933147072792053,8.753939628601074,0.0
4.9422125816345215,6.594125747680664,0.0
1.9573217630386353,9.400420188903809,0.0
-0.4909467101097107,7.680821895599365,0.0
3.4907748699188232,6.7679901123046875,0.0
-0.1669909954071045,7.788751125335693,0.0
1.181370496749878,4.208529949188232,0.0
-3.378448724746704,9.187052726745605,0.0
3.2465054988861084,7.5585527420043945,0.0
-3.108920097351074,9.806854248046875,0.0
-0.2937750220298767,5.218797206878662,0.0
-0.017825812101364136,6.240577697753906,0.0
0.9075281023979187,2.40692138671875,0.0
0.8326515555381775,4.6843037605285645,0.0
3.2047340869903564,0.23464153707027435,0.0
3.240457534790039,5.775681495666504,0.0
-1.8969744443893433,0.29665127396583557,0.0
1.1411712169647217,7.408370494842529,0.0
1.4667032957077026,9.470294952392578,2.240691900253296
0.46975192427635193,3.415193557739258,0.0
3.1219775676727295,8.539590835571289,0.0
-0.4131157696247101,4.315354347229004,0.0
0.9361452460289001,5.88160514831543,0.0
3.622896194458008,4.786324501037598,0.0
-2.921673059463501,9.231816291809082,0.0
3.3124687671661377,6.155323505401611,0.0
-0.42389121651649475,6.027937889099121,0.0
1.3944506645202637,8.486896514892578,0.0
-2.0358359813690186,4.974933624267578,0.0
-0.13055066764354706,9.144940376281738,0.0
0.8607493042945862,8.656086921691895,0.0
-1.4921014308929443,6.814021110534668,0.0
1.8885201215744019,6.979919910430908,1.6938705444335938
4.554439544677734,6.59464693069458,2.149162530899048
1.3676955699920654,6.4726972579956055,0.0
-1.3498634099960327,9.955530166625977,1.7665846347808838
-0.8061922788619995,8.972209930419922,1.5033000707626343
2.001372814178467,9.413290023803711,0.0
-5.895543098449707,2.7037193775177,0.0
2.7100720405578613,8.059807777404785,1.3945255279541016
1.0203936100006104,5.90240478515625,0.0
-2.876265287399292,8.390880584716797,0.0
0.4948621094226837,5.335975646972656,0.0
-1.3441581726074219,10.155136108398438,0.0
4.515980243682861,5.7547926902771,0.0
-0.5008696913719177,3.314568281173706,0.0
-3.177324056625366,3.3451809883117676,0.0
-0.8045147657394409,6.3596343994140625,0.0
0.2609200179576874,8.179841995239258,0.0
1.45488703250885,8.992657661437988,0.0
-1.7167518138885498,8.164203643798828,0.0
3.498911142349243,6.303016185760498,0.0
0.5120269060134888,5.924450874328613,0.0
1.300114393234253,9.127223014831543,1.2558070421218872
1.2391959428787231,8.527952194213867,0.0
-3.0325310230255127,4.643115997314453,0.0
3.1777164936065674,6.538285732269287,0.0
2.5448975563049316,6.410285472869873,0.0
-1.0961785316467285,8.292044639587402,0.0
2.04736328125,8.038082122802734,0.0
3.8488595485687256,2.954111337661743,0.0
2.5462520122528076,8.232650756835938,0.0
2.778085231781006,7.253960132598877,0.0
-0.4617685079574585,9.441383361816406,1.2006696462631226
1.112632155418396,7.897058486938477,1.572411060333252
-0.9382942914962769,5.599979400634766,0.0
0.8498160243034363,7.155735492706299,0.0
0.882911741733551,8.548820495605469,0.0
3.711480140686035,2.2394487857818604,0.0
2.168797254562378,8.745458602905273,0.0
7.79848051071167,5.645769119262695,0.0
0.5158714652061462,7.483467102050781,0.0
4.171450614929199,5.861630439758301,1.4798142910003662
1.1900486946105957,9.57393741607666,1.9071611166000366
3.7389090061187744,6.164595127105713,1.6721101999282837
-1.1986258029937744,8.380550384521484,0.0
1.169571876525879,6.043859004974365,0.0
-2.2930123805999756,6.367459774017334,0.0
-3.7315521240234375,7.908496379852295,0.0
7.811305999755859,5.064433574676514,0.0
-0.8314521312713623,9.25502872467041,1.2856769561767578
3.064354419708252,6.727733612060547,0.0
1.5158941745758057,6.372437000274658,0.0
3.2377140522003174,8.479462623596191,0.0
1.6364061832427979,5.984496593475342,0.0
-0.23751088976860046,6.694102764129639,0.0
2.3568429946899414,8.22998332977295,0.0
1.9675240516662598,9.273932456970215,0.0
2.4559738636016846,7.32991886138916,0.0
4.639438152313232,6.459534168243408,0.0
2.6797733306884766,5.438361644744873,0.0
-0.4443017244338989,8.751227378845215,0.0
3.3148627281188965,6.054173469543457,0.0
1.8630478382110596,8.336874008178711,0.0
2.3229663372039795,8.60873794555664,0.0
4.479681491851807,5.855139255523682,1.2052342891693115
0.6171395182609558,6.922417640686035,0.0
-0.0330389179289341,10.107586860656738,1.429744005203247
0.9138264060020447,1.7838536500930786,0.0
-1.7295465469360352,8.55342960357666,2.2410671710968018
0.11803780496120453,10.045550346374512,0.0
2.802816867828369,7.080503463745117,1.5778801441192627
-2.0321545600891113,0.20949970185756683,0.0
0.7534865140914917,6.991865158081055,0.0
0.18343791365623474,8.071178436279297,0.0
2.514711380004883,8.430253982543945,2.0800981521606445
-3.061603546142578,5.293049335479736,0.0
1.5694628953933716,9.007697105407715,0.0
2.4744889736175537,8.417583465576172,0.0
-2.704700469970703,8.671859741210938,0.0
1.5193754434585571,7.981179237365723,2.478969097137451
-4.300380706787109,7.882126808166504,0.0
-0.2269783914089203,2.5295968055725098,0.0
2.2221882343292236,8.370068550109863,0.0
1.6463605165481567,0.07659059762954712,0.0
1.4747761487960815,7.542663097381592,0.0
4.37942361831665,5.315127372741699,0.0
-0.44367241859436035,8.653660774230957,0.0
1.7751284837722778,9.979061126708984,0.0
1.1006816625595093,7.518174171447754,0.0
2.8010244369506836,9.028742790222168,0.0
0.7417092323303223,6.1317362785339355,1.3965818881988525
2.1792452335357666,6.172140598297119,0.0
0.31227943301200867,9.450725555419922,0.0
0.6542742252349854,1.9037662744522095,0.0
2.999241828918457,4.413113594055176,0.0
-0.2897488474845886,9.957653045654297,0.0
-3.308030843734741,6.741025447845459,0.0
7.301159381866455,4.74462366104126,0.0
2.4195308685302734,3.6296279430389404,0.0
-0.14821317791938782,8.005349159240723,0.0
0.14554265141487122,7.617709159851074,0.0
-2.252051591873169,9.437920570373535,0.0
0.07012197375297546,7.4407639503479,1.8996317386627197
-0.10636541992425919,8.04188060760498,0.0
-4.492959499359131,7.049816131591797,0.0
0.11656157672405243,7.287026405334473,0.0
0.520969808101654,6.404392719268799,0.0
0.5341147780418396,6.224180698394775,0.0
1.8211883306503296,9.023536682128906,0.0
0.8162690997123718,8.03402042388916,0.0
-0.5599993467330933,3.896256685256958,0.0
2.291203737258911,5.896656513214111,0.0
2.0785467624664307,5.781363010406494,0.0
-0.37521809339523315,9.470972061157227,0.0
3.4776101112365723,7.20242977142334,0.0
2.3387303352355957,9.162944793701172,0.0
0.7132167220115662,7.55845832824707,0.0
-1.7804681062698364,9.29910659790039,1.7074122428894043
0.5433846712112427,-0.1704183965921402,0.0
0.02849130891263485,5.851538181304932,0.0
2.5911428928375244,8.739787101745605,0.0
0.9336960911750793,7.725729465484619,0.0
-0.999099850654602,9.804622650146484,0.0
-0.6232473850250244,7.325002670288086,0.0
-1.1001523733139038,7.1470770835876465,0.0
-0.14612749218940735,7.87800407409668,0.0
-1.0132012367248535,9.156889915466309,0.0
1.0832273960113525,7.286454677581787,1.6916992664337158
3.257370948791504,8.748583793640137,0.0
1.3044146299362183,4.223034858703613,0.0
-1.2377967834472656,4.3506669998168945,0.0
3.960529088973999,6.565282344818115,1.0467675924301147
-2.2892868518829346,8.646064758300781,0.0
2.07619047164917,7.173218250274658,0.0
-1.7185206413269043,7.2822723388671875,0.0
-0.4789513349533081,9.939048767089844,0.0
0.8696144819259644,9.635334014892578,0.0
1.4592565298080444,8.744686126708984,0.0
4.319784641265869,6.547012805938721,0.0
0.9582245945930481,7.666147708892822,0.0
-0.21649320423603058,7.472448348999023,0.0
-3.7201523780822754,8.5336275100708,0.0
-0.2507966458797455,8.229037284851074,0.0
1.5784451961517334,8.177042007446289,0.0
2.2490110397338867,4.47034215927124,0.0
-0.8466474413871765,9.769913673400879,0.0
0.5544329881668091,7.954399108886719,0.0
1.2930959463119507,8.8135347366333,0.0
4.141882419586182,5.276539325714111,0.0
2.4325411319732666,0.9922498464584351,0.0
-1.699029564857483,6.426602363586426,0.0
2.1021580696105957,7.040675163269043,0.0
-3.408231735229492,3.4367902278900146,0.0
2.612231492996216,0.5345611572265625,1.9013252258300781
2.1139421463012695,6.080764293670654,0.0
2.2236080169677734,8.809471130371094,0.0
1.6155011653900146,6.30573034286499,0.0
3.281545400619507,1.236148476600647,0.0
-0.03689683973789215,8.199323654174805,0.0
-1.0878512859344482,8.867002487182617,0.0
0.6206706762313843,8.282184600830078,0.0
0.3741125166416168,9.694875717163086,0.0
-1.6138839721679688,6.188427925109863,0.0
-2.468505382537842,9.291789054870605,0.0
1.445916771888733,6.872775077819824,0.0
1.8580094575881958,7.893907070159912,0.0
-0.7222054600715637,9.57709789276123,0.0
-1.8377574682235718,9.132354736328125,1.3090630769729614
-0.7537797093391418,7.512160778045654,0.0
-0.18208523094654083,10.009808540344238,0.0
0.32955554127693176,8.787127494812012,0.0
-1.8366928100585938,6.648855686187744,0.0
1.6009308099746704,6.6376543045043945,0.0
-1.539746642112732,8.6377534866333,0.0
-1.404553771018982,6.8896965980529785,0.0
7.677346706390381,3.2561447620391846,0.40808209776878357
-2.465257167816162,7.496416091918945,0.0
5.835862159729004,3.922248363494873,0.0
-1.0627996921539307,7.190828800201416,0.0
-3.4662530422210693,3.829423666000366,0.0
1.2837077379226685,9.112133979797363,0.0
-1.5070031881332397,5.10996675491333,0.0
-0.6275858283042908,6.966965675354004,0.0
0.540580153465271,9.164609909057617,0.0
4.388083457946777,4.881702423095703,1.5274038314819336
1.3009674549102783,5.620517730712891,0.0
-1.7736300230026245,7.310156345367432,0.0
3.0457746982574463,-0.426472544670105,0.0
-5.973296642303467,3.5174527168273926,0.0
0.758331298828125,4.240769386291504,0.0
4.948841571807861,2.694631576538086,0.0
3.0722615718841553,6.051065444946289,1.274428129196167
1.9861183166503906,9.276091575622559,0.0
2.7052669525146484,4.040106296539307,0.0
0.673934280872345,9.120173454284668,0.0
2.916924238204956,7.7529497146606445,0.0
-4.064074516296387,4.291634559631348,0.0
-0.6781827807426453,6.18049430847168,0.0
1.619308590888977,9.003307342529297,0.0
-1.196075201034546,4.266288757324219,0.0
1.9515327215194702,1.73573899269104,0.0
-0.8205175995826721,10.038567543029785,0.0
-0.09555825591087341,4.299633026123047,0.0
0.7330994009971619,9.511653900146484,0.0
1.0069831609725952,9.306211471557617,0.0
3.079529285430908,6.893505096435547,0.0
-3.114910364151001,9.139766693115234,1.5705981254577637
-1.5551401376724243,5.431412696838379,2.042117118835449
0.891949474811554,8.532698631286621,0.0
-0.24204857647418976,8.46428108215332,1.5930026769638062
2.0074448585510254,5.602537631988525,0.0
0.5643047094345093,8.652440071105957,0.0
-0.4229363799095154,4.3377766609191895,0.0
-3.675654411315918,6.2510881423950195,0.0
-0.3170652985572815,8.008644104003906,0.0
2.7987780570983887,7.925957202911377,0.0
3.4079864025115967,5.709480285644531,0.0
0.8040997385978699,9.17680549621582,0.0
1.3136364221572876,8.750977516174316,0.0
2.631592273712158,5.926904201507568,0.0
0.530505359172821,7.676319122314453,0.0
4.90189790725708,5.812530517578125,1.6979902982711792
4.626690864562988,3.7298712730407715,0.0
-0.8188175559043884,7.894134998321533,0.0
-0.12404154986143112,5.1745686531066895,0.0
1.1613181829452515,6.925455093383789,0.0
2.3201987743377686,8.03207778930664,0.0
1.3811131715774536,6.466475963592529,0.0
2.2317771911621094,5.4063615798950195,0.0
0.1844707876443863,5.963764190673828,0.0
2.9855356216430664,7.813485622406006,0.0
2.121199607849121,8.98248291015625,0.0
3.8462181091308594,6.211535930633545,1.4314382076263428
-2.254363775253296,7.468628406524658,0.0
2.5972049236297607,4.2928009033203125,0.0
-0.776679277420044,10.036673545837402,1.6916992664337158
0.19411583244800568,8.457606315612793,0.0
1.7699284553527832,6.116430282592773,0.0
8.585482597351074,2.9646522998809814,0.0
-0.8702817559242249,5.757724761962891,0.0
3.051050901412964,7.167966842651367,0.0
-0.4131714403629303,9.320990562438965,0.0
-1.890358805656433,9.466668128967285,0.0
-2.2015976905822754,8.065210342407227,1.4617385864257812
0.5103632807731628,4.641434669494629,0.0
-2.7970144748687744,9.92976188659668,0.0
0.49524131417274475,6.795501232147217,0.0
0.9445388913154602,7.167628765106201,0.0
0.0891762524843216,6.605507850646973,0.0
0.955531656742096,7.425232410430908,0.0
0.2669765055179596,8.633301734924316,0.0
3.685960292816162,0.615420937538147,0.0
4.2468085289001465,5.16513204574585,1.9045616388320923
2.0438075065612793,8.949226379394531,0.0
2.2545454502105713,7.54815673828125,0.0
1.3066922426223755,4.254920482635498,0.0
-2.9628520011901855,9.718748092651367,0.0
2.538348436355591,7.941720008850098,0.0
1.416982889175415,1.3398936986923218,0.0
-0.6365485787391663,10.093247413635254,2.6199326515197754
1.4324626922607422,7.780966281890869,0.0
2.0651118755340576,8.064824104309082,0.0
2.0648560523986816,8.393775939941406,2.0594308376312256
2.025996208190918,9.713031768798828,0.0
4.303836345672607,5.840865612030029,0.0
-3.7763917446136475,4.651907444000244,0.0
2.85011625289917,7.907288074493408,0.0
-0.1314818263053894,9.967537879943848,0.0
4.064833164215088,4.800622940063477,2.267787456512451
0.26139968633651733,9.290060043334961,0.0
-1.0976977348327637,5.706999778747559,0.0
1.7152212858200073,8.030153274536133,1.3156102895736694
-0.5910369157791138,7.721706390380859,0.0
-1.401878833770752,3.892301082611084,0.0
-3.173663854598999,9.507494926452637,0.0
2.124282121658325,7.0299506187438965,0.0
2.290839195251465,3.5122249126434326,0.0
1.54413640499115,8.57979679107666,0.0
7.381743907928467,5.5464277267456055,0.0
-1.2206077575683594,7.156847953796387,0.0
7.141731262207031,2.714085102081299,0.31888043880462646
-5.887033462524414,3.898317575454712,0.0
1.0800297260284424,7.666407108306885,2.5653185844421387
1.2503873109817505,9.503877639770508,0.0
0.786738395690918,7.577909469604492,0.0
-0.6644597053527832,8.315597534179688,0.0
0.06339576840400696,7.375658988952637,0.0
7.686376571655273,4.471957683563232,0.0
1.4597512483596802,5.830602645874023,0.0
-2.479961633682251,7.945437908172607,0.0
0.546334981918335,7.519114017486572,2.2866318225860596
3.102581024169922,1.0439454317092896,0.0
0.36484816670417786,9.118268013000488,0.0
-0.6447339653968811,9.127631187438965,0.0
0.005546663887798786,8.532946586608887,0.0
1.4601799249649048,5.856370449066162,0.0
0.2837083637714386,8.916683197021484,0.0
-2.3945229053497314,9.604403495788574,0.0
1.3636606931686401,9.66927433013916,0.0
3.4083704948425293,7.245678901672363,0.0
1.0859110355377197,6.3650970458984375,0.0
1.0384646654129028,7.472977638244629,0.0
7.082281589508057,1.3141074180603027,0.22966979444026947
-0.06722480803728104,6.913057804107666,0.0
-0.240275040268898,3.644404888153076,0.0
-1.6129233837127686,9.17520809173584,0.0
-0.25699618458747864,8.956120491027832,0.0
2.4931130409240723,6.792276382446289,0.0
2.3138463497161865,8.824423789978027,0.0
2.24588942527771,6.897188186645508,0.0
0.1031777486205101,0.11383680254220963,0.0
4.729506969451904,2.8327434062957764,0.0
0.22429904341697693,8.952181816101074,0.0
1.217037558555603,9.972078323364258,0.0
2.51674222946167,7.292025089263916,0.0
-2.3281779289245605,3.2627315521240234,0.0
1.8590635061264038,9.501007080078125,0.0
0.5179376006126404,4.666555404663086,1.891700029373169
1.0471770763397217,6.717251777648926,0.0
-0.03638942539691925,7.513617515563965,0.0
0.019987624138593674,4.458369255065918,0.0
0.1907464861869812,3.722053050994873,0.0
0.06998257339000702,7.541743278503418,0.0
2.608027458190918,8.727622985839844,0.0
-2.711007833480835,9.173294067382812,0.0
-0.6344648599624634,9.144376754760742,0.0
2.5008251667022705,8.748836517333984,0.0
-1.4517585039138794,3.4910049438476562,0.0
1.5244183540344238,8.392136573791504,2.746267080307007
-1.0177545547485352,9.694721221923828,0.0
1.2501602172851562,6.581496715545654,0.0
-1.0906552076339722,8.006144523620605,0.0
3.1380226612091064,6.630474090576172,0.0
2.1919753551483154,8.908445358276367,0.0
0.6404368877410889,7.586492538452148,0.0
2.7541990280151367,6.294145584106445,1.3340586423873901
1.4133081436157227,8.045491218566895,0.0
2.080449342727661,4.860868453979492,0.0
2.3080883026123047,9.314929008483887,0.0
7.557774543762207,2.695552349090576,0.0
2.2720799446105957,6.79494571685791,0.0
7.056449890136719,1.334252953529358,0.0
1.9410182237625122,5.704152584075928,0.0
-2.5589210987091064,8.380306243896484,0.0
-2.8301689624786377,9.469158172607422,0.0
1.7857029438018799,6.791324138641357,0.0
4.054631233215332,3.385929822921753,0.0
2.119762420654297,5.2374138832092285,0.0
7.166196346282959,4.8105340003967285,2.587773323059082
1.8265681266784668,7.522868633270264,0.0
-1.6325830221176147,10.23304557800293,0.0
-1.5632683038711548,10.142693519592285,0.0
1.795934796333313,5.933871746063232,0.0
1.194458246231079,6.924874305725098,0.0
2.240302801132202,7.027310848236084,0.0
-0.3354991674423218,6.664795875549316,0.0
-3.931835412979126,5.375061988830566,0.0
-1.6346420049667358,8.733561515808105,0.0
-0.5474374890327454,10.04944896697998,0.0
0.8348318338394165,8.006108283996582,0.0
1.4420169591903687,9.648619651794434,0.0
-0.4389079511165619,7.628981590270996,0.0
1.9583760499954224,8.153764724731445,0.0
1.8730019330978394,7.8298139572143555,0.0
-1.118544578552246,5.752910137176514,0.0
2.9378533363342285,7.481907367706299,0.0
3.622628688812256,7.113242149353027,0.0
-0.260695219039917,6.4930830001831055,0.0
1.8641715049743652,6.201219081878662,0.0
7.343733787536621,1.1313639879226685,0.7653849124908447
1.907273292541504,9.482053756713867,0.0
4.839101791381836,6.703491687774658,0.0
0.12002112716436386,3.736571788787842,0.0
2.780601739883423,6.672491550445557,0.0
-0.6829403042793274,8.438222885131836,0.0
-0.18385271728038788,6.229898929595947,0.0
3.1406309604644775,4.524195671081543,0.0
0.5201606750488281,4.066143989562988,0.0
1.4226380586624146,8.607796669006348,1.5195468664169312
-0.05129525065422058,8.344825744628906,0.0
-0.8621041774749756,7.484696388244629,0.0
4.582181930541992,3.100694179534912,0.0
1.737154483795166,8.476913452148438,0.0
6.498485565185547,2.2686309814453125,0.0
-1.869033694267273,9.639153480529785,0.0
-3.6485636234283447,8.913207054138184,0.0
0.7029082179069519,7.127994537353516,0.0
-0.21494337916374207,8.073177337646484,0.0
2.7906389236450195,7.210000514984131,2.29247784614563
1.503629207611084,6.991178512573242,0.0
3.1009068489074707,8.691742897033691,0.0
3.323451519012451,4.583512306213379,0.0
6.356022357940674,4.29849910736084,0.0
7.294806957244873,4.893569469451904,0.0
-0.7328152060508728,1.5497407913208008,0.0
-0.38848355412483215,7.031167030334473,0.0
2.261063814163208,3.1979007720947266,0.0
-0.09565647691488266,8.569427490234375,0.0
-3.204658269882202,5.968921184539795,0.0
-0.540576159954071,7.5507402420043945,0.0
1.7072919607162476,9.345537185668945,0.0
2.232077121734619,2.2471683025360107,0.0
2.3425354957580566,9.051132202148438,0.0
2.074016809463501,4.619276523590088,0.0
1.6677674055099487,7.37494421005249,0.0
1.3751691579818726,6.290034770965576,1.594252586364746
0.9172840118408203,7.972794055938721,0.0
-1.2233489751815796,6.5892653465271,0.0
-0.5401447415351868,9.153413772583008,1.4665935039520264
7.6208696365356445,3.896524667739868,0.0
1.257606029510498,8.64307689666748,0.0
-0.7949506640434265,6.801830768585205,0.0
1.978509545326233,6.029974460601807,0.0
-0.14036163687705994,4.4053192138671875,0.0
2.214677095413208,8.032456398010254,0.0
0.539531946182251,8.616416931152344,0.0
-0.5689256191253662,9.441428184509277,0.0
-2.8727736473083496,9.855953216552734,0.0
0.23959606885910034,6.940695762634277,0.0
-2.723048686981201,10.043700218200684,1.2661365270614624
-0.15026409924030304,7.803615093231201,0.0
0.2273411899805069,5.028675556182861,0.0
1.4935927391052246,7.389091491699219,0.0
0.7984582185745239,7.702763557434082,0.0
-3.13687801361084,8.60986614227295,0.0
2.381425142288208,7.105568885803223,0.0
0.5645298361778259,9.142641067504883,0.0
-0.1855723261833191,6.413355350494385,1.3287276029586792
0.6144191026687622,5.7278008460998535,0.0
2.960963487625122,7.91477108001709,0.0
2.7587997913360596,4.02766752243042,0.0
2.862086772918701,6.483733177185059,0.0
3.0270655155181885,5.5987348556518555,0.0
2.548068046569824,5.411752223968506,0.0
-4.185206413269043,7.593502044677734,1.5640926361083984
6.939703941345215,4.994819164276123,2.3745884895324707
2.230095863342285,6.260487079620361,1.7100043296813965
1.344467282295227,4.877042770385742,0.0
0.2683198153972626,7.834622383117676,0.0
0.8942938446998596,9.342256546020508,0.0
3.220031499862671,8.186345100402832,0.0
0.05777506157755852,9.041428565979004,0.0
3.2871479988098145,7.419198036193848,0.0
4.593186378479004,3.5401453971862793,0.0
-0.6278198957443237,9.507774353027344,1.981540560722351
5.16443395614624,6.493381977081299,1.098745584487915
-0.19768504798412323,8.077012062072754,0.0
1.2334727048873901,9.062183380126953,0.0
-2.0005807876586914,10.208422660827637,0.0
-1.2879257202148438,5.36965799331665,2.020251750946045
0.434262752532959,7.185746192932129,0.0
3.200319528579712,7.27209997177124,0.0
1.6489704847335815,7.23606014251709,0.0
2.397427797317505,7.127737998962402,1.5451501607894897
6.940521717071533,4.441616058349609,0.0
-2.8323919773101807,8.670995712280273,1.1491904258728027
-1.6056232452392578,7.038390636444092,0.0
0.9135616421699524,9.109034538269043,0.0
-4.563042163848877,4.475427627563477,0.0
-0.2272571623325348,6.094974994659424,0.0
3.938044548034668,6.577112674713135,0.0
2.32950496673584,7.17069149017334,1.8826706409454346
4.564965724945068,3.4981515407562256,0.0
-2.126854419708252,9.3900785446167,0.0
4.095618724822998,6.749959945678711,1.4714863300323486
6.632514476776123,2.9830732345581055,0.0
0.5739825367927551,8.267910957336426,0.0
6.3182373046875,4.478507995605469,0.0
2.579664468765259,9.016717910766602,0.0
2.254532814025879,6.622135639190674,0.0
0.18652993440628052,6.4168243408203125,0.0
3.4156739711761475,6.012600898742676,0.0
0.15376253426074982,6.882186412811279,0.0
7.709552764892578,4.911310195922852,0.0
-3.246015787124634,8.375770568847656,0.4074920117855072
-2.377304792404175,7.434677600860596,0.0
3.121849775314331,7.7857255935668945,0.0
2.7786865234375,5.797266483306885,0.0
4.2415385246276855,6.724091053009033,1.315211296081543
2.532663106918335,6.036929130554199,0.0
0.060213685035705566,6.745610237121582,0.0
0.990958034992218,4.14213228225708,0.0
-3.4800209999084473,9.166472434997559,0.0
4.290713310241699,6.208836555480957,0.0
1.796726107597351,7.418402194976807,0.0
1.2930101156234741,8.27366828918457,0.0
0.6515657305717468,6.385829448699951,0.0
-1.4559835195541382,8.905145645141602,1.589577555656433
3.3172500133514404,0.1777012199163437,0.0
0.8145201206207275,9.532561302185059,0.0
-0.3908390402793884,8.14645004272461,0.0
0.6710740327835083,8.972700119018555,0.0
0.5135598182678223,8.82962703704834,0.0
3.8877947330474854,5.249334335327148,2.4309659004211426
1.5363271236419678,8.894963264465332,0.0
0.4716411828994751,10.015880584716797,2.5212249755859375
-0.788824200630188,6.665823459625244,0.0
2.8781275749206543,4.965303421020508,0.0
3.4265472888946533,6.476386070251465,0.0
0.9575905799865723,6.070600986480713,0.0
1.6661807298660278,9.219674110412598,0.0
-4.362899303436279,8.09488296508789,0.0
1.8452343940734863,8.565620422363281,0.0
0.7732912302017212,9.631436347961426,0.0
-1.8320112228393555,3.7574336528778076,0.0
3.1124837398529053,8.405913352966309,0.0
-1.8519493341445923,9.39022445678711,0.0
1.989109992980957,6.904136657714844,1.478244423866272
3.0645580291748047,7.757934093475342,0.0
1.2965556383132935,4.442010879516602,0.0
-2.619943380355835,10.175042152404785,1.5162087678909302
4.80101203918457,3.0122604370117188,0.0
1.7858644723892212,8.06663990020752,0.0
1.8781697750091553,8.463902473449707,1.245137095451355
3.877026319503784,3.939664363861084,0.0
0.45266324281692505,7.8725266456604,0.0
-0.5832089185714722,6.711435794830322,0.0
0.16225183010101318,6.892597675323486,0.0
-2.894225597381592,8.760074615478516,0.0
3.110243558883667,8.644674301147461,0.0
-1.4230917692184448,6.1067681312561035,0.0
2.884336471557617,-1.3397681713104248,0.0
0.9277902245521545,6.25004768371582,0.0
-0.7457740902900696,5.126163005828857,0.0
0.9291651248931885,9.136292457580566,0.0
-2.3093173503875732,3.8759753704071045,0.0
-0.6749729514122009,5.675439834594727,0.0
0.5212559103965759,8.693598747253418,0.0
-2.9621102809906006,7.890895843505859,0.0
1.1733909845352173,4.71598482131958,0.0
-3.1619720458984375,9.187727928161621,0.0
3.0556557178497314,7.513656139373779,0.0
2.848903179168701,8.248677253723145,0.0
0.6807951927185059,5.527512550354004,0.0
1.6966373920440674,7.781721115112305,1.3945255279541016
-2.952937602996826,9.136134147644043,0.0
-1.5026315450668335,6.864088535308838,0.0
0.97927325963974,6.252641201019287,0.0
0.3723240792751312,4.850739479064941,2.457223415374756
-2.602008581161499,8.666827201843262,0.0
-3.4244964122772217,6.084448337554932,0.0
0.34269392490386963,6.976076602935791,0.0
0.6703023910522461,6.716536521911621,0.0
-1.126387357711792,7.282069683074951,0.0
0.18807795643806458,6.811155319213867,0.0
4.119816303253174,6.287766456604004,2.321107864379883
1.3094544410705566,7.873245716094971,0.0
-1.7638860940933228,3.0366311073303223,0.0
-0.763344407081604,9.388225555419922,0.0
0.3747040927410126,5.503249168395996,3.42819881439209
4.491933345794678,5.988490581512451,2.1526286602020264
2.8942978382110596,6.180324077606201,0.0
6.071564197540283,3.6198318004608154,0.0
3.0289595127105713,0.6193820834159851,0.0
2.486704111099243,7.196331024169922,0.0
6.880843639373779,4.192126750946045,0.0
1.887573480606079,7.47019624710083,1.1942152976989746
3.9296934604644775,2.7249834537506104,0.0
0.7366630434989929,6.080010414123535,0.0
2.008265733718872,2.8410074710845947,2.338693380355835
-0.10984569042921066,10.048360824584961,0.0
-0.3858190178871155,7.585503101348877,0.0
2.2910473346710205,-0.5755390524864197,1.5268393754959106
1.1235907077789307,8.284436225891113,0.0
0.006567021831870079,9.716493606567383,0.0
1.0434314012527466,10.121481895446777,0.0
2.326347589492798,7.5635833740234375,0.0
-4.307005882263184,3.7917640209198,0.0
2.7307960987091064,8.801653861999512,1.585243821144104
0.940239429473877,8.456070899963379,1.6292486190795898
1.8745499849319458,7.598900318145752,0.0
1.4305421113967896,7.674284934997559,0.0
2.1929638385772705,7.598567485809326,0.0
-3.7717010974884033,8.015235900878906,0.0
6.301628112792969,5.252408027648926,0.0
-1.0795475244522095,7.327311038970947,0.0
2.0929226875305176,4.793092250823975,0.0
1.9064000844955444,5.6443562507629395,0.0
3.0043528079986572,8.573542594909668,0.0
2.074669122695923,7.176440238952637,2.024233102798462
1.7727751731872559,6.60711145401001,0.0
2.5205612182617188,8.193384170532227,0.0
6.630400657653809,4.5391058921813965,0.0
-1.450855016708374,7.5046067237854,0.0
-1.5550819635391235,9.31600570678711,1.8693313598632812
2.220076084136963,5.00935697555542,0.0
1.070499062538147,7.658868789672852,0.0
1.770026683807373,9.307917594909668,0.0
-2.929635763168335,9.22904109954834,0.0
1.320454478263855,7.675126552581787,0.0
1.4243816137313843,6.284982681274414,0.0
2.0738580226898193,6.375551700592041,0.0
-0.9637354612350464,9.653964042663574,0.0
-0.5500002503395081,9.081162452697754,0.0
0.217170849442482,9.839665412902832,0.0
-0.3111375868320465,6.358702182769775,0.0
0.6320172548294067,7.156741619110107,0.0
0.6705869436264038,8.94639778137207,0.0
5.230978012084961,6.909795761108398,1.9438130855560303
-2.417945384979248,6.643110275268555,0.0
-0.4432269334793091,9.906370162963867,0.0
-1.2227646112442017,5.389071941375732,0.0
0.059682365506887436,9.730619430541992,0.0
1.208322525024414,0.4056336283683777,2.790583372116089
-1.0216717720031738,5.2406840324401855,0.0
-0.3131100535392761,7.482626438140869,1.9524528980255127
-3.2202565670013428,9.63754940032959,0.0
-1.6683932542800903,8.073464393615723,1.2908128499984741
2.738532304763794,8.434981346130371,0.0
1.8484498262405396,5.833436965942383,0.0
1.3268946409225464,5.45970344543457,0.0
-0.5557813048362732,9.736564636230469,0.0
-2.555535078048706,3.0038888454437256,0.0
6.613841533660889,4.882328510284424,0.0
-1.7145929336547852,9.93952465057373,1.2864348888397217
1.5779672861099243,8.204124450683594,0.0
2.63173770904541,0.1888686567544937,0.0
0.038558490574359894,9.166431427001953,0.0
-0.3534092307090759,8.25110149383545,1.82066810131073
0.4253898859024048,0.9301186203956604,0.0
-0.42548149824142456,9.90530014038086,0.0
1.4879953861236572,8.383460998535156,0.0
-3.596708297729492,4.31476354598999,2.348484992980957
-2.4809927940368652,9.57135009765625,0.0
-0.7998892664909363,10.277588844299316,0.0
2.2740983963012695,8.295695304870605,1.3794337511062622
0.8943461179733276,4.137125492095947,0.0
-3.726165533065796,3.799464225769043,0.0
1.795557975769043,9.153837203979492,0.0
0.8110840916633606,4.391359329223633,0.0
-1.2074724435806274,7.181981086730957,0.0
4.467480659484863,6.50736141204834,2.9725944995880127
2.0677011013031006,8.204582214355469,0.0
0.5210457444190979,6.136602878570557,0.0
-4.110611915588379,4.568923473358154,0.0
2.4934589862823486,3.524794340133667,0.0
-2.4193530082702637,6.543574810028076,0.0
-0.23962080478668213,5.584117412567139,0.0
0.6468478441238403,5.443174839019775,0.0
-0.435583233833313,8.574544906616211,0.0
9.294625282287598,3.2807223796844482,0.0
0.9773248434066772,7.4621782302856445,0.0
7.203770160675049,4.050965785980225,0.0
6.715025424957275,4.171783447265625,0.0
1.1405717134475708,6.879077434539795,0.0
0.6446071863174438,8.317523956298828,0.0
-1.8003956079483032,8.663670539855957,0.0
-1.2702157497406006,10.028643608093262,0.0
-1.7341562509536743,9.285077095031738,0.0
2.4879136085510254,3.9411323070526123,0.0
-1.7695153951644897,4.96641731262207,0.0
1.1581403017044067,7.936187744140625,0.0
-2.5586888790130615,6.412728786468506,0.0
-0.4443526566028595,6.660375595092773,0.0
3.6217143535614014,1.9401161670684814,0.0
3.1516025066375732,7.328132629394531,0.0
-0.058058712631464005,8.172683715820312,0.0
-0.11558020114898682,9.140074729919434,0.0
0.27911385893821716,9.30959415435791,0.0
-2.803043842315674,7.10369873046875,0.0
2.6791656017303467,6.89361572265625,0.0
2.7823517322540283,4.282066345214844,0.0
1.620647668838501,9.301353454589844,0.0
-0.5889030694961548,6.2134480476379395,0.0
6.870220184326172,2.1402759552001953,0.0
1.5581610202789307,4.4510602951049805,0.0
0.3949988782405853,7.992334365844727,0.0
-2.3994476795196533,9.570161819458008,1.2595903873443604
-2.652190685272217,9.245877265930176,0.0
2.8204338550567627,6.532691478729248,1.373457908630371
1.2579197883605957,3.392597198486328,0.0
0.005953396670520306,6.920164108276367,0.0
1.465491533279419,6.369877815246582,0.0
-2.151951551437378,2.893049955368042,0.0
-0.25055938959121704,9.896038055419922,0.0
7.187862396240234,1.2272497415542603,0.0
1.213286280632019,7.3667778968811035,0.0
-3.1992135047912598,9.819559097290039,0.0
-0.4321223497390747,6.327784061431885,1.5156540870666504
-0.6541948318481445,5.703444957733154,0.0
0.20989637076854706,5.716418266296387,0.0
0.9329999089241028,7.687053203582764,0.0
-0.3038986027240753,5.988827228546143,0.0
6.068021297454834,4.977998733520508,0.0
-1.2672559022903442,5.006049156188965,0.0
2.1553776264190674,5.74087381362915,0.0
3.486957311630249,5.376204490661621,0.0
1.8787915706634521,8.62045669555664,0.0
-0.5604872107505798,7.220404624938965,0.0
-2.667186975479126,9.565876960754395,0.0
0.712753176689148,8.971579551696777,0.0
-2.1461308002471924,9.320783615112305,0.0
-1.9913734197616577,8.524730682373047,1.5471848249435425
-2.933872699737549,3.1026864051818848,0.0
1.0891534090042114,7.986303329467773,0.0
3.127110719680786,8.261127471923828,0.0
0.6417127251625061,9.316240310668945,0.0
-0.5445637106895447,6.01775598526001,0.0
2.3596487045288086,5.58196496963501,0.0
-2.622328758239746,9.941709518432617,0.0
-2.0124027729034424,8.084159851074219,0.0
0.41279909014701843,5.443984508514404,0.0
1.0006295442581177,8.033477783203125,0.0
7.33418083190918,4.578732967376709,0.0
1.0874874591827393,6.919615268707275,0.0
-2.470106363296509,9.055901527404785,1.1204115152359009
-1.1184438467025757,7.69291353225708,0.0
1.0579042434692383,8.754990577697754,0.0
2.4335081577301025,5.354602813720703,0.0
-1.192108154296875,8.077545166015625,0.0
-0.23191550374031067,8.616972923278809,0.0
0.5347216725349426,5.210334300994873,1.7446093559265137
-3.1299922466278076,9.713164329528809,0.0
-0.3469086289405823,7.2099175453186035,0.0
0.7796337008476257,5.180447578430176,0.0
0.8459507822990417,9.18329906463623,0.0
-0.9913214445114136,5.629499435424805,0.0
0.4536695182323456,7.03715181350708,0.0
1.912094235420227,8.67346477508545,0.0
-0.6306023001670837,5.626208782196045,0.0
1.3362027406692505,2.0669753551483154,0.0
-0.5363893508911133,4.565271377563477,0.0
-0.02125820331275463,7.306494235992432,0.0
1.1868079900741577,7.72311544418335,0.0
-0.026391923427581787,5.385256767272949,0.0
3.3673882484436035,3.3406054973602295,0.0
1.383032202720642,7.957140922546387,0.0
1.356878399848938,9.545167922973633,1.2676016092300415
1.7020829916000366,8.258315086364746,1.3473925590515137
-0.319540798664093,8.779143333435059,0.0
0.50778728723526,9.38528060913086,0.0
0.1152898371219635,6.237809181213379,0.0
1.943711519241333,7.413277626037598,0.0
-0.7517788410186768,7.197701454162598,0.0
3.062746047973633,7.00329065322876,0.0
1.1096996068954468,7.161549091339111,0.0
-0.007124142721295357,6.7984514236450195,0.0
0.08392484486103058,3.322981357574463,0.0
1.8920241594314575,8.17070198059082,0.0
0.31315886974334717,8.355247497558594,0.0
-1.4733641147613525,9.594388008117676,0.0
0.46324285864830017,7.410709381103516,0.0
10.185514450073242,4.135530471801758,0.0
0.11075714975595474,6.75658655166626,0.0
-0.21042290329933167,7.653152942657471,0.0
9.965376853942871,4.842686176300049,0.0
3.9049456119537354,5.494149208068848,0.0
-2.0306806564331055,9.858434677124023,0.0
2.456716299057007,8.336446762084961,0.0
0.33139005303382874,8.194647789001465,0.0
2.1274263858795166,8.79148006439209,0.0
3.62153697013855,2.1802961826324463,0.0
7.326942443847656,3.659160614013672,0.0
0.5945829749107361,4.40455961227417,0.0
3.248025417327881,3.8954250812530518,0.0
2.9074082374572754,8.088847160339355,0.0
2.9978840351104736,6.478908538818359,0.0
2.6136951446533203,7.640573501586914,0.0
1.833642840385437,8.221613883972168,0.0
2.6639132499694824,8.34596061706543,0.0
-3.5800578594207764,9.300557136535645,0.0
1.9351707696914673,0.22593261301517487,0.0
-0.6041651964187622,5.861019611358643,0.0
2.1384940147399902,8.229482650756836,0.0
1.4557030200958252,5.514286041259766,0.0
-0.28371182084083557,5.871519088745117,0.0
6.773204803466797,2.073079824447632,1.727077841758728
0.6393535137176514,7.503654956817627,0.0
0.2977652847766876,7.536393642425537,0.0
0.827011227607727,7.485707759857178,1.149632215499878
-3.0381855964660645,9.730514526367188,0.0
2.1681740283966064,8.885763168334961,0.0
-1.083004355430603,4.033762454986572,0.0
0.19568000733852386,5.700989723205566,0.0
-3.044332265853882,9.724470138549805,1.4371603727340698
3.0371763706207275,7.18051815032959,1.2990890741348267
1.733729362487793,9.0407133102417,0.0
-0.17166221141815186,10.046293258666992,0.0
-2.4616549015045166,9.673924446105957,0.0
1.5456814765930176,7.996580600738525,2.1373136043548584
1.3434594869613647,7.329459190368652,0.0
2.6574087142944336,8.157803535461426,0.0
0.3311113119125366,7.829513072967529,0.0
-0.4919916093349457,8.124213218688965,0.0
0.15583756566047668,5.672521114349365,0.0
2.118448257446289,8.21701717376709,0.0
3.6486895084381104,4.272040367126465,0.0
7.377775192260742,4.262946128845215,0.0
3.500476837158203,5.959068775177002,0.0
3.9739391803741455,6.887063980102539,0.0
-1.091102957725525,6.984131336212158,0.0
-3.226790189743042,8.837874412536621,0.0
-1.5565556287765503,8.748664855957031,0.0
1.5415010452270508,5.902875900268555,0.0
1.3727182149887085,9.359922409057617,1.9431723356246948
2.251002550125122,6.70085334777832,0.0
2.286679983139038,3.6995697021484375,0.0
-1.3185714483261108,7.2000885009765625,1.5019420385360718
-0.18800413608551025,7.612624645233154,0.0
-1.450168490409851,7.969803333282471,0.0
3.8585000038146973,6.511608123779297,0.0
-4.816695213317871,4.495288372039795,0.0
1.5703150033950806,9.051309585571289,0.0
7.538116931915283,4.420877933502197,0.0
-1.1945704221725464,5.849192142486572,0.0
-1.62608802318573,6.862765312194824,0.0
0.6571722626686096,4.744076728820801,0.0
-3.399202585220337,6.739011287689209,0.0
-0.4060896039009094,8.511847496032715,0.0
-3.208158254623413,4.333803653717041,0.0
1.7445151805877686,5.027052879333496,0.0
-1.5484694242477417,9.794856071472168,1.9343849420547485
0.8131837248802185,7.621053218841553,0.0
7.2983784675598145,1.0810598134994507,0.19432507455348969
1.4437421560287476,8.095739364624023,0.0
-0.3036659359931946,8.93919849395752,0.0
-0.19750316441059113,9.176928520202637,0.0
-2.2501821517944336,8.983094215393066,1.9194687604904175
-3.7948861122131348,3.997138023376465,1.6585519313812256
3.976548910140991,6.497979164123535,0.0
-2.2594895362854004,1.83501398563385,0.0
1.1356350183486938,8.117693901062012,0.0
0.6383140683174133,4.532898902893066,0.0
2.0277445316314697,0.5453782677650452,0.0
1.4027423858642578,8.335102081298828,0.0
7.367612361907959,0.977128803730011,0.17882990837097168
1.888314127922058,7.889799118041992,1.8041579723358154
-0.5527064204216003,5.18096399307251,0.0
2.2365305423736572,6.56606388092041,0.0
-1.6999247074127197,8.453346252441406,1.7231117486953735
7.757986068725586,5.571133136749268,0.0
3.3297035694122314,3.590308904647827,2.2970240116119385
-0.46056869626045227,5.9596686363220215,0.0
1.7795336246490479,6.451453685760498,0.0
-1.3902555704116821,8.11584186553955,1.8836159706115723
1.108920931816101,8.662898063659668,2.8955812454223633
0.662428617477417,9.237890243530273,0.0
2.286466360092163,8.384530067443848,0.0
2.6193456649780273,3.198049545288086,0.0
0.6660487651824951,7.093326568603516,0.0
0.10528317838907242,8.69084644317627,0.0
-0.4561748802661896,7.798035621643066,0.0
0.9132282733917236,8.555971145629883,0.0
3.723299980163574,7.439720153808594,0.0
3.940323829650879,6.138501167297363,1.7611761093139648
4.723571300506592,6.731192111968994,0.0
1.9073889255523682,6.762155532836914,0.0
2.3455967903137207,5.1133928298950195,0.0
4.740499973297119,5.811156272888184,0.0
1.7178363800048828,-0.1451355218887329,0.0
1.5604026317596436,5.175589084625244,0.0
6.9884419441223145,2.8153271675109863,1.9921280145645142
0.43874773383140564,7.897377967834473,0.0
0.9230625629425049,8.845954895019531,0.0
0.2591642141342163,7.444229602813721,0.0
1.336511254310608,7.617539882659912,0.0
1.7249250411987305,4.714062690734863,0.0
1.852219820022583,7.233156681060791,0.0
2.0426483154296875,3.8326356410980225,0.0
4.245776653289795,6.817013263702393,2.1558852195739746
0.3419313132762909,8.124028205871582,0.0
1.8752778768539429,6.921950340270996,0.0
1.9042000770568848,9.266558647155762,0.0
3.465291738510132,4.236387252807617,1.6721101999282837
0.596427857875824,5.131876468658447,0.0
0.8937323093414307,4.500046253204346,0.0
3.4520998001098633,5.279603481292725,1.5616077184677124
4.922280788421631,5.281004905700684,0.0
0.8798614740371704,7.405289173126221,0.0
2.1773133277893066,3.086116313934326,0.0
8.447010040283203,4.411608695983887,0.0
8.80101203918457,4.50819730758667,1.6362062692642212
2.2575950622558594,8.62744426727295,0.0
2.451817274093628,2.1694345474243164,0.0
3.360675573348999,6.263806343078613,0.0
-0.2638739347457886,4.705836296081543,0.0
5.832272529602051,3.594268798828125,0.0
2.57722806930542,4.022371768951416,0.0
3.7648940086364746,4.141797065734863,1.8444805145263672
1.7677044868469238,4.753610610961914,0.9058591723442078
1.9649677276611328,6.199647903442383,0.0
4.275949001312256,5.248834133148193,0.0
3.904390811920166,5.560215473175049,0.0
2.418430805206299,5.49605131149292,1.714843988418579
4.374164581298828,5.462264537811279,1.7295682430267334
2.116563320159912,7.58833646774292,0.0
4.538329601287842,4.891292572021484,1.6633881330490112
3.1813571453094482,4.271359443664551,0.0
0.06196782737970352,2.493551254272461,2.5412795543670654
4.75769567489624,5.750134468078613,0.0
0.8720521926879883,4.674535751342773,0.0
0.027833616361021996,1.7899307012557983,0.0
1.4326508045196533,1.5591613054275513,0.0
4.478148460388184,6.171041488647461,1.6827257871627808
-2.105708599090576,4.7364501953125,0.0
4.485185146331787,6.615749359130859,1.7744708061218262
0.4603118896484375,0.21007473766803741,0.0
9.794225692749023,6.114057540893555,0.0
2.3673529624938965,7.518139362335205,0.0
1.0099656581878662,7.754800319671631,0.0
2.7124147415161133,5.070042610168457,0.0
1.272443413734436,8.09157943725586,0.0
1.7244644165039062,8.175942420959473,1.934511661529541
3.0370521545410156,7.086739540100098,0.0
2.7992258071899414,7.145978927612305,0.0
2.263153076171875,5.398684501647949,1.7793676853179932
2.0784072875976562,7.122261047363281,1.968179702758789
9.476460456848145,3.681152820587158,1.2753570079803467
-0.5716772079467773,4.7499542236328125,0.0
2.712493658065796,5.396342754364014,0.0
-4.327887058258057,3.027780294418335,0.0
2.1533315181732178,1.2237179279327393,0.0
2.696145534515381,7.072044849395752,0.0
4.508232116699219,6.218135833740234,0.0
4.104621887207031,5.767528533935547,0.0
-0.045466963201761246,7.8117876052856445,0.0
0.10104914009571075,3.032371997833252,0.0
7.863106727600098,5.665334224700928,0.0
3.017778158187866,8.118453979492188,0.0
6.316972732543945,2.9247334003448486,0.0
1.9793627262115479,4.373016834259033,2.5085158348083496
4.268111705780029,4.895726203918457,0.0
-0.7317723035812378,4.354238986968994,0.0
2.497208595275879,8.159680366516113,0.0
3.027029275894165,7.363839626312256,0.0
3.489051580429077,4.59318733215332,0.0
-3.1084115505218506,3.5098652839660645,0.0
0.8657471537590027,-0.5343296527862549,0.0
8.951290130615234,2.893387794494629,0.0
2.10487699508667,4.9126996994018555,0.0
3.7250304222106934,5.123024940490723,0.0
6.250621318817139,4.995718002319336,0.0
2.110761880874634,3.8661928176879883,0.0
1.8213998079299927,3.934480667114258,0.0
4.1121506690979,4.545891761779785,0.0
2.8072755336761475,7.530777454376221,0.0
1.1355087757110596,6.116252422332764,0.0
9.658042907714844,4.761490821838379,0.0
1.225036859512329,3.525315284729004,0.0
-0.9455472230911255,3.8221004009246826,0.0
2.4387552738189697,1.745519757270813,0.0
1.0368438959121704,7.695627689361572,0.0
1.7791098356246948,4.931756019592285,1.8580551147460938
3.5978381633758545,4.375868320465088,1.697868824005127
1.5700353384017944,3.6017117500305176,0.0
1.463975191116333,2.9504735469818115,0.0
2.1018381118774414,8.384798049926758,0.0
1.9143028259277344,9.068471908569336,0.0
-0.7972707152366638,-0.024210501462221146,0.0
3.9551923274993896,6.472097396850586,0.0
2.1283645629882812,7.394434452056885,0.0
3.4376413822174072,6.603702545166016,1.6249772310256958
-0.8070281744003296,4.184512138366699,0.0
2.8779687881469727,3.632453680038452,0.0
2.7103404998779297,-0.8502470254898071,0.0
1.1334408521652222,6.5487542152404785,0.0
3.859772205352783,6.319681167602539,0.0
2.2932827472686768,8.254495620727539,1.6136109828948975
0.7469112277030945,5.9979729652404785,0.0
3.5913093090057373,4.7343854904174805,2.5396649837493896
7.454221248626709,4.935695648193359,0.0
0.4188128411769867,8.340518951416016,0.0
4.814761638641357,5.45828914642334,3.137064218521118
9.387022018432617,3.7905492782592773,0.0
7.893007278442383,5.6142578125,0.0
0.6128222346305847,1.1058322191238403,0.0
4.180824279785156,2.109570026397705,0.0
0.1234423816204071,3.320675849914551,0.0
2.637939214706421,6.298883438110352,1.83778715133667
2.8082122802734375,4.806180000305176,0.0
1.9896631240844727,5.962385177612305,0.0
2.7214419841766357,7.1097822189331055,0.0
5.21882438659668,6.305608749389648,1.6873774528503418
6.876029014587402,3.9272496700286865,0.0
1.709680199623108,4.204758644104004,1.5580459833145142
2.6501340866088867,2.9675328731536865,0.0
2.37208890914917,7.464117527008057,0.0
-1.3129281997680664,6.879187107086182,0.0
1.597614049911499,4.554251194000244,0.0
-0.12197066843509674,1.2097361087799072,0.0
0.8486578464508057,7.877046585083008,0.0
-1.9101793766021729,3.9135074615478516,0.0
5.050408840179443,6.462775707244873,2.901522397994995
3.9159011840820312,5.744779109954834,1.9871325492858887
6.564379692077637,4.811076641082764,1.2923434972763062
3.3700053691864014,5.044200420379639,1.9022947549819946
6.733702659606934,2.8499233722686768,0.0
1.5500043630599976,7.531005382537842,0.0
1.2413755655288696,3.112300395965576,0.0
9.869399070739746,6.292779922485352,0.0
4.11441707611084,6.437556743621826,1.7295682430267334
0.5782901048660278,8.763761520385742,0.0
0.5672392845153809,7.51355504989624,0.0
7.18985652923584,1.2025865316390991,0.4172791838645935
4.279888153076172,4.122260570526123,1.4382622241973877
1.9060014486312866,6.902855396270752,0.0
2.531958818435669,7.986773490905762,0.0
0.8814149498939514,2.2749524116516113,0.0
2.9461162090301514,6.592288970947266,0.0
4.944460391998291,6.692725658416748,2.140286684036255
5.398113250732422,3.5926642417907715,0.0
2.944286584854126,4.898194313049316,2.6435725688934326
5.834239959716797,3.1074652671813965,0.0
0.8147363662719727,5.024445533752441,0.0
3.711062431335449,6.12360954284668,1.4142316579818726
1.6773277521133423,7.225909233093262,0.0
1.3127844333648682,5.347482204437256,0.0
3.0701301097869873,-0.052423831075429916,1.6194324493408203
9.302061080932617,3.3614253997802734,1.1849926710128784
2.419011354446411,2.6615865230560303,0.0
3.1615357398986816,2.136326789855957,0.0
1.4367659091949463,0.46640363335609436,0.0
0.9888853430747986,4.719714641571045,0.0
1.1035420894622803,4.101330280303955,0.0
1.5892657041549683,3.4371182918548584,0.0
-2.1397311687469482,4.393640041351318,0.0
1.854659914970398,4.299582004547119,0.0
8.748392105102539,3.491354465484619,1.403719186782837
-0.1665312945842743,9.214090347290039,0.0
1.2786723375320435,4.88053035736084,0.0
0.6765576004981995,3.899890899658203,0.0
9.345565795898438,3.9912798404693604,0.0
-0.731748640537262,2.260314702987671,2.237321138381958
1.6622051000595093,6.33349609375,0.0
3.5702707767486572,0.9700348973274231,0.0
3.0962870121002197,2.1898930072784424,0.0
9.740296363830566,3.8131802082061768,0.0
4.882635116577148,6.653625965118408,1.6332156658172607
1.8705071210861206,6.8826904296875,0.0
4.0840559005737305,7.8162431716918945,0.0
-0.7005296349525452,5.928237438201904,0.0
4.050558567047119,6.582054138183594,0.0
0.5161651968955994,5.992328643798828,0.0
4.00261116027832,5.537847995758057,1.8589690923690796
7.890736103057861,4.047191619873047,0.0
4.822327613830566,5.172585964202881,0.0
1.581617832183838,8.976140022277832,1.8167744874954224
2.305886745452881,3.308756113052368,0.0
2.867018699645996,7.946416854858398,1.7921762466430664
4.405096054077148,4.964168071746826,1.6062456369400024
3.2171812057495117,2.828139305114746,0.0
3.6948392391204834,3.770277738571167,1.6405497789382935
-1.8010796308517456,2.427402973175049,0.0
3.995535135269165,0.45934322476387024,0.0
0.6154196262359619,8.052931785583496,0.0
4.611273765563965,6.1129655838012695,0.0
7.312277317047119,2.6297385692596436,0.0
3.162954807281494,3.7551448345184326,0.0
2.2638328075408936,6.005519390106201,2.0129122734069824
3.7918708324432373,6.219816207885742,0.0
0.9572405219078064,7.780295372009277,0.0
1.966699481010437,3.9059746265411377,0.0
0.795992910861969,3.506812334060669,0.0
1.2824546098709106,7.660668849945068,0.0
2.7377777099609375,6.677004814147949,0.0
2.4613566398620605,6.873127460479736,0.0
1.4527475833892822,7.879859447479248,0.0
-0.07164166867733002,7.149080753326416,0.0
0.735848069190979,2.290104627609253,0.0
1.3638715744018555,-0.08840706944465637,0.0
1.7935786247253418,3.0147626399993896,0.0
2.896226644515991,5.728429317474365,0.0
5.161759376525879,6.379961967468262,2.4451136589050293
-0.900002658367157,5.9145660400390625,0.0
1.6514636278152466,5.776362419128418,0.0
2.1852376461029053,2.4107513427734375,0.0
1.549895167350769,4.785614013671875,0.0
3.036656618118286,4.17035436630249,1.1306778192520142
2.8048698902130127,3.4953744411468506,0.0
0.9592822194099426,3.058030843734741,0.0
0.8993583917617798,5.141912937164307,0.0
-1.786483645439148,2.455554723739624,0.0
2.780526876449585,7.681301116943359,0.0
-0.20829744637012482,3.857452154159546,0.0
2.2137320041656494,6.657119274139404,0.0
0.19304613769054413,0.6151356101036072,0.0
4.527835845947266,5.825554847717285,2.228400707244873
2.5439181327819824,0.041106026619672775,0.0
2.3419954776763916,4.114295959472656,0.0
5.323219299316406,4.275966644287109,1.4321657419204712
-1.1891283988952637,5.221889972686768,0.0
-3.3516793251037598,8.791045188903809,0.0
3.6301679611206055,5.653796672821045,1.9587042331695557
8.799189567565918,6.115252494812012,0.0
3.6673643589019775,5.407827854156494,1.9602751731872559
3.784045696258545,5.262699604034424,2.7123541831970215
0.3527710437774658,2.074162244796753,0.0
3.2197256088256836,2.3989174365997314,1.218157410621643
3.077425956726074,1.7355592250823975,0.0
0.021547432988882065,2.2795886993408203,0.0
3.91664981842041,6.181970119476318,0.0
1.5093780755996704,7.141204833984375,0.0
-2.0101318359375,6.807318210601807,1.6272737979888916
2.2156198024749756,3.4568750858306885,0.0
1.945010781288147,4.0417256355285645,0.0
-2.1228737831115723,2.408947467803955,0.0
4.547453880310059,6.69286584854126,2.170649528503418
1.217735767364502,7.249483585357666,0.0
-2.232933521270752,7.8181939125061035,2.663208246231079
3.017490863800049,4.941140174865723,0.0
0.31319037079811096,7.2963056564331055,0.0
2.4448933601379395,5.024991512298584,2.549942970275879
2.8963699340820312,-1.5443562269210815,0.0
0.9268667697906494,7.171468734741211,0.0
1.4573824405670166,6.256252765655518,0.0
2.8003227710723877,5.218113899230957,0.0
2.0002238750457764,5.234409809112549,0.0
-0.37548142671585083,1.558673620223999,0.0
3.176267385482788,4.736223220825195,1.143770456314087
3.4464058876037598,2.859358787536621,0.0
1.978070855140686,5.6102190017700195,1.9254496097564697
-2.813033103942871,2.91323184967041,0.0
4.633344650268555,6.676934719085693,1.6564898490905762
1.1256744861602783,0.5040591359138489,0.0
1.0464648008346558,4.946965217590332,0.0
8.988155364990234,3.077566385269165,0.0
2.2036776542663574,2.788184881210327,0.0
0.802667498588562,9.62723445892334,0.0
6.956404209136963,4.382342338562012,0.0
1.7633881568908691,7.95379114151001,0.0
2.701474189758301,8.639762878417969,0.0
2.3038997650146484,5.583367824554443,0.0
0.046135999262332916,2.533054828643799,0.0
1.7358254194259644,0.8122367262840271,0.0
1.3049077987670898,2.1053593158721924,0.0
3.0118393898010254,3.625518560409546,0.0
4.2143659591674805,3.5038673877716064,0.0
1.422291874885559,6.01214075088501,0.0
1.9069085121154785,4.305143356323242,0.0
0.026706499978899956,5.16834020614624,0.0
-2.544487953186035,4.308526039123535,0.0
-3.389108657836914,3.5847084522247314,0.0
4.5993757247924805,6.274232864379883,0.0
0.9907779097557068,2.759251356124878,0.0
4.000483512878418,7.649791717529297,0.0
2.929567575454712,8.273052215576172,0.0
2.0630006790161133,6.489786148071289,0.0
3.0321879386901855,5.69840669631958,0.0
4.309080123901367,4.049652576446533,1.5271215438842773
-1.9090218544006348,7.935542583465576,2.140617847442627
3.625868558883667,6.946102142333984,0.0
3.2785539627075195,2.3958423137664795,0.0
4.956645965576172,5.602169513702393,2.1590421199798584
6.069633960723877,3.3114395141601562,1.9929485321044922
-3.766838550567627,4.544032573699951,0.0
6.769475936889648,3.523960590362549,0.0
3.778761386871338,6.835513114929199,2.040804862976074
2.8404221534729004,6.684028148651123,1.535929799079895
1.4125056266784668,6.074222087860107,0.0
9.555444717407227,6.161630153656006,1.7942638397216797
-1.04618501663208,4.767184734344482,0.0
0.5609222054481506,2.9739952087402344,0.0
0.37303027510643005,8.064476013183594,0.0
0.8463976979255676,5.299463748931885,0.0
2.2051258087158203,5.396669387817383,0.0
3.971328020095825,4.116894721984863,0.0
1.1454412937164307,6.35443639755249,0.0
4.885640621185303,6.378909111022949,1.7272826433181763
2.761650562286377,5.426846981048584,0.0
2.6917459964752197,4.160869121551514,0.0
0.7557851076126099,4.200082302093506,0.0
3.1621320247650146,4.2604193687438965,0.0
2.824505567550659,7.834014892578125,0.0
0.16796225309371948,8.806031227111816,0.0
5.216816425323486,3.5217742919921875,0.0
1.6725519895553589,8.503893852233887,2.3643391132354736
0.9594701528549194,6.6835103034973145,0.0
0.44461381435394287,6.179160118103027,2.64844012260437
0.08748072385787964,6.200584411621094,0.0
-0.014397325925529003,4.018993377685547,0.0
0.05470217764377594,2.422940492630005,0.0
1.6294233798980713,7.511555194854736,0.0
6.724592685699463,2.82368540763855,0.0
0.9070819616317749,9.340566635131836,0.0
1.4494386911392212,4.82597541809082,0.0
-1.8343446254730225,9.13514518737793,0.0
2.976386308670044,5.344699859619141,0.0
-1.1296777725219727,7.687134265899658,0.0
2.4735751152038574,7.738173007965088,1.7575931549072266
0.3408450782299042,4.424242973327637,0.0
1.9395238161087036,-0.8786239624023438,0.0
-1.765958309173584,8.201683044433594,0.0
3.7411210536956787,5.818116188049316,1.8686360120773315
0.1435108482837677,8.531379699707031,0.0
3.343032121658325,7.6124587059021,0.0
2.753633499145508,8.051496505737305,0.0
-0.6268328428268433,8.530089378356934,0.0
4.619344234466553,6.8383469581604,0.0
-0.30206364393234253,9.010103225708008,0.0
-0.32030189037323,3.672502279281616,0.0
6.3823370933532715,3.6180968284606934,0.0
3.3145673274993896,5.841634273529053,1.889312982559204
-4.440213203430176,3.4466707706451416,0.0
1.4348764419555664,6.3589186668396,0.0
-0.523579478263855,3.874237537384033,2.759098768234253
1.9889905452728271,6.345944881439209,2.004530429840088
-1.2206264734268188,5.943007469177246,0.0
-2.642629861831665,3.7032887935638428,0.0
9.055079460144043,3.5928902626037598,0.0
-1.9257138967514038,9.713650703430176,1.3281155824661255
2.47868013381958,8.529485702514648,0.0
4.479735851287842,6.887490272521973,2.381690263748169
0.7162614464759827,9.13031005859375,0.0
0.23498328030109406,8.795453071594238,0.0
-1.884070634841919,10.14491081237793,0.0
-1.7753020524978638,5.851659774780273,1.3677595853805542
0.048668503761291504,7.932439804077148,0.0
-0.4142165184020996,7.25470495223999,1.4470241069793701
-1.002581238746643,6.585411071777344,0.0
0.8411538004875183,7.037775993347168,0.0
-0.3590179979801178,6.80742073059082,0.0
1.2881337404251099,5.2767462730407715,0.0
2.2456490993499756,8.029030799865723,0.0
0.6205519437789917,7.6707844734191895,1.7219784259796143
0.6937863230705261,6.450254917144775,0.0
2.7982518672943115,7.881783485412598,0.0
7.523908615112305,3.6097052097320557,0.0
-0.37684157490730286,3.4538683891296387,0.0
-0.5197058916091919,9.550458908081055,0.0
9.70738697052002,3.9914495944976807,0.0
3.3763270378112793,3.7052783966064453,0.0
0.9290439486503601,8.23499584197998,1.815912127494812
0.6609156727790833,9.328747749328613,0.0
0.9713135361671448,7.546962261199951,2.820504665374756
-2.025479793548584,2.887343168258667,0.0
4.725827693939209,6.477343559265137,2.5897254943847656
2.420799493789673,6.943206787109375,0.0
3.613248109817505,5.927717208862305,1.7004252672195435
9.625178337097168,3.9067282676696777,1.1160447597503662
-1.1889543533325195,4.147759437561035,0.0
0.9013752937316895,5.655325889587402,0.0
3.600538492202759,6.688168525695801,0.0
3.8199734687805176,5.4593634605407715,0.0
-0.7340280413627625,7.7178521156311035,0.0
-0.8474218249320984,7.104812145233154,1.6262885332107544
0.7133988738059998,5.814600467681885,0.0
-0.8914915919303894,5.220755577087402,0.0
-0.5362361073493958,3.2626893520355225,0.0
0.22533278167247772,9.314979553222656,0.0
3.7283968925476074,6.236047744750977,2.736764430999756
-1.0961496829986572,6.687427043914795,0.0
1.2422906160354614,7.238368988037109,1.5437008142471313
3.169862747192383,4.8357253074646,0.0
2.9854676723480225,-0.6189520359039307,0.0
-0.027571506798267365,2.793170928955078,0.0
2.9869160652160645,7.701998233795166,0.0
-0.24049824476242065,3.297783613204956,0.0
4.847709655761719,5.545319080352783,2.368131160736084
2.494253635406494,5.275084972381592,0.0
1.6415334939956665,4.759821891784668,0.0
0.6908375024795532,9.007542610168457,0.0
2.133972406387329,5.52004337310791,0.0
1.0789135694503784,3.744671106338501,0.0
-1.4258711338043213,3.981837034225464,0.0
-2.064514398574829,8.086456298828125,0.0
-0.11447737365961075,8.736523628234863,0.0
-2.761049509048462,3.290454149246216,0.0
4.121849060058594,6.315024375915527,2.2097666263580322
1.624449372291565,6.320044040679932,0.0
3.8409037590026855,7.087795257568359,0.9891335964202881
-0.4475926458835602,6.98452615737915,0.0
1.2106707096099854,6.508427143096924,0.0
0.6445348262786865,7.485035419464111,0.0
1.5500617027282715,3.6339383125305176,0.0
0.3373895585536957,9.353288650512695,0.0
0.10711749643087387,9.41871452331543,0.0
0.6440626382827759,5.622232913970947,2.1245579719543457
-0.47452178597450256,6.012925148010254,0.0
5.089328289031982,6.4503092765808105,2.1576876640319824
-3.583195686340332,4.8540239334106445,0.0
-0.6983854174613953,1.784340500831604,0.0
-2.3144991397857666,2.5693230628967285,0.0
0.9186785221099854,2.172269344329834,0.0
2.3711929321289062,3.005728006362915,0.0
2.8852615356445312,4.181562423706055,0.0
1.1010046005249023,7.752667427062988,0.0
3.701747417449951,6.385228633880615,1.8353482484817505
0.1713680624961853,9.451272964477539,0.0
0.4199599623680115,3.9653286933898926,0.0
1.506531000137329,3.669625997543335,0.0
3.1410152912139893,6.867378234863281,1.8086233139038086
-0.16173218190670013,7.863039016723633,0.0
-0.6442322134971619,7.163156032562256,0.0
0.6285151243209839,6.655319690704346,0.0
0.22596976161003113,4.26282262802124,0.0
4.561233043670654,6.73386287689209,1.5229023694992065
6.699974536895752,3.7626454830169678,1.7769150733947754
0.014035261236131191,8.413322448730469,0.0
3.424565076828003,4.354963302612305,0.0
7.378317832946777,4.304283142089844,0.0
-0.4237130880355835,3.3021998405456543,0.0
9.21004581451416,4.49525785446167,1.723489761352539
1.1407055854797363,7.893613815307617,0.0
-0.6516209244728088,9.116655349731445,0.0
0.9475652575492859,4.4525041580200195,0.0
-0.44785988330841064,10.186554908752441,0.0
-0.995478630065918,1.3690465688705444,0.0
0.84708571434021,5.980318546295166,0.0
-0.6723077893257141,5.725377559661865,0.0
8.684009552001953,5.042569637298584,0.0
0.8841901421546936,6.112550258636475,0.0
-0.06964340806007385,7.707586288452148,0.0
1.3910701274871826,4.590126991271973,2.6847805976867676
-0.6237313151359558,7.661209583282471,0.0
-0.46522849798202515,4.497577667236328,0.0
2.383829116821289,7.927476406097412,0.0
-0.8667687177658081,5.906070232391357,0.0
3.3444690704345703,6.786283016204834,1.4842839241027832
0.4609670341014862,6.641959190368652,0.0
-0.2965881824493408,4.054419040679932,0.0
-3.2270970344543457,3.2716712951660156,0.0
1.845431923866272,2.855468273162842,0.0
2.8342063426971436,8.68288516998291,0.0
0.9408221244812012,4.9980645179748535,0.0
3.591965675354004,0.46725624799728394,0.0
0.13590824604034424,6.562397480010986,0.0
5.305598735809326,7.134066104888916,1.772845983505249
0.9592679142951965,3.8132681846618652,0.0
7.575493335723877,4.200404644012451,1.2655880451202393
4.3058247566223145,2.818169116973877,0.0
4.480487823486328,6.568421363830566,1.701523780822754
0.18566569685935974,4.664651393890381,0.0
-0.8224127888679504,7.776436805725098,0.0
0.13927017152309418,8.494558334350586,0.0
5.642539024353027,3.4509270191192627,0.0
4.444059371948242,2.8361339569091797,1.2802120447158813
3.8840489387512207,3.2415683269500732,0.0
-0.8993192315101624,4.73543643951416,0.0
-2.2284116744995117,4.1446332931518555,0.0
-3.4736905097961426,4.606629848480225,0.0
3.0963151454925537,6.548896789550781,1.609118103981018
-1.2235119342803955,6.894403457641602,0.0
1.6944044828414917,7.663154125213623,1.4774608612060547
0.20557765662670135,7.947707653045654,0.0
3.1857893466949463,3.9638617038726807,0.0
0.7412074208259583,7.194841384887695,1.412819504737854
1.1794192790985107,9.484016418457031,0.0
1.0283616781234741,5.436710834503174,0.0
4.008759021759033,7.380388259887695,1.214980959892273
-0.9345784187316895,5.039700031280518,0.0
1.8646811246871948,8.353608131408691,0.0
2.5053787231445312,4.34605073928833,2.3190393447875977
1.6960688829421997,8.521997451782227,1.6985981464385986
2.2775585651397705,8.510237693786621,0.0
5.801476955413818,3.6945393085479736,0.0
2.951996088027954,4.599087715148926,0.0
1.4237892627716064,7.455109596252441,0.0
1.1972086429595947,7.300431728363037,0.0
1.6163780689239502,7.184274196624756,0.0
-0.16177009046077728,9.275527954101562,0.0
1.0487282276153564,7.964256763458252,1.9629008769989014
-3.6133768558502197,3.740575075149536,0.0
2.4390175342559814,3.716944932937622,0.0
8.388404846191406,5.952548980712891,2.079179048538208
2.9118306636810303,5.099801063537598,2.296219825744629
-1.742447853088379,10.282511711120605,1.4292607307434082
2.4042646884918213,5.611602783203125,1.6197571754455566
3.230712652206421,6.075248718261719,0.0
-0.3156697452068329,9.833059310913086,0.0
2.9082722663879395,8.624009132385254,0.0
-1.2141984701156616,8.398082733154297,0.9585742354393005
4.315063953399658,5.175177097320557,0.0
2.4960827827453613,7.669160842895508,0.0
-0.08356553316116333,5.602487564086914,0.0
1.652705192565918,8.23719596862793,0.0
1.6955692768096924,7.118253231048584,0.0
1.2421393394470215,9.349207878112793,0.0
0.9298659563064575,10.017020225524902,1.6152229309082031
1.7718842029571533,9.336281776428223,0.0
-0.832676112651825,6.491028308868408,0.0
-1.2549844980239868,2.194385051727295,0.0
-0.15083281695842743,9.467220306396484,0.0
1.3175545930862427,-1.1327297687530518,0.0
2.0573856830596924,3.7879645824432373,1.3924760818481445
-2.0560669898986816,4.216546535491943,0.0
2.041299819946289,7.820406913757324,0.0
1.237622857093811,4.247593879699707,0.0
3.160529136657715,8.69467830657959,0.0
-0.9272077083587646,8.860027313232422,0.0
1.8369135856628418,6.687475204467773,1.8993901014328003
4.129411697387695,5.00971794128418,0.0
1.4300254583358765,6.636462211608887,0.0
-0.3743119239807129,2.9547688961029053,0.0
0.7510835528373718,8.365396499633789,0.0
-1.1993199586868286,8.080400466918945,0.0
0.46003487706184387,4.8730058670043945,0.0
-4.118259429931641,4.606310844421387,0.0
1.688600778579712,8.829696655273438,0.0
2.5095252990722656,6.934087753295898,0.0
2.8561975955963135,7.9737749099731445,1.6609656810760498
4.940763473510742,6.621752738952637,1.3725776672363281
-0.9533261656761169,7.303106784820557,0.0
2.911914587020874,6.8689446449279785,0.0
0.42176759243011475,7.775506019592285,0.0
0.26827266812324524,7.129400730133057,0.0
0.07874142378568649,7.574847221374512,2.103642463684082
-2.181568145751953,6.518649101257324,0.0
-1.0992181301116943,3.1488752365112305,0.0
2.3481690883636475,8.333230018615723,0.0
9.927956581115723,5.365455150604248,0.0
0.7282052040100098,6.743368148803711,1.9234505891799927
0.6794055104255676,6.240637302398682,0.0
1.2225385904312134,6.531182289123535,0.0
-0.2859457731246948,6.894532203674316,0.0
3.649184226989746,7.342080116271973,0.0
-1.4784069061279297,4.39344596862793,0.0
7.478428363800049,2.6179497241973877,0.0
0.16860747337341309,8.60419750213623,0.0
-0.19962701201438904,3.857621192932129,0.0
0.543961763381958,7.879896640777588,0.0
3.931898832321167,6.876441478729248,0.0
4.769429683685303,4.227021217346191,0.0
2.9516234397888184,8.464136123657227,0.0
1.614423394203186,9.048458099365234,0.0
1.8958888053894043,5.130616188049316,0.0
3.2706527709960938,3.4217567443847656,0.0
3.065173625946045,8.174324035644531,0.0
4.681656360626221,2.845553159713745,0.0
0.6968598365783691,1.3729221820831299,0.0
1.8440521955490112,6.490792751312256,0.0
2.945946455001831,3.9364466667175293,0.0
3.4381163120269775,7.817154407501221,1.7022571563720703
-0.2168894112110138,8.741272926330566,0.0
3.3865392208099365,7.913454532623291,0.0
4.4858293533325195,6.059574127197266,2.013474464416504
3.221620559692383,5.732013702392578,1.7934281826019287
-2.685549259185791,10.537027359008789,0.0
-0.3012252151966095,8.563212394714355,0.0
3.083930253982544,6.153604984283447,2.2395668029785156
0.2161799669265747,5.647989749908447,0.0
2.659385919570923,8.11173152923584,0.0
0.07784415781497955,6.9914469718933105,0.0
2.5105180740356445,4.869938850402832,0.0
4.210365295410156,5.21205997467041,1.5911321640014648
1.846020221710205,4.894907474517822,1.7077820301055908
-0.9319834113121033,9.285293579101562,0.0
4.673102855682373,6.421651840209961,2.6478302478790283
2.1708083152770996,3.0642616748809814,0.0
3.6404123306274414,5.277515411376953,1.0951576232910156
0.9999017715454102,7.875881195068359,1.8566862344741821
5.267161846160889,7.063597679138184,1.498694658279419
0.27928608655929565,8.028732299804688,0.0
1.007910966873169,7.883968830108643,0.0
2.1623151302337646,3.373340606689453,0.0
1.475966215133667,7.895301818847656,0.0
-1.2926619052886963,2.5386617183685303,0.0
3.9783785343170166,5.704688549041748,0.0
2.3704705238342285,4.580272674560547,1.6375397443771362
-1.5526738166809082,2.936311960220337,0.0
1.1859140396118164,4.534684658050537,0.0
-1.3899331092834473,8.645424842834473,0.0
1.6036103963851929,5.529138565063477,2.0409507751464844
1.676620364189148,8.008562088012695,2.2181167602539062
2.160903215408325,5.723733425140381,2.4203150272369385
1.0089342594146729,6.469606876373291,0.0
3.208219051361084,4.8338704109191895,1.4189629554748535
3.2110912799835205,4.825379371643066,2.7808775901794434
-1.0120251178741455,9.220515251159668,0.9311854243278503
-4.5061774253845215,4.83904504776001,0.0
-1.3217369318008423,2.00166654586792,0.0
2.757218360900879,4.406612873077393,0.0
1.912095546722412,8.524471282958984,0.0
0.6363110542297363,4.1490044593811035,0.0
-2.5236849784851074,8.428319931030273,0.0
3.5689537525177,4.7926435470581055,0.0
2.441455364227295,6.250061988830566,0.0
-0.27786630392074585,9.242903709411621,0.0
1.7220381498336792,7.310937404632568,0.0
1.126870036125183,9.285883903503418,0.0
3.0513086318969727,8.744579315185547,1.6466102600097656
3.855642795562744,6.762310028076172,1.7736579179763794
-0.676523745059967,4.50953483581543,0.0
1.8042755126953125,8.758244514465332,1.4549039602279663
-1.6343739032745361,2.4807181358337402,0.0
9.059536933898926,5.932937145233154,0.0
3.2414968013763428,5.7918171882629395,1.414939045906067
4.075353145599365,7.241184711456299,0.0
1.5157878398895264,3.448767900466919,1.889312982559204
0.4359017312526703,8.237754821777344,0.0
-0.9294446110725403,6.295641899108887,0.0
0.10858254134654999,0.032980725169181824,0.0
-0.5501209497451782,7.920125961303711,0.0
-1.1850051879882812,8.134713172912598,0.0
-0.19426649808883667,5.1463236808776855,0.0
3.9317705631256104,6.6388421058654785,0.0
0.7307936549186707,6.7485880851745605,1.9194687604904175
2.840428113937378,6.567173480987549,0.0
3.762155771255493,6.52121114730835,2.59462571144104
-1.4335851669311523,1.9981006383895874,0.0
-0.6897364854812622,4.5206804275512695,0.0
9.59579086303711,4.082240581512451,1.3041521310806274
-2.569901704788208,3.290940999984741,0.0
2.409524440765381,7.775679111480713,0.0
-2.348717212677002,2.332357406616211,0.0
4.252335071563721,7.123200416564941,0.0
3.0243706703186035,7.5164103507995605,1.7718323469161987
8.648849487304688,5.808046340942383,0.0
1.2922165393829346,4.772802829742432,0.0
3.430779457092285,6.884246349334717,0.0
-2.632323980331421,1.7115973234176636,0.0
1.362032413482666,6.550321578979492,0.0
1.688632607460022,6.912684440612793,2.3523483276367188
-2.2659831047058105,9.460905075073242,0.0
-0.4013078212738037,1.5225476026535034,0.0
3.8997418880462646,5.665014266967773,0.0
0.11695929616689682,8.027800559997559,0.0
-2.1446478366851807,8.15839958190918,0.0
2.973088026046753,2.4666593074798584,2.317800521850586
-1.5477027893066406,9.163763046264648,0.0
-2.489407539367676,6.934228420257568,0.0
-0.657187283039093,7.01143217086792,0.0
3.2817223072052,6.55695104598999,1.5995910167694092
1.5158114433288574,5.383090496063232,0.0
0.0677424743771553,6.864632606506348,1.4856045246124268
1.3685778379440308,6.826263427734375,0.0
8.3059663772583,4.566233158111572,0.0
-1.7865065336227417,8.69705867767334,0.0
1.7524514198303223,7.016306400299072,0.0
3.2059476375579834,6.21775484085083,1.9406147003173828
-0.7363808751106262,1.234675645828247,0.0
-1.9296104907989502,3.238067388534546,0.0
2.4594950675964355,8.87690544128418,0.0
8.779860496520996,3.0760488510131836,0.0
-0.610224723815918,5.460040092468262,0.0
2.121846914291382,7.238333225250244,0.0
3.036567449569702,6.301246166229248,0.0
0.05171777307987213,9.027629852294922,0.0
3.186253309249878,5.851544380187988,0.0
2.0580670833587646,5.409078121185303,1.5742290019989014
2.7722158432006836,7.042964458465576,0.0
-0.8690058588981628,7.267007827758789,0.0
2.682403326034546,6.723524570465088,1.6207329034805298
1.197264313697815,8.835906982421875,0.0
2.7468183040618896,4.47088098526001,0.0
-1.7702054977416992,0.2444061040878296,0.0
-2.422473192214966,8.675239562988281,0.0
10.119582176208496,4.557918548583984,0.0
3.6319806575775146,5.3152031898498535,2.2748031616210938
-2.135610580444336,5.136507987976074,0.0
-1.7433124780654907,8.130866050720215,0.0
1.1297991275787354,7.51143741607666,0.0
3.7515358924865723,5.087413311004639,1.4607213735580444
1.0528693199157715,6.89509391784668,0.0
-0.867922842502594,3.3965351581573486,0.0
3.020205020904541,3.751703977584839,0.0
0.03299090266227722,3.9415388107299805,0.0
2.8687257766723633,8.467782020568848,0.0
0.9820914268493652,6.378414154052734,0.0
-1.740702748298645,8.71960163116455,0.0
0.061806872487068176,6.908979892730713,0.0
0.8006804585456848,6.403303146362305,0.0
-3.2598915100097656,4.38712739944458,0.0
4.037954807281494,4.901210308074951,2.6210155487060547
0.9264691472053528,4.305796146392822,0.0
8.291826248168945,5.303539276123047,0.0
2.785335063934326,8.44449234008789,0.0
2.7362523078918457,6.851061820983887,0.0
3.514925003051758,5.894705295562744,0.0
1.590522289276123,7.38425350189209,0.0
0.27752968668937683,4.390503883361816,0.0
-2.686744213104248,2.2644965648651123,0.0
2.0976316928863525,7.925127983093262,0.0
1.1542353630065918,4.996030330657959,0.0
2.590575933456421,7.671182155609131,0.0
0.22802706062793732,7.513956069946289,0.0
-3.1837241649627686,5.253095626831055,0.0
3.6626410484313965,2.11191463470459,2.4680263996124268
-0.4661947786808014,9.597899436950684,0.0
-3.4223170280456543,9.32519817352295,1.0883193016052246
1.473918080329895,5.076798915863037,2.6980278491973877
-0.6826683282852173,5.979826927185059,0.0
1.4149881601333618,7.9676289558410645,0.0
3.28298020362854,5.140872955322266,2.450420379638672
0.40829333662986755,4.626036167144775,0.0
1.7309664487838745,8.68378734588623,0.0
-0.7375910878181458,4.776459217071533,0.0
6.886590003967285,4.1364593505859375,0.0
7.950994491577148,3.969512939453125,0.0
2.1024184226989746,6.379222393035889,1.9350183010101318
3.464775562286377,3.7765822410583496,2.143603563308716
2.21189546585083,3.2115542888641357,2.472982883453369
1.1603171825408936,6.3353962898254395,0.0
3.5804920196533203,4.73746395111084,0.0
2.4349846839904785,4.576501369476318,0.0
1.6163138151168823,8.841862678527832,0.0
1.930486798286438,3.1234259605407715,0.0
8.786121368408203,3.8956387042999268,0.0
0.5127900242805481,7.824735641479492,1.5742290019989014
-0.2612604796886444,6.1049346923828125,0.0
-0.3582104742527008,5.821316719055176,0.0
3.4749410152435303,5.314940452575684,1.8821985721588135
-0.7501522898674011,8.118049621582031,0.0
-2.6803359985351562,2.144529342651367,1.959227442741394
-0.21414689719676971,8.625486373901367,1.0071990489959717
-0.4343244433403015,8.366732597351074,1.9891268014907837
0.48418259620666504,7.557427406311035,0.0
-2.610137462615967,10.58592700958252,0.0
-0.4437863826751709,6.13765811920166,0.0
0.2036323845386505,3.454604148864746,0.0
1.3792070150375366,0.03888373821973801,0.0
-1.5059481859207153,4.010455131530762,0.0
-0.5656479597091675,7.344684600830078,0.0
1.5324537754058838,7.291042804718018,0.0
6.815799713134766,1.6038919687271118,0.0
5.275335311889648,5.686929225921631,1.4856045246124268
3.9348785877227783,5.625461578369141,1.889312982559204
2.1452138423919678,5.079747676849365,0.0
0.020734300836920738,9.088396072387695,0.0
0.7474186420440674,6.824856758117676,0.0
3.9223029613494873,3.2606122493743896,0.0
-2.1422085762023926,2.386680841445923,0.0
4.486380577087402,6.25070333480835,1.4941223859786987
-0.48300886154174805,1.8798789978027344,0.0
1.0549730062484741,4.614385604858398,0.0
1.9785507917404175,7.869526386260986,0.0
1.9635592699050903,7.66839075088501,0.0
1.0987557172775269,5.822361946105957,0.0
2.3546009063720703,7.062649726867676,0.0
1.1332992315292358,7.9099321365356445,0.0
-0.5124566555023193,4.16900634765625,0.0
-0.7961690425872803,5.29213285446167,0.0
3.8421833515167236,5.055595874786377,0.0
0.4085671007633209,7.005836486816406,2.2643022537231445
2.5209062099456787,2.976001024246216,0.0
1.330919623374939,6.937310695648193,0.0
0.9194945693016052,9.464775085449219,0.0
3.362173557281494,4.113339424133301,0.0
1.3208447694778442,5.613827228546143,0.0
1.2224363088607788,5.819331645965576,0.0
4.085662364959717,4.768550395965576,2.3450660705566406
-4.375311851501465,4.517704010009766,0.0
0.8393212556838989,4.665530204772949,0.0
2.627429485321045,4.535679817199707,3.2404768466949463
-0.46171706914901733,7.969626426696777,0.0
1.8482424020767212,7.625636100769043,0.0
0.4515729546546936,5.230313301086426,1.3952101469039917
2.1939473152160645,7.125208854675293,0.0
1.087373971939087,6.214050769805908,0.0
0.39195358753204346,6.570576190948486,0.0
3.336183547973633,5.871364116668701,0.0
1.536093831062317,1.8473178148269653,0.0
-0.28787559270858765,9.723611831665039,0.0
0.9461182951927185,8.066073417663574,2.371500253677368
4.171608924865723,6.48370361328125,1.8099042177200317
3.426441192626953,5.445697784423828,2.3136849403381348
9.728875160217285,3.9858267307281494,0.8831226229667664
0.2306344360113144,2.147827625274658,0.0
2.8167014122009277,6.806334495544434,3.500394344329834
1.0489591360092163,6.524859428405762,0.0
0.31924423575401306,7.2365241050720215,0.0
3.4651052951812744,5.594499111175537,0.0
0.08584892749786377,9.222158432006836,0.0
2.7445549964904785,3.5007123947143555,1.713724136352539
2.2102084159851074,6.615864276885986,0.0
3.2083640098571777,8.162383079528809,0.0
-1.159170150756836,7.813766002655029,0.0
-0.07558314502239227,9.62236213684082,1.1353873014450073
0.023789869621396065,5.528996467590332,0.0
1.565560221672058,8.118898391723633,0.0
2.6401467323303223,8.756265640258789,1.5580459833145142
-0.6917514801025391,6.507739543914795,0.0
0.22131410241127014,6.415163040161133,0.0
1.3798317909240723,8.481626510620117,0.0
-0.2962072789669037,5.427229404449463,0.0
0.7314006090164185,7.367125034332275,2.0334115028381348
0.9867398738861084,6.094837188720703,0.0
3.653759002685547,6.360511302947998,2.016573190689087
2.431582450866699,3.5276641845703125,0.0
-2.0398850440979004,2.9307055473327637,0.0
2.1687161922454834,9.078516960144043,1.7469524145126343
1.3265101909637451,5.803293704986572,2.237321138381958
-3.26340389251709,4.901917934417725,0.0
-0.34851357340812683,4.003101825714111,0.0
1.2043037414550781,5.717843055725098,0.0
-1.8685133457183838,8.752771377563477,0.0
2.4345197677612305,8.079116821289062,0.0
-0.6695179343223572,6.786067962646484,0.0
4.695249080657959,6.093111515045166,1.8440324068069458
2.0680465698242188,7.146519660949707,0.0
-0.9917884469032288,7.863880157470703,0.0
4.265422821044922,4.937699794769287,0.0
0.0937143862247467,6.046204090118408,0.0
-0.4175924062728882,9.590291023254395,0.0
7.152219295501709,5.282148838043213,0.0
4.869925022125244,6.881530284881592,0.0
2.851377010345459,6.897560119628906,1.6544339656829834
-0.5389869809150696,8.089119911193848,0.0
4.815052032470703,6.793744087219238,1.771629810333252
1.080930233001709,6.307240962982178,0.0
-3.051811695098877,8.11146354675293,0.0
3.6258938312530518,5.804751873016357,1.9426600933074951
-0.2143278419971466,4.99495792388916,0.0
3.6740527153015137,6.7704315185546875,0.0
0.8833136558532715,7.754894733428955,0.0
-3.7941646575927734,4.860145568847656,1.2500020265579224
4.6027679443359375,3.1852152347564697,0.0
4.055149555206299,6.70458459854126,2.6015329360961914
-4.686275959014893,3.633197784423828,0.0
-0.47508201003074646,6.912784576416016,0.0
-0.1781201958656311,6.894204139709473,0.0
3.492781162261963,5.361944198608398,2.0828616619110107
-0.2169152945280075,6.742990493774414,0.0
0.8625555038452148,7.701686859130859,0.0
4.271869659423828,3.6010677814483643,0.0
0.2037455439567566,4.912486553192139,0.0
2.745194435119629,4.436601161956787,0.0
9.190542221069336,4.643099308013916,0.0
7.295199394226074,5.304914951324463,1.291577696800232
-0.2695414423942566,8.493528366088867,0.0
0.4728931784629822,5.690690040588379,0.0
-3.661668300628662,4.226085662841797,1.6689573526382446
1.8991254568099976,7.519367694854736,0.0
1.9772886037826538,7.093385219573975,0.0
2.5051422119140625,7.490645408630371,2.490055561065674
5.566608905792236,3.877251148223877,0.0
-0.11128788441419601,9.235092163085938,0.0
0.8673774600028992,8.360855102539062,0.0
3.0241832733154297,8.374072074890137,0.0
2.3305859565734863,7.61708927154541,0.0
2.757981061935425,8.550796508789062,1.914028286933899
-3.9686388969421387,4.876212120056152,0.0
1.5892256498336792,7.720714092254639,1.4617385864257812
3.027672290802002,6.570348739624023,1.9835200309753418
3.250079870223999,7.071073055267334,1.825674057006836
2.7133169174194336,8.397835731506348,1.579101800918579
2.145233631134033,7.461331844329834,0.0
6.79829740524292,5.200706958770752,0.0
-0.555336058139801,5.0914740562438965,0.0
2.1064131259918213,7.025055885314941,0.0
3.1791629791259766,6.126439571380615,2.1603989601135254
0.7457081079483032,2.9860117435455322,0.0
4.045047283172607,5.933820724487305,1.7372413873672485
2.1323776245117188,7.103103160858154,1.1781015396118164
3.478519916534424,4.559443473815918,0.0
1.4158412218093872,6.562246322631836,0.0
1.9424290657043457,5.232645034790039,0.0
2.2208125591278076,3.9020447731018066,0.0
4.26685094833374,6.251960754394531,0.0
-1.5946836471557617,7.044444561004639,0.9704287052154541
0.603384792804718,6.025425434112549,0.0
3.4363856315612793,7.1727519035339355,0.0
3.392164707183838,7.814027786254883,1.6571764945983887
-1.253570556640625,7.171813011169434,0.0
4.482059478759766,5.473597049713135,2.427976131439209
4.118243217468262,6.691835880279541,0.0
0.3191527724266052,7.831944942474365,0.0
2.9359283447265625,6.950303077697754,0.0
1.735900640487671,6.6299824714660645,0.0
0.5300657153129578,5.743374347686768,0.0
0.6559074521064758,4.810975551605225,0.0
0.05929456651210785,7.9104390144348145,0.0
-0.3095431923866272,4.6472649574279785,0.0
2.237025022506714,8.388300895690918,0.0
-0.7085699439048767,9.89452838897705,0.0
-0.6749280095100403,10.0191011428833,0.0
1.4153305292129517,7.778079509735107,0.0
1.834120512008667,2.022736072540283,0.0
-4.15641975402832,4.815090656280518,0.8839553594589233
2.518596649169922,6.784815311431885,0.0
2.1625821590423584,3.219878673553467,0.0
1.6433734893798828,9.253536224365234,0.0
3.2358150482177734,4.441265106201172,0.0
2.0320141315460205,5.432832717895508,1.4871928691864014
-0.8581303358078003,2.5532281398773193,0.0
3.234869956970215,8.497135162353516,1.450888991355896
3.348484992980957,2.0740392208099365,0.0
1.3229409456253052,2.9920785427093506,0.0
0.9896897077560425,8.151956558227539,1.4116451740264893
3.1072120666503906,7.696849822998047,0.0
-0.1962195187807083,7.514194011688232,0.0
4.0031914710998535,4.985932350158691,0.0
3.706918716430664,5.995992660522461,3.0947728157043457
-2.621856689453125,9.249210357666016,0.0
4.1748528480529785,4.6109619140625,1.8141905069351196
-0.3902193009853363,5.078031539916992,0.0
3.0775184631347656,5.062506198883057,0.0
-1.6371289491653442,8.125672340393066,0.0
-1.6096477508544922,8.919160842895508,0.0
4.396383762359619,5.458749294281006,0.0
1.3527311086654663,8.783458709716797,1.8146204948425293
2.6949565410614014,6.642154216766357,0.0
-1.897072434425354,2.7366867065429688,0.0
3.823347330093384,6.339136600494385,0.0
0.3227732181549072,8.801957130432129,0.0
3.9327378273010254,4.888631820678711,2.194739580154419
-0.3473306894302368,6.989516735076904,0.0
4.627254009246826,5.869569778442383,0.0
2.4411377906799316,7.542999267578125,0.0
3.9031620025634766,5.3612284660339355,3.0740437507629395
-0.8639284372329712,8.43342399597168,0.0
8.050888061523438,2.460338592529297,0.0
3.2655317783355713,6.884657859802246,1.652043104171753
-1.6756771802902222,8.596756935119629,0.0
5.792079925537109,3.366682291030884,0.0
3.882014274597168,4.865167140960693,0.0
3.8682589530944824,6.869150638580322,2.6030755043029785
1.2403868436813354,7.53483772277832,2.493783473968506
1.0643036365509033,4.399721145629883,0.0
3.5533132553100586,6.457993030548096,1.0120784044265747
-2.8608055114746094,3.638535737991333,0.0
-0.01858830824494362,5.182971477508545,0.0
3.2838268280029297,6.943769931793213,1.8440324068069458
1.3878430128097534,3.1275036334991455,0.0
1.6287145614624023,4.599678039550781,0.0
2.174588441848755,1.9181195497512817,0.0
0.6695126891136169,8.293094635009766,0.0
2.6340720653533936,8.883488655090332,2.024233102798462
-0.13387984037399292,3.701643943786621,0.0
-3.2708182334899902,9.764984130859375,1.5986459255218506
4.171142578125,5.993000507354736,1.4727803468704224
-0.7043641209602356,4.951569080352783,0.0
7.52981424331665,2.5515573024749756,0.0
1.1344506740570068,6.498777389526367,0.0
-0.8803857564926147,9.137737274169922,0.0
0.7820659279823303,4.263259410858154,0.0
-0.0419999435544014,6.090478420257568,0.0
3.628732681274414,7.632136821746826,0.0
2.9823708534240723,7.154117107391357,0.0
0.17818351089954376,9.037343978881836,0.0
3.9786322116851807,6.711219787597656,1.196143388748169
-0.2857476472854614,3.52341890335083,0.0
-2.37812876701355,3.946747303009033,0.0
0.46605148911476135,6.005836009979248,0.0
2.6754117012023926,7.457780361175537,1.5645909309387207
3.2604377269744873,6.390623569488525,0.0
1.8726558685302734,6.831026554107666,1.6510212421417236
1.386780858039856,8.817010879516602,1.2336331605911255
-0.9504809975624084,6.48052453994751,0.0
1.9007489681243896,6.506039142608643,0.0
4.689972877502441,6.649340629577637,2.5767531394958496
1.7662628889083862,8.446227073669434,0.0
-0.664097011089325,8.49952220916748,0.0
-0.3273722529411316,3.5703065395355225,0.0
6.091878890991211,3.036442995071411,0.0
1.4566433429718018,6.804394245147705,0.0
-0.7981751561164856,4.083319187164307,0.0
2.0335946083068848,7.27546501159668,0.0
-0.007984424009919167,8.652745246887207,0.0
0.8325369954109192,9.020245552062988,0.0
1.0672873258590698,7.108541011810303,0.0
-3.533466100692749,7.524633407592773,0.0
3.7560462951660156,5.15815544128418,1.9027799367904663
-0.0418342649936676,5.3303351402282715,0.0
0.7254636287689209,6.5031962394714355,0.0
6.521602153778076,4.7264885902404785,0.0
2.244123697280884,7.9129815101623535,2.492595672607422
0.5504459142684937,4.776829242706299,0.0
-1.8261312246322632,7.6694655418396,2.221041679382324
3.2096335887908936,-1.1730821132659912,0.0
1.5991572141647339,4.8059234619140625,1.7063044309616089
0.5700380206108093,6.775503635406494,0.0
2.7236642837524414,7.533337593078613,0.0
7.229132175445557,3.328868865966797,0.0
0.42881229519844055,3.975707769393921,0.0
1.955946683883667,6.0459980964660645,0.0
-1.0255106687545776,8.341097831726074,1.758785367012024
-1.3231539726257324,7.561966419219971,0.0
3.9966282844543457,6.137671947479248,1.7081518173217773
2.083326578140259,5.3037214279174805,0.0
-0.27581578493118286,6.683042526245117,0.0
6.073598861694336,4.907678604125977,0.0
0.5147798657417297,3.330862283706665,0.0
1.0641899108886719,7.988403797149658,0.0
-0.9951953887939453,8.691716194152832,0.0
0.19656363129615784,4.8793511390686035,1.5501023530960083
3.845824956893921,5.54322624206543,1.381662368774414
1.958699107170105,8.383048057556152,1.6432366371154785
2.5553083419799805,3.6929585933685303,2.582104444503784
3.461724281311035,6.8793559074401855,1.6408849954605103
1.0860779285430908,4.784103870391846,0.0
1.4368518590927124,6.270534038543701,0.0
-1.6077100038528442,8.973165512084961,0.0
7.588985443115234,5.790545463562012,0.0
-1.172203540802002,6.856321334838867,0.0
0.8812412023544312,7.66373348236084,0.0
0.24045342206954956,4.769402980804443,1.4051103591918945
-0.3023459017276764,9.260588645935059,0.0
2.8576643466949463,6.585784912109375,1.4676204919815063
0.9678658843040466,3.954843759536743,0.0
2.297804117202759,8.990667343139648,1.1058645248413086
0.48409226536750793,8.127551078796387,0.0
4.441871166229248,5.43231725692749,2.489548683166504
-0.5026119947433472,8.04499626159668,1.767188310623169
-0.16489601135253906,7.60888671875,0.0
1.6912809610366821,3.08301043510437,0.0
-0.3399266004562378,7.732391357421875,0.0
0.6198831796646118,7.119136333465576,1.9529718160629272
2.76369309425354,-0.1244981586933136,0.0
0.8845487833023071,4.042159557342529,0.0
0.34150898456573486,1.7448796033859253,0.0
1.098214864730835,8.415807723999023,0.0
2.393890380859375,6.81630802154541,1.6033855676651
2.8231921195983887,8.007620811462402,0.0
-0.28703856468200684,9.203632354736328,0.0
0.8405173420906067,6.898543357849121,1.5696934461593628
1.5313688516616821,6.972616195678711,0.0
0.9190327525138855,8.921480178833008,0.0
1.2144911289215088,5.402451515197754,1.6891748905181885
3.964940071105957,6.621284008026123,2.6315221786499023
-0.9593395590782166,6.633978366851807,0.0
-0.23890823125839233,9.35332202911377,0.0
0.10768178105354309,7.78285026550293,0.0
0.010683862492442131,7.130161762237549,1.717839002609253
-4.182004928588867,4.917866230010986,1.3750015497207642
1.3015488386154175,8.28623104095459,0.0
4.153494358062744,5.950789451599121,0.0
2.9036033153533936,8.23300552368164,0.0
1.8317806720733643,6.7797417640686035,1.1987251043319702
2.5437488555908203,4.647426605224609,0.0
-1.7245941162109375,3.276613712310791,0.0
0.8978157639503479,3.5953829288482666,0.0
3.0838463306427,5.476733684539795,0.0
-0.171741783618927,7.942698001861572,0.0
7.072796821594238,2.9101171493530273,2.1242334842681885
2.282001256942749,7.17714262008667,0.0
8.951727867126465,3.701516628265381,0.0
0.8636298179626465,4.056900501251221,0.0
1.2814581394195557,3.6523547172546387,0.0
-2.5820634365081787,3.027247190475464,0.0
1.6382192373275757,5.383137226104736,2.4223408699035645
5.011715888977051,5.381298542022705,0.0
3.9174106121063232,7.735447883605957,1.9761677980422974
4.091899394989014,5.74963903427124,0.0
2.4766764640808105,9.027058601379395,0.0
0.9676361083984375,7.56827449798584,1.6158688068389893
2.794459104537964,6.747702598571777,1.5742290019989014
-5.420264720916748,4.336791515350342,0.0
1.6057857275009155,7.839750289916992,0.0
3.953004837036133,5.764425754547119,1.7923848628997803
-0.5892523527145386,8.489749908447266,0.0
1.2341691255569458,5.752137660980225,2.2787270545959473
1.3825280666351318,5.897207736968994,1.9519342184066772
0.6525236368179321,5.213144302368164,0.0
9.614948272705078,6.274791240692139,1.5657879114151
-1.8562452793121338,2.5960781574249268,0.0
4.138464450836182,6.4408369064331055,3.063124179840088
-3.4016101360321045,2.240652322769165,0.0
1.7965278625488281,4.3928022384643555,2.503347635269165
2.0369298458099365,6.97349739074707,0.0
2.5073189735412598,6.813135147094727,0.0
-0.4303897023200989,5.705890655517578,0.0
0.7572776675224304,8.65705394744873,0.0
-2.6131532192230225,9.562422752380371,0.0
3.247438907623291,6.938076496124268,2.1775574684143066
0.3589355945587158,1.4456521272659302,0.0
-0.19428734481334686,7.607248783111572,0.0
-5.8641486167907715,2.676910638809204,0.0
-0.8105132579803467,8.171147346496582,0.0
-0.9500521421432495,9.284441947937012,0.0
3.5550951957702637,8.199748039245605,2.741729259490967
0.7026297450065613,8.137369155883789,0.0
3.4185802936553955,7.49068021774292,0.0
3.2080466747283936,3.6852660179138184,0.0
5.031802177429199,6.581223011016846,0.0
-3.93123197555542,4.832381248474121,0.0
1.0232481956481934,6.965184211730957,0.0
0.38903552293777466,8.553693771362305,0.0
3.3758866786956787,5.852115631103516,0.0
1.8597378730773926,8.67499828338623,0.0
8.75752067565918,3.1547229290008545,0.0
0.07718224823474884,7.721478462219238,0.0
1.180640697479248,7.318763256072998,1.7781403064727783
-3.920309543609619,3.3811933994293213,0.0
0.7326233386993408,4.44619607925415,0.0
2.544811487197876,8.1216402053833,1.7930105924606323
6.3198747634887695,4.0036797523498535,3.395127296447754
0.3749571740627289,9.725804328918457,0.0
-0.34519603848457336,7.074440002441406,2.1638009548187256
2.136488676071167,7.979995250701904,0.0
2.3193390369415283,6.498983860015869,2.457223415374756
2.6080808639526367,6.7862467765808105,0.0
3.7789790630340576,6.0345988273620605,1.6145776510238647
0.9715940952301025,3.6938223838806152,0.0
3.239548683166504,7.176772117614746,0.0
0.8769338130950928,7.159492492675781,0.0
0.026523292064666748,4.440345764160156,0.0
1.919028401374817,5.492125988006592,0.0
-0.7328487038612366,6.242364406585693,0.0
2.541057825088501,4.583050727844238,0.0
3.864865303039551,7.246024131774902,0.0
1.8293509483337402,8.892462730407715,0.0
-0.49955207109451294,8.113525390625,0.0
1.4445114135742188,6.413232326507568,0.0
3.403946876525879,4.908841609954834,0.0
0.14020876586437225,9.115729331970215,0.0
-2.0115840435028076,5.336241245269775,1.5718060731887817
-0.03818773105740547,6.772003650665283,0.0
2.979243278503418,8.06790828704834,1.5933148860931396
-0.15895439684391022,8.091302871704102,0.0
-0.16230171918869019,9.133121490478516,0.0
1.951512336730957,0.41181716322898865,0.0
4.7041916847229,2.964559555053711,0.0
4.435000896453857,7.304249286651611,0.0
-0.707655131816864,9.806845664978027,0.0
2.781426429748535,6.456797122955322,0.0
4.086476802825928,4.442471504211426,2.1213202476501465
3.2799413204193115,8.201651573181152,0.0
-0.3761315643787384,7.897159099578857,0.0
0.785987913608551,1.983550786972046,0.0
-2.143453598022461,4.87222146987915,0.0
-1.599735140800476,7.285101890563965,1.66773521900177
1.0231153964996338,9.617437362670898,0.0
1.8748277425765991,7.5359063148498535,3.0874223709106445
4.031474590301514,6.632737159729004,2.6175742149353027
3.92873215675354,2.467869997024536,2.00065016746521
2.5868818759918213,7.7448296546936035,2.3340513706207275
-3.2191176414489746,1.8619694709777832,0.0
3.8747079372406006,7.441650390625,1.2690706253051758
7.461565971374512,5.39109468460083,1.8921781778335571
2.126335859298706,9.110772132873535,1.7167143821716309
2.4966630935668945,6.227458953857422,0.0
1.3054478168487549,2.7041385173797607,0.0
2.00842547416687,8.138357162475586,0.0
4.029071807861328,7.590089797973633,1.604337453842163
-0.4579872488975525,6.942960739135742,0.0
1.2190395593643188,5.2064208984375,1.9571365118026733
1.1621729135513306,-0.9544833898544312,0.0
1.9903275966644287,3.3530242443084717,0.0
4.655515193939209,5.655979156494141,0.0
0.43860915303230286,8.562968254089355,2.296219825744629
-4.013880252838135,3.989152669906616,0.0
-3.7302255630493164,6.813766002655029,0.0
1.7018049955368042,5.183845520019531,0.0
2.749208927154541,7.415112018585205,1.5718060731887817
2.1758787631988525,7.7483015060424805,0.0
1.4827613830566406,6.236201286315918,0.0
1.513383388519287,3.5700321197509766,0.0
6.295421123504639,5.218545913696289,2.00065016746521
0.6588671803474426,2.9521548748016357,0.0
8.868112564086914,3.226750373840332,0.0
-0.11457499116659164,2.8948702812194824,0.0
2.43021297454834,6.659518241882324,0.0
-0.626724123954773,4.44127082824707,0.0
1.8026788234710693,2.395261526107788,1.975632667541504
-1.1217471361160278,6.883607864379883,0.0
-0.12079762667417526,5.546167373657227,0.0
0.6769475340843201,8.01302719116211,0.0
1.9968888759613037,4.99646520614624,0.0
-0.8382680416107178,4.130104064941406,0.0
5.063032627105713,6.272217273712158,1.8351269960403442
1.18324613571167,5.099650859832764,0.0
1.9424751996994019,6.348847389221191,0.0
1.9361839294433594,7.924253463745117,0.0
-2.4484424591064453,8.82245922088623,0.0
-2.959970712661743,9.269402503967285,0.0
0.2746496796607971,1.2885515689849854,0.0
5.655003070831299,4.685145854949951,0.0
4.2002458572387695,6.69621467590332,1.6845111846923828
-4.576976299285889,3.5290873050689697,2.207962989807129
4.962296485900879,6.2640581130981445,2.6131696701049805
4.322117328643799,5.947177410125732,0.0
-2.9646177291870117,7.0918426513671875,0.0
8.397130012512207,3.127443552017212,0.0
-1.1651209592819214,8.265055656433105,0.0
6.824999809265137,5.176695823669434,0.0
2.261284112930298,8.433691024780273,0.0
2.082298517227173,3.4455952644348145,1.9826195240020752
5.259528160095215,6.803665637969971,0.9429886937141418
-0.712151288986206,7.087951183319092,0.0
3.980940818786621,4.9027509689331055,0.0
1.2826460599899292,5.22775411605835,0.0
4.040197849273682,0.6645187139511108,1.5437008142471313
0.828389585018158,8.323064804077148,0.0
1.4695757627487183,7.009966850280762,0.0
1.0197877883911133,6.950331687927246,0.0
2.2399470806121826,6.897151470184326,0.0
1.1140538454055786,5.34537935256958,0.0
3.935244083404541,7.19844913482666,0.0
-0.4052703082561493,9.858194351196289,2.150726079940796
-2.059342384338379,3.4595062732696533,0.9285848140716553
1.7288824319839478,5.613558292388916,0.0
0.06515882909297943,7.50751256942749,0.0
-0.027368366718292236,7.425693511962891,0.0
2.509683132171631,8.488758087158203,2.4992356300354004
-2.7755818367004395,3.0919413566589355,0.0
0.26044315099716187,8.71337890625,0.0
1.9775288105010986,5.1206231117248535,2.254317283630371
-0.041596636176109314,2.869178295135498,0.0
-1.3675363063812256,6.699214458465576,0.0
0.22544342279434204,7.919058322906494,1.9441978931427002
1.2879294157028198,5.559203624725342,0.0
-0.18903595209121704,5.118152141571045,0.0
-0.7021721005439758,2.2903683185577393,0.0
-3.4093410968780518,6.359828472137451,0.0
3.3127472400665283,7.073593616485596,0.0
3.1346323490142822,8.112383842468262,0.0
7.613677501678467,5.342174530029297,0.0
0.23860464990139008,2.2425427436828613,0.0
1.3085342645645142,6.535156726837158,0.0
3.7338428497314453,6.0924177169799805,0.0
0.7768905162811279,7.374356269836426,0.0
5.038222789764404,6.935486793518066,0.0
9.16164779663086,3.791916608810425,0.0
2.1914093494415283,6.39785623550415,0.0
0.4922093451023102,3.8753268718719482,1.7322442531585693
4.235413551330566,6.0860276222229,0.0
1.7190860509872437,5.25007963180542,0.0
0.8778713345527649,5.723042964935303,1.7288055419921875
0.8009887337684631,4.48966646194458,0.0
-1.0502345561981201,8.616933822631836,0.0
3.6962060928344727,5.4955620765686035,1.5995910167694092
-4.915835857391357,4.240510940551758,0.0
4.122411251068115,4.813798427581787,0.0
-2.3734939098358154,2.647247076034546,0.0
1.58235502243042,7.991682052612305,0.0
6.70336389541626,3.2450528144836426,1.464800477027893
2.0780704021453857,6.906967639923096,1.706673502922058
3.7374048233032227,5.61228609085083,0.0
4.871740341186523,7.163932800292969,0.0
0.050677452236413956,9.4403076171875,0.0
-0.7121552228927612,8.747639656066895,0.0
0.8222439885139465,8.604166030883789,0.0
-0.4368138909339905,6.565641403198242,0.0
0.37346991896629333,4.268797397613525,0.0
7.576208591461182,2.6400341987609863,2.153301477432251
-1.2233392000198364,6.417060375213623,0.0
-1.1232929229736328,9.01581859588623,0.0
1.4404387474060059,4.793564319610596,0.0
-0.8103165030479431,8.142982482910156,0.0
-0.12472238391637802,2.7097716331481934,0.0
2.694045305252075,6.446690082550049,2.2463412284851074
1.2463496923446655,6.239212989807129,1.825019121170044
0.4259171783924103,6.0547919273376465,1.6187829971313477
-1.4437603950500488,4.03600549697876,2.035144805908203
3.489537239074707,6.873162746429443,0.0
1.8400136232376099,7.897619724273682,0.0
0.36947953701019287,5.236848831176758,0.0
4.636657238006592,6.452117443084717,0.0
-1.1950725317001343,8.007990837097168,0.0
0.2859688401222229,8.308284759521484,0.0
3.503769874572754,7.0548415184021,0.0
4.042067050933838,6.178990840911865,1.2463713884353638
0.45695698261260986,3.5864264965057373,0.0
2.038839101791382,8.236648559570312,0.0
0.054783500730991364,9.634642601013184,0.0
0.1664784997701645,6.628982067108154,0.0
2.6992337703704834,8.293218612670898,2.5266799926757812
-0.5959012508392334,9.478363037109375,0.0
0.1044037938117981,6.864828109741211,0.0
0.23999056220054626,4.739184856414795,0.0
2.965667724609375,4.594703674316406,1.6269452571868896
-1.067535161972046,9.925888061523438,0.0
-0.23749035596847534,8.852343559265137,0.0
-1.804869532585144,9.020241737365723,0.0
4.623534679412842,5.749267101287842,2.0619218349456787
4.373347282409668,6.611650466918945,0.0
-0.1314205825328827,5.982705593109131,0.0
3.7196712493896484,5.120142459869385,0.0
2.3417537212371826,6.336080551147461,1.5175974369049072
-0.0675365999341011,8.288641929626465,0.0
0.024576442316174507,9.794695854187012,0.0
-2.809199094772339,8.076216697692871,0.0
-0.45920345187187195,9.565805435180664,0.0
3.2373123168945312,7.21726655960083,0.0
-5.567928314208984,3.79355788230896,0.0
1.3357282876968384,8.387971878051758,0.0
-1.5905905961990356,4.350833892822266,0.0
4.124581336975098,6.780750751495361,0.0
-0.9871821403503418,3.6457412242889404,0.0
-1.5416778326034546,7.093694686889648,0.0
0.5528529286384583,4.807186603546143,0.0
1.4350229501724243,3.939002275466919,0.0
2.553220510482788,7.6582746505737305,1.2144811153411865
1.038986325263977,7.22477912902832,2.3223516941070557
-0.1433241069316864,9.525131225585938,0.0
-0.68425053358078,2.4474740028381348,0.0
-2.9708621501922607,7.880173206329346,0.0
1.6791871786117554,3.126603841781616,0.0
3.1387135982513428,3.3330495357513428,1.0793884992599487
-2.8620316982269287,6.745532035827637,0.0
0.700199544429779,8.222448348999023,0.0
3.8834145069122314,6.51118803024292,1.5376486778259277
1.025938630104065,7.4709320068359375,0.0
3.280583143234253,6.8833909034729,0.0
4.637378215789795,6.586931228637695,1.792593240737915
1.970716953277588,6.840399742126465,0.0
-0.8807074427604675,7.770636081695557,0.0
3.64471435546875,5.903949737548828,1.1626148223876953
3.5035932064056396,0.8959236741065979,0.0
-2.7344489097595215,2.9421613216400146,0.0
4.127169609069824,6.953399181365967,1.2925351858139038
1.2593125104904175,9.249492645263672,0.0
2.3802037239074707,8.865199089050293,1.4002552032470703
2.717062473297119,4.908177375793457,0.0
-1.4004628658294678,9.316255569458008,0.0
2.2448668479919434,8.014509201049805,1.8324764966964722
2.586740016937256,7.638805866241455,2.5385901927948
1.5682543516159058,6.0436859130859375,0.0
3.029632091522217,8.453874588012695,0.0
1.1119153499603271,6.435873508453369,0.0
4.341913223266602,6.748651504516602,0.0
2.8909528255462646,3.122655153274536,0.0
-0.43869706988334656,7.073672771453857,0.0
9.14374828338623,6.1942243576049805,0.0
1.3755459785461426,3.511121988296509,0.0
-0.9142842292785645,7.9584479331970215,0.0
1.5841115713119507,7.422610759735107,2.4097981452941895
1.8741992712020874,3.0417420864105225,2.3281805515289307
2.5878522396087646,6.838219165802002,0.0
4.3978986740112305,6.035646915435791,2.4516313076019287
2.54107403755188,8.107414245605469,1.1966265439987183
3.9652578830718994,7.100758075714111,0.0
0.9750512838363647,8.274837493896484,2.672567367553711
2.9181816577911377,6.399582862854004,0.0
9.351602554321289,3.9952261447906494,0.0
-0.555571436882019,7.236846446990967,0.0
1.639636516571045,8.867738723754883,0.0
0.39419177174568176,6.398470401763916,0.0
3.347649335861206,4.0520782470703125,2.571249485015869
4.228728771209717,6.260573863983154,0.0
-1.0172903537750244,3.435641050338745,0.0
1.7562686204910278,6.513113975524902,0.0
4.408443450927734,6.057104110717773,1.5939397811889648
4.003117084503174,7.026230335235596,2.4640820026397705
1.2774776220321655,8.631932258605957,1.3827797174453735
0.06439297646284103,7.244604587554932,0.0
4.139576435089111,6.306804180145264,0.0
1.8177937269210815,7.187435150146484,0.0
-0.4820493459701538,7.397955417633057,0.0
1.3668897151947021,8.18426513671875,0.0
-2.0701065063476562,5.702175140380859,0.0
3.8267428874969482,5.70373010635376,0.0
1.0961214303970337,8.433115005493164,0.0
3.5131092071533203,3.1988844871520996,2.018551826477051
0.09031974524259567,4.909926891326904,0.0
-0.3026721477508545,2.0058391094207764,0.0
1.3120094537734985,6.169989585876465,2.654358148574829
-3.2876040935516357,5.192843437194824,0.0
-1.128476858139038,2.684476375579834,0.0
0.9753618836402893,8.197471618652344,0.0
-3.2536027431488037,4.040035247802734,0.0
3.2172791957855225,8.201171875,3.2471723556518555
0.9791645407676697,4.401099681854248,0.0
1.9751026630401611,7.192257404327393,0.0
0.47880202531814575,5.202204704284668,0.0
2.490419626235962,7.308485507965088,1.1124000549316406
1.4623159170150757,5.620105266571045,1.2393550872802734
2.3802473545074463,6.297884941101074,0.0
-0.36212432384490967,6.035006999969482,0.0
2.2104413509368896,7.897047519683838,0.0
1.6126530170440674,9.322562217712402,0.0
-2.1995997428894043,9.549765586853027,0.0
3.7569313049316406,6.907564640045166,0.0
4.986311435699463,7.062389850616455,0.0
0.1706383228302002,7.618806838989258,0.0
2.3404910564422607,6.490237712860107,1.8467254638671875
4.1803507804870605,6.03436803817749,1.6891748905181885
-0.051757555454969406,5.308934688568115,0.0
-0.8420215845108032,6.765772819519043,0.0
1.741652011871338,3.5362002849578857,1.6935081481933594
0.5721026062965393,8.671464920043945,0.0
2.301807403564453,6.171482563018799,1.8311549425125122
3.7536301612854004,6.6278767585754395,0.0
-0.044876839965581894,6.5194525718688965,0.0
2.180288791656494,6.403008937835693,2.7403724193573
4.160154342651367,5.674142837524414,0.0
-1.4271117448806763,9.92619800567627,0.0
-0.7142645120620728,8.592120170593262,2.661348342895508
-1.3327800035476685,8.116308212280273,0.0
9.269157409667969,3.063581705093384,2.0680341720581055
0.9276178479194641,8.994128227233887,0.0
1.7459831237792969,7.440067291259766,0.0
2.672144651412964,6.3441362380981445,0.0
-1.8353416919708252,8.364445686340332,0.0
0.7268994450569153,7.354231357574463,0.0
5.974244594573975,3.6293222904205322,0.0
1.1802772283554077,1.768622636795044,0.0
5.972591876983643,2.79805850982666,0.0
2.4125213623046875,6.556724548339844,0.0
3.656588554382324,6.115481853485107,0.0
-1.0129765272140503,8.624541282653809,0.0
-2.1470744609832764,5.147122383117676,0.0
5.005362510681152,3.429321050643921,0.0
-0.812707781791687,5.5788140296936035,0.0
2.4290194511413574,8.932368278503418,0.0
-1.7152073383331299,8.519747734069824,0.0
-1.5385655164718628,6.811985492706299,0.0
-0.08494371920824051,8.155821800231934,0.0
-1.9097833633422852,7.901514530181885,0.0
4.382767200469971,6.71974515914917,1.7801871299743652
0.12648513913154602,4.375716209411621,2.256993532180786
4.639184474945068,6.300669193267822,0.0
2.850247383117676,2.6658055782318115,0.0
4.127790451049805,6.696524620056152,1.8672471046447754
2.878397226333618,7.823334217071533,0.0
-1.2173843383789062,9.734627723693848,0.0
1.0781551599502563,7.111040115356445,1.767993688583374
1.1539950370788574,5.021176815032959,0.0
1.029349684715271,0.8757839202880859,0.0
3.2358486652374268,4.5553154945373535,0.0
-1.8093053102493286,0.1416253298521042,1.7756919860839844
1.9764550924301147,8.164752006530762,0.0
2.597485303878784,8.753836631774902,0.0
2.470888614654541,7.035336971282959,0.0
-0.6927748918533325,4.881470680236816,0.0
3.6724231243133545,6.037552356719971,3.061828851699829
1.7416924238204956,2.929896354675293,0.0
0.9325944781303406,9.808682441711426,0.0
1.268964409828186,3.8817968368530273,0.0
2.9714112281799316,5.8334527015686035,0.0
4.446861743927002,5.998887062072754,0.0
1.9198663234710693,8.927000999450684,1.7077820301055908
-1.4442625045776367,3.7467288970947266,0.0
2.5048913955688477,7.503902435302734,0.0
2.7668561935424805,8.746688842773438,0.0
2.9870076179504395,7.010678768157959,1.577270269393921
-2.8088691234588623,7.469854354858398,0.0
3.9008724689483643,6.212009906768799,0.0
3.7679033279418945,2.14111328125,0.0
2.155290365219116,7.970383167266846,0.0
0.9997624158859253,7.384609222412109,0.0
0.6259515285491943,7.691988468170166,1.4536465406417847
2.0821683406829834,8.45780086517334,2.992097854614258
-3.1420350074768066,3.7107813358306885,0.0
7.987122535705566,5.719783782958984,1.7051981687545776
3.236727476119995,7.812392234802246,2.0081512928009033
0.309932678937912,6.154320240020752,2.1692752838134766
-0.8859300017356873,8.044999122619629,0.0
2.8036606311798096,5.5476908683776855,0.0
0.6049010157585144,7.092227935791016,0.0
3.753072500228882,7.194561958312988,1.4635229110717773
-1.3373340368270874,2.413572311401367,0.0
0.595640242099762,8.659798622131348,0.0
1.9169070720672607,3.7908260822296143,0.0
7.738526821136475,5.2744879722595215,0.0
-1.3624869585037231,8.551300048828125,1.73981773853302
-1.0242366790771484,8.704150199890137,0.0
2.988779067993164,5.94724178314209,0.0
-0.9543278217315674,3.9472780227661133,0.0
3.222212553024292,3.2322566509246826,0.0
1.6265935897827148,6.678179740905762,0.0
-0.7082151770591736,4.655109405517578,0.0
-1.339465856552124,8.577134132385254,0.0
1.065332055091858,4.732569217681885,2.21229887008667
1.8209524154663086,5.8240203857421875,0.0
5.2987565994262695,4.793493270874023,1.9457387924194336
0.2684464156627655,6.577728271484375,0.0
-3.2212092876434326,4.000427722930908,1.5986459255218506
3.0610523223876953,8.081978797912598,0.0
-1.3831110000610352,1.8105499744415283,0.0
-0.6881840825080872,4.908572196960449,0.0
0.07828626036643982,7.644601345062256,1.2541934251785278
3.2658543586730957,2.8316681385040283,0.0
3.2392828464508057,5.537537097930908,1.8585119247436523
3.71096134185791,5.64084529876709,1.8035223484039307
2.469578266143799,8.715249061584473,0.9842798113822937
-0.12551575899124146,1.7996132373809814,0.0
2.530179738998413,6.534272193908691,0.0
2.6012957096099854,4.083549976348877,0.0
-2.988652467727661,2.749666452407837,0.0
4.043201923370361,6.537002086639404,2.1040639877319336
-2.631052255630493,8.875482559204102,0.0
-0.8922617435455322,4.099949836730957,0.0
-4.143293857574463,2.088926076889038,0.0
-0.5400411486625671,7.680662155151367,0.0
2.6379506587982178,7.874451160430908,0.0
2.2137789726257324,0.16571831703186035,0.0
1.306356430053711,9.257447242736816,0.0
4.052611827850342,2.116966962814331,0.0
-4.526209354400635,4.36699914932251,0.0
0.3422759473323822,9.263212203979492,0.0
0.0783269852399826,8.360925674438477,0.0
-3.5659055709838867,8.472875595092773,0.0
-3.004220962524414,9.521017074584961,0.0
1.4665358066558838,3.599458694458008,0.0
3.0091617107391357,3.7039148807525635,0.0
2.6350185871124268,7.250293254852295,1.4576793909072876
0.7659221291542053,6.038993835449219,0.0
1.160542368888855,8.793976783752441,1.5144078731536865
-0.7889679074287415,5.417438507080078,0.0
7.119636535644531,4.310070514678955,0.0
4.2943267822265625,6.888442516326904,0.0
0.03480299189686775,4.623971939086914,0.0
1.0550819635391235,9.896281242370605,0.0
4.050926685333252,7.376403331756592,0.0
0.3370053768157959,6.186850070953369,0.0
4.4713850021362305,4.386500358581543,1.5702964067459106
3.5034468173980713,7.112555503845215,1.5712018013000488
2.084575891494751,7.555625915527344,0.0
7.331517696380615,1.3921098709106445,0.0
3.4847023487091064,5.881580829620361,0.0
0.2930050492286682,9.721047401428223,0.0
-0.44702640175819397,8.030135154724121,0.0
4.306571960449219,5.602919101715088,1.6848688125610352
-1.0237078666687012,9.502787590026855,0.0
0.9506238102912903,6.614121437072754,0.0
-5.0893449783325195,4.977022171020508,0.0
9.824782371520996,4.406153202056885,0.0
3.958056926727295,7.113709449768066,2.545961380004883
-0.01809290423989296,4.037866592407227,0.0
2.674659252166748,3.4398083686828613,0.0
1.5123690366744995,7.616508960723877,2.02366304397583
3.4618818759918213,7.600048065185547,1.950380563735962
1.4391965866088867,5.212763786315918,0.0
-4.141429901123047,7.6110053062438965,0.0
0.22935031354427338,2.1592824459075928,0.0
2.397836208343506,7.144685745239258,0.0
-2.817455530166626,3.6996548175811768,0.0
1.754226803779602,6.70947265625,0.0
0.3884766101837158,1.117990493774414,0.0
-0.31836220622062683,9.102420806884766,0.0
-3.1401758193969727,8.722328186035156,0.0
2.481009006500244,8.213204383850098,0.0
4.3509840965271,5.094394683837891,0.0
2.2236709594726562,8.437569618225098,0.0
-0.012894838117063046,6.00499963760376,0.0
1.1048552989959717,8.696389198303223,0.0
2.0740303993225098,2.2522757053375244,0.0
-3.582080602645874,2.7794928550720215,0.0
2.3859689235687256,8.295257568359375,0.0
-0.11105078458786011,5.636414527893066,0.0
-0.2485882192850113,3.0568196773529053,0.0
3.974219560623169,6.888862609863281,0.0
-0.3854844272136688,7.87812614440918,0.0
-0.16151975095272064,7.958729267120361,0.0
-0.8174303770065308,7.00283145904541,0.0
0.6850812435150146,8.55474853515625,0.0
0.8624452352523804,8.658164978027344,2.8362302780151367
1.5082846879959106,7.398111343383789,0.0
-0.7176933884620667,5.823397636413574,0.0
-3.5243523120880127,3.8651585578918457,0.0
-0.21410208940505981,3.080500841140747,0.0
5.925111293792725,3.200404644012451,1.553326964378357
2.9742045402526855,6.925264358520508,0.0
2.6907315254211426,6.186331272125244,1.6752777099609375
-0.792768120765686,5.1380438804626465,0.0
-4.997689723968506,4.570326805114746,0.0
3.8223416805267334,5.349013328552246,1.4218193292617798
1.6074728965759277,3.8603267669677734,0.0
2.8494062423706055,4.495888710021973,0.0
2.288759231567383,6.766037940979004,0.0
3.81010365486145,6.441717624664307,1.3634130954742432
-0.7819279432296753,2.959714651107788,0.0
2.378124475479126,7.969552516937256,0.0
4.641574382781982,6.6048760414123535,0.0
2.4276137351989746,5.894379138946533,1.6906163692474365
1.5335177183151245,9.235588073730469,1.6877365112304688
-3.1107699871063232,5.46550178527832,0.0
1.4585827589035034,7.37404203414917,0.0
-3.8442184925079346,7.6412177085876465,0.0
4.691391944885254,6.408731460571289,2.2155661582946777
-0.5933825373649597,9.979484558105469,0.0
0.2549920380115509,8.53725528717041,0.0
1.6081414222717285,-1.264970302581787,0.0
1.074893593788147,3.4169816970825195,2.3519182205200195
7.148160457611084,3.3838412761688232,0.0
8.088743209838867,5.565410614013672,1.4725213050842285
4.140594482421875,5.529040336608887,0.0
0.0924532562494278,6.906188488006592,0.0
0.04065313562750816,3.577488660812378,0.0
0.043531935662031174,6.922740459442139,0.0
2.4557578563690186,3.4597373008728027,0.0
1.21194326877594,7.352109432220459,0.0
2.1999411582946777,7.342803001403809,0.0
0.29733380675315857,4.046631813049316,0.0
2.7281198501586914,6.155515670776367,1.584472894668579
0.2923046350479126,1.9812480211257935,0.0
-3.1217706203460693,4.2894206047058105,0.0
-2.5937399864196777,3.5703659057617188,0.0
1.5495226383209229,9.369189262390137,0.0
7.987968921661377,4.362039089202881,0.0
0.3792520761489868,5.585581302642822,0.0
4.089206218719482,5.8214216232299805,0.0
2.33046555519104,7.168001651763916,0.0
2.554206609725952,8.201062202453613,1.6601027250289917
1.3577035665512085,7.741812705993652,0.0
-2.670945167541504,7.301604270935059,0.0
-2.7406558990478516,8.990341186523438,0.0
2.4835073947906494,7.159473419189453,0.0
0.14668342471122742,8.663127899169922,0.0
0.8061346411705017,4.210829257965088,0.0
4.3873701095581055,6.156466960906982,0.0
0.8878498077392578,7.6549973487854,0.0
3.9144232273101807,4.07501745223999,1.7655799388885498
2.685171604156494,8.443314552307129,0.0
2.227450370788574,6.245823860168457,0.0
2.8813512325286865,7.930671215057373,1.2332020998001099
7.757938861846924,2.689549684524536,1.07785165309906
0.7235159873962402,7.982486724853516,1.4925166368484497
0.07543829828500748,8.610162734985352,0.0
2.6834137439727783,8.384404182434082,0.0
1.2099297046661377,4.9380340576171875,0.0
-0.17974452674388885,6.927121162414551,0.0
4.038372993469238,5.865563869476318,1.8035223484039307
3.1740641593933105,8.312286376953125,2.2616019248962402
0.19325517117977142,7.800105571746826,0.0
-2.2267417907714844,4.341783046722412,0.0
5.117880821228027,6.064085483551025,2.0042526721954346
2.8795089721679688,4.164226055145264,0.0
0.6770566701889038,8.386998176574707,0.0
-0.7219289541244507,5.121330261230469,0.0
1.4900747537612915,4.146711349487305,2.403367757797241
1.390430212020874,7.491690158843994,0.0
2.8255012035369873,5.962584495544434,0.0
-2.703415632247925,9.40420150756836,0.0
0.9838913679122925,5.75789213180542,0.0
9.147013664245605,4.176821708679199,1.0093551874160767
1.0646376609802246,8.426544189453125,0.0
0.09749381244182587,6.400811195373535,0.0
-0.28817179799079895,9.823707580566406,1.3250653743743896
-0.7571994662284851,6.819321632385254,0.0
-1.9930593967437744,5.996546268463135,0.0
0.22966232895851135,8.420377731323242,0.0
0.36550384759902954,8.085906028747559,3.037564992904663
3.4188308715820312,3.941632032394409,0.0
2.760510206222534,7.7159504890441895,0.0
-1.0416160821914673,5.353017330169678,0.0
3.086271286010742,5.888950824737549,0.0
-0.5605196356773376,8.925762176513672,0.0
-0.8972873091697693,7.324533462524414,0.0
-0.9512233138084412,6.676737308502197,0.0
1.4694924354553223,5.503201007843018,0.0
-1.6101490259170532,3.684415578842163,0.0
2.0457043647766113,3.466503858566284,0.0
0.5008993744850159,6.46206521987915,0.0
-0.40171802043914795,9.288139343261719,0.0
-0.39837777614593506,1.4378712177276611,0.0
-0.07026141881942749,6.927867889404297,1.6378735303878784
2.51668643951416,5.2555108070373535,0.0
2.5833005905151367,7.974494457244873,0.0
0.9157999157905579,5.256906509399414,1.9150145053863525
1.0192893743515015,7.86603307723999,0.0
1.2372798919677734,6.281808376312256,0.0
2.246760606765747,6.443587303161621,0.0
4.610350131988525,6.015065670013428,2.3244285583496094
0.7159293293952942,7.878977298736572,0.0
0.737125039100647,8.5840425491333,0.0
1.9751635789871216,4.96821403503418,0.0
3.588639259338379,6.10247802734375,0.0
2.9614691734313965,8.70217227935791,0.0
1.4716203212738037,0.9857858419418335,0.0
-0.07925959676504135,7.800753593444824,0.0
3.038080930709839,6.553617477416992,1.339231014251709
-0.1930558979511261,6.353043079376221,0.0
3.7492520809173584,5.096619129180908,0.0
4.783048629760742,5.074962615966797,0.0
1.2878741025924683,6.414262771606445,1.714843988418579
3.0430586338043213,5.171936511993408,2.131727933883667
1.780181646347046,7.540592193603516,0.0
9.298317909240723,4.094132423400879,0.0
2.9318017959594727,4.899550914764404,0.0
2.762866973876953,-0.10141538828611374,0.0
-3.7322099208831787,6.5874810218811035,0.0
-2.305392026901245,2.1545629501342773,0.0
-2.091928720474243,4.304051876068115,0.0
1.8766356706619263,-0.3285881578922272,1.95661461353302
-0.12094337493181229,3.0228686332702637,0.0
1.2387654781341553,9.18726921081543,0.0
7.0539960861206055,3.898984432220459,0.0
3.5057413578033447,2.6705996990203857,0.0
2.803774356842041,6.98660945892334,0.0
3.765530586242676,7.3877272605896,0.0
0.9910877346992493,3.016340732574463,0.0
1.462805151939392,3.9764819145202637,1.9973399639129639
0.03764721378684044,4.224127769470215,0.0
4.169016361236572,4.07260274887085,2.3942668437957764
-2.294461727142334,2.277452230453491,0.0
2.0014307498931885,3.0045862197875977,0.0
3.3653507232666016,4.221033573150635,0.0
-1.742218255996704,1.4108806848526,0.0
4.8248419761657715,5.372475624084473,0.0
6.593074321746826,3.468151330947876,0.0
7.935287952423096,5.089534282684326,0.0
3.796698808670044,6.554756164550781,0.0
8.67761516571045,5.45514440536499,0.0
3.0881433486938477,6.465839862823486,0.0
3.004441976547241,4.251951217651367,0.0
4.193871021270752,4.59376335144043,1.6751012802124023
2.829636812210083,7.066776275634766,0.0
2.763371467590332,8.899247169494629,0.0
3.49676513671875,5.791749954223633,0.0
0.8471063375473022,2.09419846534729,1.6325527429580688
6.396294593811035,3.6173341274261475,0.0
3.7680399417877197,5.538488864898682,0.0
3.3077681064605713,6.497856616973877,0.0
7.932987689971924,4.316317081451416,0.0
4.808310031890869,6.348262786865234,2.7570698261260986
1.8225005865097046,2.2144439220428467,0.0
3.9264729022979736,2.3275959491729736,0.0
4.1244354248046875,5.103278636932373,3.9446558952331543
1.3913931846618652,7.257626533508301,0.0
5.158206939697266,7.126194953918457,1.2570652961730957
8.422593116760254,4.154300689697266,0.0
-0.6994386315345764,5.763596057891846,0.0
0.6193498373031616,6.762545108795166,0.0
7.248141765594482,5.202949523925781,0.0
3.3973171710968018,4.126230716705322,1.4158835411071777
2.2526183128356934,7.677619934082031,0.0
2.893512487411499,3.4689104557037354,0.0
-3.3524081707000732,2.4017562866210938,0.0
2.1566598415374756,3.470895528793335,0.0
-1.964016318321228,10.071076393127441,0.0
2.651339530944824,6.8832011222839355,0.0
0.42580872774124146,8.955533981323242,0.0
6.360058307647705,3.5570015907287598,0.0
2.530405044555664,2.746835231781006,0.0
0.7501165270805359,0.505555272102356,0.0
3.077533721923828,3.46293044090271,0.0
3.9238929748535156,2.8641858100891113,1.768800139427185
0.9861310124397278,4.8805341720581055,0.0
2.1253371238708496,3.7548298835754395,2.2834606170654297
5.282149314880371,6.37211275100708,2.2203094959259033
2.307523727416992,3.431196451187134,0.0
5.364937782287598,4.405200004577637,3.1797804832458496
3.1549999713897705,5.653502941131592,0.0
-3.420971393585205,9.139396667480469,0.0
-0.07554727047681808,9.141336441040039,1.5518592596054077
4.173266887664795,5.731799602508545,0.0
-0.2380761057138443,-0.03994819149374962,0.0
1.1322530508041382,2.843893527984619,0.0
4.286716461181641,5.2963128089904785,0.0
9.615042686462402,4.844638824462891,0.7660620212554932
7.996043682098389,5.665323257446289,0.3271408677101135
5.08504056930542,6.639725685119629,2.467038631439209
4.768264293670654,3.047712802886963,0.0
2.2396903038024902,6.828198432922363,0.0
-1.0083343982696533,6.697734832763672,0.0
-2.4039080142974854,3.7408370971679688,0.0
4.660301685333252,5.871991157531738,0.0
0.08911674469709396,6.591495037078857,0.0
2.472306489944458,7.912509441375732,0.0
3.2684247493743896,5.6464104652404785,0.0
0.07945017516613007,9.610876083374023,0.0
4.862894058227539,5.3893842697143555,1.3511979579925537
-2.112222194671631,2.597527265548706,0.0
1.7481001615524292,3.1798019409179688,0.0
3.6999125480651855,0.5787144899368286,0.0
1.5300451517105103,5.93030309677124,0.0
4.133380889892578,5.077216625213623,2.602689743041992
-0.6462026238441467,7.919801712036133,0.0
0.10169510543346405,3.6505043506622314,0.0
2.3609821796417236,2.384300947189331,0.0
-0.5826040506362915,7.810051441192627,0.0
2.493070602416992,4.695047855377197,0.0
5.424703598022461,5.782736301422119,0.0
-0.6850389242172241,3.1582977771759033,0.0
-1.6835213899612427,6.790984630584717,0.0
-1.4338018894195557,0.003162030829116702,0.0
0.12675140798091888,7.083032608032227,0.0
0.4313272535800934,8.253622055053711,0.0
1.4162527322769165,2.2335364818573,0.0
1.1595677137374878,2.6878163814544678,0.0
-1.4531245231628418,5.764676570892334,0.0
-3.960031032562256,8.515748977661133,0.0
3.4763317108154297,6.949875831604004,0.0
4.7801642417907715,5.731688022613525,2.24031662940979
-0.8877087235450745,5.612534999847412,0.0
7.974111557006836,5.227583408355713,0.0
3.954888105392456,4.677399158477783,1.240227222442627
4.928664207458496,3.7163045406341553,0.0
-2.4378108978271484,3.7862391471862793,0.0
0.4473205506801605,7.427586555480957,0.0
2.690904378890991,3.0209689140319824,0.0
2.5313894748687744,7.033010005950928,0.0
-0.3708089590072632,8.366045951843262,0.0
3.7847371101379395,2.2276604175567627,0.0
-0.05896064639091492,5.327626705169678,0.0
3.3387718200683594,4.441537857055664,1.1837331056594849
-1.2336796522140503,5.826425075531006,0.0
0.832030177116394,8.523394584655762,0.0
4.16063928604126,7.218762397766113,0.0
4.252342700958252,4.69833517074585,2.5302176475524902
2.6625685691833496,3.564451217651367,0.0
-1.1899904012680054,5.266073703765869,0.0
0.9278956055641174,5.881820201873779,0.0
7.142826080322266,2.579467296600342,2.4685206413269043
1.0727256536483765,6.007759094238281,0.0
2.672790765762329,7.285034656524658,0.0
0.38759845495224,2.450503349304199,2.303485631942749
-0.8156854510307312,5.96425724029541,0.0
-1.1830580234527588,4.628814220428467,0.0
1.1046035289764404,4.016000747680664,0.0
-1.1148492097854614,7.16182279586792,0.0
1.9765608310699463,4.265286445617676,0.0
-1.8955823183059692,8.957605361938477,0.0
-0.7527283430099487,4.960754871368408,0.0
1.4350438117980957,5.8068647384643555,0.0
-3.390160322189331,7.13942813873291,0.0
5.47907829284668,4.214788436889648,1.6342110633850098
9.880404472351074,3.8596880435943604,0.0
2.7149875164031982,4.137468338012695,1.243729829788208
-2.6678755283355713,7.23202657699585,0.0
3.7066376209259033,0.9491497874259949,0.0
3.263810634613037,6.313272953033447,2.752659559249878
-0.17894324660301208,2.9611074924468994,0.0
-3.1763110160827637,2.577108383178711,0.0
0.366161584854126,3.0454888343811035,0.0
-0.5949205160140991,4.244948387145996,0.0
2.636874198913574,-1.8785905838012695,0.0
3.223578929901123,2.984238862991333,0.0
3.598980188369751,6.1573166847229,2.131073474884033
-0.4122507870197296,3.4785470962524414,0.0
-0.24004533886909485,7.6145124435424805,0.0
2.1816234588623047,8.045425415039062,0.0
8.02014446258545,2.826296091079712,0.0
9.226088523864746,6.190061092376709,1.1867296695709229
0.17809109389781952,1.3739157915115356,0.0
1.4764647483825684,4.289666175842285,0.0
2.0861358642578125,3.5019726753234863,0.0
1.222520112991333,8.568984985351562,0.0
6.590940475463867,4.928369045257568,2.758175849914551
1.916437029838562,6.344513893127441,0.0
5.054250717163086,5.857147216796875,1.6654711961746216
-0.9588142037391663,2.4252896308898926,0.0
1.0049893856048584,2.924647569656372,0.0
3.876272201538086,2.3309669494628906,0.0
0.35484230518341064,2.3912136554718018,0.0
-1.366102695465088,3.946453809738159,0.0
-6.056231498718262,3.5440263748168945,0.0
0.20050857961177826,2.0335981845855713,0.0
-2.6110785007476807,9.053078651428223,0.0
3.615849018096924,4.3252058029174805,0.0
4.858673572540283,6.558590888977051,1.5598244667053223
2.430516481399536,6.528661727905273,0.0
-4.533812522888184,7.631938934326172,0.0
-3.6304304599761963,7.494996547698975,2.0444552898406982
5.795926094055176,5.577879428863525,0.8888185620307922
2.075836181640625,3.7136590480804443,0.0
6.672525405883789,2.8687894344329834,0.0
-2.4581499099731445,6.142073631286621,0.0
-3.9110302925109863,2.447704792022705,0.0
8.88113021850586,4.914980888366699,1.6412203311920166
0.3491462469100952,4.8545427322387695,0.0
-3.7074005603790283,7.526425838470459,0.0
4.267909049987793,5.98001766204834,2.1922621726989746
-3.7241225242614746,5.595706939697266,0.0
0.9215755462646484,4.7709784507751465,0.0
2.9022748470306396,4.831600666046143,0.0
2.5318667888641357,5.813652515411377,0.0
2.243694543838501,3.414329767227173,0.0
0.020609408617019653,7.2512946128845215,0.0
0.6466285586357117,7.310694217681885,0.0
-1.02628755569458,10.383942604064941,0.0
-1.1410770416259766,6.511565685272217,0.0
-0.9585272669792175,6.20505428314209,0.0
-4.081796169281006,7.32642936706543,0.0
3.6729719638824463,7.1823954582214355,0.0
0.13042905926704407,2.3321993350982666,0.0
-1.6302449703216553,6.511795520782471,0.0
4.691333293914795,5.3926005363464355,2.5653185844421387
9.573200225830078,3.7682201862335205,0.0
-1.8638912439346313,7.234189987182617,0.0
0.9658065438270569,6.167180061340332,1.8888366222381592
1.5658339262008667,4.86205530166626,0.0
-2.6560981273651123,5.786382675170898,0.0
-0.6107174754142761,9.218436241149902,0.0
1.2782576084136963,6.746402263641357,0.0
0.034210205078125,8.79212760925293,0.0
1.354265570640564,4.776546001434326,0.0
2.775233745574951,8.368289947509766,0.0
-2.8327884674072266,9.148185729980469,1.6072016954421997
2.0010104179382324,1.5998210906982422,0.0
2.738645315170288,6.519069194793701,1.9745633602142334
-0.7511824369430542,2.062326431274414,0.0
-2.2811756134033203,9.802618026733398,0.0
-0.024171434342861176,8.492874145507812,0.0
-0.07519213855266571,8.365900039672852,0.0
0.6303349733352661,5.519809246063232,0.0
4.7196946144104,6.247432231903076,0.0
-0.39492031931877136,4.5251030921936035,1.8557751178741455
2.3956496715545654,4.777234077453613,2.0392043590545654
-1.086363673210144,3.6631548404693604,0.0
-0.9100059270858765,7.292485237121582,0.0
2.7124712467193604,-2.0134072303771973,0.0
1.4134076833724976,5.0585198402404785,0.0
-0.7623969912528992,6.684183120727539,0.0
-1.9423941373825073,6.090739727020264,0.0
-0.5542212724685669,3.643439769744873,0.0
1.715980052947998,3.12526798248291,0.0
9.99848461151123,5.609633445739746,0.0
-3.2238101959228516,7.575196743011475,0.0
-3.2033748626708984,2.636643648147583,0.0
1.2468047142028809,3.800854206085205,0.0
2.440394401550293,9.289848327636719,0.0
0.24851922690868378,3.585089683532715,0.0
1.3941106796264648,4.785678863525391,0.0
2.826754331588745,7.042585849761963,2.0129122734069824
2.447286367416382,3.133113145828247,0.0
2.2338993549346924,2.2698476314544678,0.0
-4.402775287628174,2.452871561050415,0.0
2.082268238067627,4.758779048919678,0.0
1.3997749090194702,2.407081127166748,0.0
-1.5016969442367554,3.5778746604919434,0.0
2.012634515762329,4.607692718505859,0.0
-0.08987437933683395,6.039658546447754,0.0
4.613569736480713,6.5501556396484375,1.348236083984375
1.6805994510650635,9.32077693939209,1.5642919540405273
-0.5704915523529053,4.473252773284912,0.0
-1.0738056898117065,4.665761947631836,0.0
0.36953288316726685,8.107439041137695,0.0
1.7435307502746582,4.832888603210449,0.0
0.02816256508231163,4.127306938171387,0.0
-0.7179499864578247,7.246187686920166,0.0
-0.7890835404396057,3.118152141571045,0.0
2.281078815460205,8.873581886291504,0.0
1.1215462684631348,2.597792148590088,0.0
0.943501353263855,5.252370357513428,0.0
1.2827668190002441,5.901387691497803,0.0
-2.4319028854370117,9.251630783081055,0.0
0.7355209589004517,3.4285354614257812,0.0
0.9800347089767456,7.229572296142578,0.0
-1.0073357820510864,7.868803024291992,0.0
-0.16550388932228088,1.801109790802002,0.0
-3.513258695602417,6.345259666442871,0.0
2.6253936290740967,4.191647529602051,0.0
3.0005135536193848,4.357426166534424,0.0
4.857835292816162,6.871715545654297,1.6262885332107544
8.8450288772583,3.332118034362793,0.0
-2.8123695850372314,6.687469482421875,0.0
0.8495171666145325,3.876831531524658,0.0
3.518004894256592,5.321352005004883,0.0
-3.257934808731079,6.907773971557617,0.0
1.184210181236267,5.685699939727783,0.0
1.7571156024932861,6.08110237121582,0.0
7.626662731170654,4.258270263671875,0.0
1.6572763919830322,3.0527498722076416,0.0
2.2578938007354736,7.976273536682129,0.0
-0.28326329588890076,4.343489170074463,0.0
-1.6545379161834717,4.152400970458984,0.0
-3.2593371868133545,9.198476791381836,0.0
4.683553695678711,5.07769250869751,0.0
