x,y,value
1.7686902284622192,4.840458393096924,0.00815940380096436
-0.7753066420555115,3.131962299346924,-0.08927371740341189
1.8203282356262207,8.000168800354004,-0.05927457332611086
1.7869333028793335,4.460730075836182,0.21704111099243162
-2.1213879585266113,10.305740356445312,0.40000273942947384
0.18289338052272797,5.965559005737305,0.1289575743675232
0.701729416847229,9.140024185180664,-0.3264823532104492
-0.721032977104187,4.691699981689453,-0.13698110580444336
2.8001906871795654,6.666482448577881,-0.3908160400390625
1.5690028667449951,8.620880126953125,-0.27622521698474883
2.8011035919189453,3.7149484157562256,-0.14090746760368345
-1.7805752754211426,7.4761962890625,-0.15745402574539186
3.264820098876953,6.096738338470459,-0.1068684834241867
8.799942970275879,5.462562561035156,-0.3100251579284668
2.9695658683776855,8.652464866638184,-0.11730890631675722
1.8236088752746582,5.7453179359436035,-0.41797019958496096
2.3623905181884766,7.212611198425293,-0.07686493754386903
0.9074247479438782,6.943155765533447,-0.30881500244140625
-0.00058314623311162,8.21694564819336,0.12877969980239867
0.9926198720932007,8.856407165527344,-0.4251377868652344
3.1887519359588623,5.81569766998291,-0.11092574119567866
-1.4579375982284546,5.602441310882568,-0.1901583480834961
3.96838641166687,6.02183723449707,-0.4273910140991211
2.1761832237243652,5.050922870635986,-0.34501220703125
2.2992210388183594,5.123153209686279,-0.3302435302734375
1.1353671550750732,6.106144905090332,-0.00823066115379334
3.8332114219665527,7.781440734863281,-0.3601406097412109
3.6074461936950684,4.602542877197266,0.17399229049682619
2.7634658813476562,6.503998756408691,-0.0022444272041320934
1.5466166734695435,9.267939567565918,-0.12588053405284882
4.792639255523682,3.754587411880493,-0.22133471965789797
2.9365346431732178,8.6151123046875,0.31418436050415044
0.04116610810160637,1.2877954244613647,-0.20077945709228515
-0.8187628388404846,7.745199680328369,-0.23149110794067382
-0.2608274519443512,7.581035614013672,0.2499446177482605
1.6002426147460938,8.937971115112305,-0.42761878967285155
7.009944438934326,2.9232192039489746,0.259222149848938
1.511698842048645,7.076325416564941,-0.06398325741291044
2.6495559215545654,3.6280970573425293,-0.2258861821889877
7.6521759033203125,2.566608190536499,-0.42734077453613284
2.148956537246704,8.550108909606934,0.028282082080841042
1.2503300905227661,6.870631217956543,-0.2320169895887375
2.7847888469696045,2.3632256984710693,-0.45787628173828127
3.5925331115722656,5.136969566345215,-0.17849931716918946
0.4887317419052124,1.775762677192688,-0.37777015686035154
-0.6726189255714417,9.872345924377441,-0.39068288207054136
2.7394497394561768,7.7767744064331055,-0.2171445149183273
5.652835845947266,3.6334714889526367,-0.2501254999637604
-0.5859003067016602,0.5975130200386047,-0.010969715118408219
2.5612897872924805,2.562894344329834,0.10644097089767457
-0.8203410506248474,1.2734451293945312,-0.05654420375823974
3.3196780681610107,4.479030609130859,0.14105363845825197
1.1982108354568481,7.2661309242248535,0.4920312833786011
7.0120768547058105,2.8742308616638184,0.08354499340057375
2.7404990196228027,3.5595626831054688,-0.2910031419992447
2.9709601402282715,8.415693283081055,0.1569367861747742
1.5971105098724365,7.534749507904053,0.021347570419311512
1.255202054977417,7.146905422210693,-0.44405330657958986
2.356633424758911,8.663192749023438,-0.39312850952148437
2.0334439277648926,8.759035110473633,-0.07033292174339295
2.1818199157714844,2.1979849338531494,-0.21273563385009767
1.5041698217391968,5.421416282653809,-0.008056262731552133
2.0632834434509277,4.177514553070068,-0.46989940643310546
-0.6499089002609253,6.221795558929443,-0.23073348999023438
6.760476112365723,2.9799790382385254,-0.28868409037590026
3.103915214538574,6.3729095458984375,-0.1236628878116608
-3.2172746658325195,9.79251480102539,-0.34650560379028317
-0.852013111114502,5.719568729400635,0.020174036026000985
-4.311685562133789,8.27953052520752,-0.1946421432495117
2.7419633865356445,6.896858215332031,-0.18754574954509734
1.498123288154602,0.6839514374732971,-0.3102408027648926
3.8347325325012207,6.63939094543457,0.1314814031124115
1.3916172981262207,4.011667251586914,-0.23404159545898437
0.9074513912200928,4.300107955932617,0.24837184429168702
-1.1186723709106445,4.509754657745361,-0.3042433166503906
1.8987764120101929,2.6056976318359375,0.006391075849533079
8.80977725982666,4.201570987701416,-0.4311299133300781
3.640608549118042,6.109217643737793,-0.24875709891319275
-1.898552417755127,8.40422534942627,-0.26789655685424807
0.1783585250377655,6.493265628814697,0.15278277397155762
1.4445468187332153,3.24517560005188,-0.12188315153121948
3.1413443088531494,8.540016174316406,-0.0715412533283234
5.094595432281494,3.972174644470215,-0.05957360029220582
-0.5358308553695679,7.425823211669922,0.053457583189010616
3.91294002532959,6.4842119216918945,0.4229563188552856
0.9731794595718384,2.8639285564422607,-0.007337950468063348
5.507724285125732,3.922913074493408,-0.3376458567380905
-0.7624530792236328,8.28310775756836,0.0357858121395111
1.9596731662750244,8.691930770874023,-0.1363773536682129
2.3749184608459473,5.7214508056640625,-0.33498138427734375
0.540779709815979,8.594961166381836,-0.27131452560424807
2.2515006065368652,8.715363502502441,-0.007155588865280171
0.7902565002441406,7.020461082458496,-0.24520303726196288
1.0524204969406128,5.116380214691162,0.40314247608184817
2.2128095626831055,6.973843097686768,-0.1547511452436447
0.9202266335487366,4.568451404571533,-0.3800267028808594
-2.400472402572632,2.0998525619506836,-0.1440712547302246
8.23691177368164,4.18079137802124,-0.10508510828018186
1.1208773851394653,2.188814163208008,-0.3379778289794922
4.091136932373047,4.881167411804199,0.0430686914920807
1.36530339717865,1.905063271522522,-0.22547870635986328
1.4810791015625,3.157301425933838,0.10952836275100708
0.5312268733978271,4.881251811981201,-0.13634593963623046
3.7612781524658203,2.8439557552337646,0.5491324043273926
-0.8447713255882263,1.485040545463562,0.1390390944480896
1.9173521995544434,4.795726299285889,-0.18245853424072267
1.2605429887771606,1.8036930561065674,-0.05084873437881471
4.7098541259765625,5.31002950668335,0.08749138116836547
0.6433279514312744,3.9189417362213135,-0.31476158142089844
1.2944310903549194,1.815826654434204,-0.20098388671875
2.3668923377990723,0.2505175471305847,-0.11499319076538086
0.20863021910190582,3.874452829360962,-0.18615299224853515
-0.18294605612754822,2.310335397720337,-0.13059264183044433
-4.263367652893066,6.139069557189941,0.18260784029960633
-2.983569860458374,6.073299407958984,-0.18027454376220703
3.036795139312744,5.82723331451416,0.9954712772369385
1.4613910913467407,3.4310877323150635,0.22815243721008302
1.270029067993164,2.603071689605713,0.09948032498359682
-4.121389389038086,2.9457807540893555,-0.11864432334899902
-1.0997761487960815,2.809368133544922,-0.008109600543975803
1.2192193269729614,2.7738006114959717,-0.16271808624267578
-2.206296920776367,0.5555468201637268,-0.18229877471923828
1.1774522066116333,4.399228096008301,0.17431603550910948
7.104996681213379,5.3323893547058105,0.36308510303497316
2.1070003509521484,-0.6534273624420166,-0.17127174377441406
1.4573928117752075,2.824704170227051,-0.11673921585083008
-3.7344303131103516,2.913438081741333,0.039895079135894795
-0.07879343628883362,3.6041617393493652,0.025322318077087402
-2.765752077102661,5.194526195526123,-0.2905690002441406
-0.5692529082298279,2.5656769275665283,-0.13179362297058106
4.300351619720459,4.662817478179932,0.6895694923400879
1.9640171527862549,5.706814765930176,-0.24980110168457031
3.387101650238037,2.2925708293914795,0.30355872631073
0.48708468675613403,1.2054338455200195,-0.14375871658325196
3.756418466567993,4.5804924964904785,0.21646767616271972
-0.010325443930923939,4.031106948852539,-0.14790820121765136
-3.1801395416259766,6.7327446937561035,-0.2500601768493652
1.6348326206207275,5.439579486846924,0.04657846331596374
4.057596683502197,1.9427720308303833,-0.16573827743530273
1.0543286800384521,2.762866735458374,-0.12140192031860352
0.8509449362754822,5.829938888549805,0.1704063367843628
-0.4819783568382263,2.7421414852142334,-0.21124357223510742
0.3969973623752594,3.707347869873047,0.4091926908493042
-2.6080844402313232,4.183070182800293,-0.281591625213623
2.9779984951019287,4.84291934967041,0.04942731738090517
6.729992866516113,5.311941146850586,-0.005666149854660019
0.25689107179641724,2.730278491973877,0.2618976998329162
3.8862926959991455,3.8772058486938477,0.5938771486282348
-0.6631030440330505,3.0456743240356445,0.21173499703407286
0.22661370038986206,2.825733184814453,-0.3751849365234375
3.69852614402771,2.4347164630889893,0.045964899063110354
2.2958436012268066,3.8639116287231445,-0.20560918807983397
3.8787753582000732,5.320283889770508,0.7260665035247803
3.720829725265503,4.371099472045898,0.40554224729537963
0.15907780826091766,4.005558490753174,-0.1905613899230957
-0.03558942303061485,4.142565727233887,-0.20634475708007813
1.3854299783706665,2.137178897857666,-0.2790279769897461
7.644799709320068,4.957180500030518,-0.4088311767578125
2.031904458999634,3.4438798427581787,0.18803044319152834
0.10551183670759201,1.7180092334747314,-0.19895957946777343
1.1741664409637451,3.042497396469116,-0.08906247138977051
0.7870160341262817,4.074889183044434,0.5276313233375549
-0.6097777485847473,3.1797139644622803,-0.08459287643432617
-3.7611641883850098,5.995010852813721,-0.10828469276428222
8.501888275146484,4.875683784484863,0.46598675489425656
4.2244768142700195,5.177395343780518,0.8168947410583496
9.321669578552246,3.79664945602417,-0.0799002432823181
-1.2021641731262207,2.1597094535827637,0.06132672786712645
-4.16579008102417,6.609581470489502,0.016938230991363545
1.3359030485153198,2.618835926055908,-0.39615837097167966
3.5796265602111816,6.412063121795654,0.9476369762420654
-2.9884727001190186,5.513586521148682,-0.2348977279663086
-2.9126689434051514,5.720271110534668,-0.170218563079834
4.060966968536377,4.668223857879639,0.9743571138381958
1.8825874328613281,8.77863597869873,-0.28656442642211916
0.95830899477005,1.6502712965011597,-0.2140896987915039
0.08397457748651505,2.135054349899292,-0.24235288619995118
5.679790019989014,3.5782816410064697,-0.02227877378463744
0.6611433625221252,2.2001872062683105,-0.14744037628173828
2.264873743057251,3.128011465072632,0.2084696853160858
-3.421236276626587,5.905632019042969,-0.342000846862793
-2.47786808013916,2.86026930809021,-0.25756927490234377
0.2575003504753113,4.274284362792969,-0.17361541390419005
-2.0568723678588867,3.3329293727874756,-0.18130346298217773
3.189692735671997,3.707246780395508,-0.11788020849227904
-2.600292205810547,6.537884712219238,0.02755018591880798
-1.0047850608825684,3.146486520767212,-0.2299744987487793
1.4440041780471802,2.5554986000061035,-0.09116477966308593
1.1328001022338867,3.219182252883911,0.22368062734603883
1.4880136251449585,2.352076292037964,0.2887355411052704
-0.181045800447464,3.7811293601989746,-0.11892489433288574
3.1878411769866943,3.0319669246673584,0.4814054536819458
-2.716063976287842,6.005385875701904,-0.11624566912651063
-2.70939564704895,4.0165839195251465,0.26304922223091126
2.240377902984619,-0.7207127213478088,-0.2707738494873047
6.21055269241333,3.3710646629333496,-0.046717026233673076
4.383741855621338,6.215223789215088,1.1703936195373534
2.075850486755371,4.792262077331543,-0.03905776381492615
1.0518766641616821,2.737534761428833,-0.3234262466430664
1.3714629411697388,-1.5808634757995605,0.2612418460845947
0.20721635222434998,4.551487922668457,-0.25022296905517577
0.5667025446891785,2.2707877159118652,-0.25299949645996095
1.099172592163086,2.296487331390381,0.05989680409431458
1.0083187818527222,3.2394018173217773,0.13341825485229492
1.6627018451690674,-0.8294950723648071,-0.22552690505981446
-3.8556554317474365,6.174473762512207,-0.2690019416809082
1.387465000152588,2.1547975540161133,-0.3009946060180664
-4.246719837188721,6.716123580932617,-0.35038200378417966
1.9023363590240479,3.446742534637451,-0.1568937873840332
-0.032932281494140625,4.56449031829834,-0.22487260818481444
1.2668551206588745,1.48824143409729,0.28258015632629396
2.4880645275115967,-0.9343295693397522,-0.3329011535644531
2.331430196762085,5.9417877197265625,0.29824353694915773
0.8061465620994568,0.3763619363307953,-0.2807198143005371
-3.6189045906066895,1.991504192352295,-0.14709766387939452
-2.3239548206329346,2.8435094356536865,-0.1725328254699707
7.20707368850708,2.7322773933410645,-0.40107090950012203
3.607887029647827,4.506050109863281,1.4168350982666016
-0.6470106840133667,3.2884249687194824,-0.2769904518127441
4.31717586517334,5.527577877044678,0.35719767332077024
2.525273084640503,3.5282137393951416,-0.22975364685058594
2.2534751892089844,4.585914134979248,0.19502027511596678
1.2661490440368652,3.067634105682373,-0.11815851211547851
1.6533535718917847,2.222637414932251,-0.22155155181884767
-2.6627650260925293,5.7945942878723145,-0.16528711318969727
5.584409713745117,4.542006492614746,0.04088247418403623
-0.7841774225234985,4.8841233253479,-0.25122579574584963
7.322607040405273,4.865598201751709,-0.27587480545043946
9.271509170532227,5.771054744720459,-0.23966365814208984
-0.41184002161026,4.085206031799316,-0.3558319091796875
-0.9411534667015076,3.157881498336792,-0.21212644577026368
1.002780556678772,5.618326663970947,0.2881506931781769
-4.105723857879639,2.483224868774414,-0.2658481025695801
-4.106571197509766,7.087329864501953,0.12396514177322387
-3.8820831775665283,6.006054878234863,-0.22411172866821288
1.31436026096344,2.417497396469116,0.021310772895813013
0.578273355960846,1.0741279125213623,-0.14495468139648438
1.6406298875808716,2.5830893516540527,-0.20201393127441405
3.245197296142578,2.389889717102051,-0.03413316965103147
-1.0954192876815796,2.0567095279693604,-0.3667241287231445
1.5813580751419067,2.428664445877075,0.013394296169281006
1.843328595161438,3.8637192249298096,-0.008053990602493288
2.274437665939331,2.6834216117858887,0.09062901377677918
0.42191243171691895,2.1740365028381348,0.16545917153358458
-0.9457364678382874,3.8573150634765625,0.25138038516044614
2.0501346588134766,5.028613567352295,-0.29461978912353515
-3.2505879402160645,6.841097354888916,-0.21030466079711915
0.47692233324050903,3.2440528869628906,-0.23540008544921875
-3.0421345233917236,3.6425626277923584,-0.25658843994140623
1.4885778427124023,4.34372615814209,-0.2470365905761719
0.07806584984064102,2.061300039291382,-0.1421455955505371
3.9437930583953857,2.088597059249878,-0.21317745208740235
3.492497444152832,4.721334934234619,0.785031509399414
-4.111846923828125,6.811720848083496,0.232475061416626
-1.7782366275787354,1.851133942604065,-0.18474245071411133
2.8959364891052246,2.1972498893737793,-0.15640289306640626
0.6740901470184326,2.9500608444213867,-0.08958498954772948
2.5712997913360596,7.586732387542725,0.16912806749343873
1.7708758115768433,2.323875904083252,-0.18977537155151367
-2.4505810737609863,6.664450168609619,-0.30096017837524414
-3.3190665245056152,7.08069372177124,-0.23988571166992187
-0.37143900990486145,4.375646114349365,-0.33203659057617185
0.8791092038154602,3.215623617172241,0.6005973052978516
1.3427013158798218,4.1457905769348145,-0.12510451316833496
2.3606674671173096,3.7149879932403564,0.2536726331710815
1.859400987625122,7.004030227661133,0.11728349208831787
0.314980149269104,2.5434517860412598,-0.19357975006103514
0.2878267765045166,2.4092180728912354,0.17526523470878602
5.523524761199951,3.412099838256836,-0.199884033203125
-2.14589524269104,8.325370788574219,-0.37292457580566407
2.700838804244995,6.62108850479126,0.3857684063911438
-3.4492831230163574,6.343592166900635,0.31021472692489627
-2.0124027729034424,4.950061321258545,-0.32112972259521483
-4.0561652183532715,6.987921714782715,0.22409533262252807
-0.023020125925540924,2.784372329711914,-0.16686038970947265
0.6440768837928772,3.824847936630249,-0.2322953987121582
2.91544246673584,3.9377541542053223,-0.20145366668701173
0.8499457836151123,5.269929885864258,-0.1489037322998047
1.013471007347107,2.4120750427246094,-0.15947296142578124
-3.283578634262085,6.768448352813721,-0.28697154998779295
-1.3107558488845825,2.983983278274536,0.38488160133361815
-0.6963827013969421,3.076108932495117,0.0005692946910857977
2.6952311992645264,0.026125987991690636,-0.32908935546875
0.0310092531144619,3.0923542976379395,0.19375901818275454
-3.250589609146118,5.847903251647949,0.16846248865127564
1.99003005027771,2.411325216293335,0.17537736892700195
-0.8815163969993591,1.5322335958480835,-0.18822616577148438
-2.1572928428649902,2.1251821517944336,-0.2105286407470703
-2.035179853439331,3.6583731174468994,0.06975272417068479
-0.7704344391822815,4.8221588134765625,-0.1563123893737793
-2.7290520668029785,8.417784690856934,-0.255201473236084
-1.3808400630950928,2.1517703533172607,0.3646031618118286
-2.809037446975708,5.814054012298584,-0.2123015594482422
2.5014443397521973,3.207888126373291,-0.047455540895462056
-2.62626314163208,7.794331073760986,-0.22849430084228517
-0.20496031641960144,2.1020452976226807,-0.18877159118652342
3.012260913848877,5.94589900970459,0.32083630561828613
-0.25557518005371094,2.0715107917785645,-0.32659912109375
0.538412868976593,2.138052463531494,-0.2593252182006836
-0.07833249866962433,3.3296031951904297,-0.2884952926635742
0.14787468314170837,1.7005289793014526,-0.040704202651977536
2.5665578842163086,-0.4400647282600403,-0.259287052154541
-3.299208879470825,6.874598503112793,0.3007603096961975
-0.8624657988548279,3.2358341217041016,-0.15102609634399414
3.6364877223968506,2.6431400775909424,-0.12184515953063965
1.348723292350769,1.9344395399093628,-0.3932365417480469
1.6821143627166748,3.1590468883514404,0.050113536119461066
-1.4582171440124512,3.9552125930786133,0.10772342681884767
-3.8225669860839844,7.615478038787842,0.2740019464492798
6.4299516677856445,3.3045620918273926,-0.011458601951599146
9.525341987609863,3.751354932785034,-0.37721694946289064
7.82719087600708,5.392364025115967,0.14577375054359437
1.4520472288131714,3.4383704662323,0.13031804442405703
2.2469675540924072,2.651054620742798,0.17016695499420165
0.09791495651006699,0.6369658708572388,-0.2270638847351074
-3.314116954803467,7.112849235534668,-0.3324692916870117
1.1210198402404785,2.0004475116729736,-0.38240402221679687
0.47516679763793945,3.4159276485443115,0.1329541301727295
2.6063125133514404,2.6785213947296143,-0.010595788955688468
0.12153838574886322,1.3498061895370483,0.1629357612133026
1.0351217985153198,-0.08661013841629028,-0.09662220954895019
0.35998624563217163,2.936612606048584,0.5773645687103272
1.8464676141738892,1.7425676584243774,-0.24638067245483397
4.705036163330078,5.931440830230713,1.2685848426818849
-0.024442678317427635,2.01796817779541,-0.14357666015625
8.925548553466797,5.772432327270508,0.27030492305755616
1.939607858657837,3.7543580532073975,-0.19492645263671876
1.7430177927017212,-0.05073504522442818,0.062349883317947385
1.0901392698287964,2.7690346240997314,-0.4560002136230469
-1.1719439029693604,2.0934572219848633,-0.18655048370361327
-2.779172658920288,2.0909132957458496,-0.18868137359619142
0.9351856708526611,1.9984633922576904,-0.21410717010498048
-2.933885335922241,5.893412113189697,-0.22018400192260743
8.28071117401123,3.050170660018921,-0.5080317687988282
-0.3847469091415405,3.324230909347534,-0.3061404800415039
2.4024059772491455,1.7854833602905273,0.19902581930160523
2.795982837677002,3.487643241882324,0.04270883560180663
-1.1250871419906616,2.375964879989624,-0.18626041412353517
4.9802398681640625,7.061846733093262,0.6554705905914306
-4.077869892120361,7.0425543785095215,0.47254550218582153
2.9061810970306396,4.7763590812683105,-0.00522868752479555
1.6755461692810059,2.001716136932373,-0.21386272430419923
0.10787277668714523,5.155452728271484,0.13773515462875366
1.458370566368103,3.656846284866333,-0.3148640251159668
-3.3347268104553223,5.6622090339660645,0.184304358959198
-3.1052792072296143,3.4368600845336914,-0.20785858154296874
2.3012633323669434,6.394449710845947,0.10469861149787901
2.208148717880249,4.7996721267700195,-0.14106352806091307
1.1688193082809448,2.8689112663269043,-0.17441747665405274
3.07629656791687,6.324985504150391,-0.08446905493736268
0.021013395860791206,4.392719268798828,0.1646585464477539
-2.0115158557891846,3.155784845352173,-0.34150333404541017
-3.40575909614563,6.527703285217285,-0.1564198303222656
1.63985276222229,1.1819270849227905,-0.31291765213012696
2.961972713470459,-1.003881573677063,-0.10715452194213868
0.3035361170768738,6.3664679527282715,-0.15787578582763673
-4.181974411010742,7.484503746032715,-0.0538402670621872
5.865715980529785,3.6226067543029785,0.2946053957939148
1.3111586570739746,2.871835708618164,0.09628764986991883
6.266147136688232,3.2219882011413574,-0.4708483123779297
-2.4846601486206055,5.412564277648926,0.44417628049850466
2.2590324878692627,7.386445999145508,0.41479079723358153
-2.766524076461792,3.8051517009735107,-0.13634593963623046
-3.2835044860839844,7.542637348175049,-0.05881584763526915
1.752895474433899,4.296731948852539,-0.19175498485565184
2.823615074157715,-0.4753926694393158,-0.16857080459594725
1.9603722095489502,2.6237192153930664,-0.3002912521362305
0.767936646938324,2.3473172187805176,-0.22241600036621093
0.91944420337677,1.7585772275924683,-0.31291263580322265
-2.2723822593688965,0.8266682624816895,0.002773429155349727
-0.5057008266448975,3.7437875270843506,-0.2169443702697754
-2.764937162399292,6.828926086425781,0.03987728834152221
-2.2459535598754883,7.396914005279541,0.5933782720565797
-2.865884780883789,5.190580368041992,-0.25391225814819335
-3.7610385417938232,2.265719413757324,-0.30881900787353517
-2.491497039794922,8.95805549621582,0.05116812586784364
-3.316457509994507,5.6191301345825195,-0.22001899719238283
1.0084757804870605,4.886655330657959,-0.24207460403442382
0.2788696885108948,1.116326928138733,-0.22516563415527344
-1.0653213262557983,2.8938677310943604,0.02754858851432801
-1.4838353395462036,0.15916134417057037,0.21915537953376768
-3.115645408630371,6.231940746307373,0.010548832416534426
-2.948917865753174,8.264583587646484,0.14401687860488893
0.9593268036842346,2.693530797958374,-0.35254386901855467
-1.3784215450286865,4.2115983963012695,0.5475865650177002
4.073737144470215,3.4733002185821533,-0.24408065795898437
0.3087066113948822,4.04606819152832,-0.2633623886108398
-0.369853138923645,3.878232955932617,0.06554420709609987
-1.014479398727417,3.413034677505493,-0.12359762191772461
3.5439982414245605,5.202308654785156,0.853493242263794
2.8351638317108154,6.4628472328186035,0.5751566052436828
1.3944580554962158,4.89400053024292,-0.15005364060401916
1.9040473699569702,4.549081802368164,0.11460185527801514
-1.015701174736023,3.380725622177124,-0.37730525970458983
1.1851582527160645,2.2351772785186768,0.3849232316017151
-3.7221570014953613,7.108940601348877,-0.1973880958557129
-1.8976446390151978,2.3673317432403564,-0.3583055114746094
-0.8788368105888367,5.742440223693848,-0.32370601654052733
-3.4078686237335205,7.604883670806885,-0.10160811424255371
3.506789207458496,4.755548477172852,0.34008588075637813
6.096912860870361,3.1197757720947266,-0.1606597137451172
0.39097708463668823,3.8315253257751465,-0.17955486297607423
1.1402863264083862,1.8531769514083862,-0.25942211151123046
-1.0031665563583374,5.900041103363037,0.45148197889328
-3.6337687969207764,7.3179030418396,0.0817154312133789
2.4292683601379395,2.7371068000793457,-0.16924888610839844
-0.8780129551887512,1.2060766220092773,-0.3271983337402344
-1.1284537315368652,2.1778857707977295,-0.1563132095336914
-1.088651180267334,1.9407403469085693,-0.21460025787353515
-0.9849575161933899,3.616000175476074,-0.31215581893920896
-0.032782889902591705,3.857947587966919,-0.35304931640625
3.535429000854492,5.6393280029296875,0.8202687740325928
-0.8145567774772644,2.931727647781372,-0.30769100189208987
1.4285911321640015,4.5674872398376465,0.17014181256294253
-4.329521656036377,7.424632549285889,-0.23732297897338867
-1.3400764465332031,0.596405565738678,-0.18288568496704102
3.136502504348755,3.0229134559631348,-0.2516683578491211
-3.855619430541992,6.64139986038208,-0.13698110580444336
3.1714258193969727,-1.3275866508483887,-0.20196056365966797
0.36188775300979614,3.662567377090454,-0.2743783950805664
-3.696413278579712,7.260444641113281,-0.35243610382080076
2.862034559249878,5.389007091522217,0.01729769587516783
2.295853853225708,-1.3766429424285889,-0.24315662384033204
-0.2548682391643524,2.7696263790130615,-0.17880687713623047
3.5892322063446045,4.624384880065918,0.11484366297721865
-0.2158970683813095,1.6093274354934692,-0.37676769256591797
1.145338535308838,-0.2974337339401245,-0.21733324050903322
2.706958055496216,1.9845259189605713,0.016316485404968273
2.336498737335205,2.9816019535064697,-0.21198726654052735
-0.156611368060112,3.924480438232422,-0.2167509651184082
9.480795860290527,5.142827987670898,0.31150861740112307
-1.4978442192077637,3.2399184703826904,-0.33409034729003906
-4.0215606689453125,3.2028489112854004,-0.32294464111328125
2.2731690406799316,5.250016689300537,0.05976505994796755
2.3738579750061035,6.903932571411133,-0.3139781379699707
-0.06758245080709457,4.053299427032471,0.08415066123008727
2.9644527435302734,2.047788143157959,0.20037405014038084
3.088144063949585,4.140966415405273,0.8521828460693359
1.8242182731628418,-1.1446291208267212,-0.2816713523864746
1.213448405265808,1.600640058517456,0.04209565520286562
2.28875994682312,1.7943092584609985,-0.18421228408813475
3.5828475952148438,4.584436416625977,1.027978310585022
3.6938529014587402,4.6303558349609375,0.5571371984481812
-2.630782127380371,2.113288402557373,0.1684497606754303
0.8003265857696533,2.7197983264923096,-0.3025835418701172
-3.0194740295410156,8.734162330627441,-0.03398715615272524
2.0599963665008545,3.7355711460113525,-0.05534933447837831
0.9945284128189087,2.283390998840332,0.5177780079841614
-2.952730178833008,4.826993942260742,-0.13908554077148438
0.9780024886131287,3.771864175796509,-0.2168861961364746
2.807725429534912,6.81032657623291,0.02120633840560915
-1.080306053161621,1.8841826915740967,-0.1383526134490967
-1.2017868757247925,3.0437235832214355,-0.17592912673950195
0.4076220989227295,4.701837539672852,-0.20383146286010742
3.264786958694458,5.942716121673584,0.4325421929359436
4.495369911193848,2.823453903198242,-0.06598174929618833
1.1442227363586426,3.0525057315826416,-0.27622196197509763
1.1690739393234253,3.538141965866089,0.7504734897613525
0.9348922967910767,3.1034512519836426,-0.05297623395919798
4.007021427154541,5.362036228179932,0.7378401708602905
1.2991046905517578,2.922004461288452,0.01789334177970886
-0.015487715601921082,4.266499042510986,-0.3496690368652344
-2.160466432571411,6.199700832366943,-0.2142900276184082
2.6708028316497803,4.168427467346191,0.38997962474823
-0.37553760409355164,5.831363677978516,-0.24548154830932617
-0.7620634436607361,3.473572015762329,-0.2878120231628418
2.2653396129608154,6.341426372528076,-0.23701839447021483
1.6301277875900269,0.14820587635040283,-0.37117202758789064
3.027139186859131,4.323731422424316,0.8059112071990967
1.4036628007888794,3.863105297088623,-0.38381378173828123
4.378325939178467,5.119926929473877,0.5168802428245545
-2.4913816452026367,3.536383628845215,-0.28633121490478514
2.6485817432403564,2.695347547531128,0.1462385606765747
0.864090621471405,2.6153762340545654,-0.2338734436035156
4.3976240158081055,6.526079177856445,0.39137927055358884
2.874678373336792,-0.9286647439002991,0.12258124589920044
1.2078369855880737,2.0237460136413574,-0.24550395965576172
-1.2380242347717285,1.0476605892181396,-0.20446069717407225
-4.228957176208496,7.03018045425415,-0.16146306991577147
2.608792543411255,-0.7886361479759216,-0.43793449401855467
1.7916836738586426,2.5810132026672363,-0.28545801162719725
-0.19449765980243683,2.924341917037964,-0.14840800285339356
-0.5565943717956543,2.0492427349090576,0.04155999183654785
0.826246440410614,1.6461353302001953,-0.17537946701049806
3.6391820907592773,4.895486354827881,0.4266240644454956
1.263819694519043,6.104709148406982,-0.30533016204833985
3.4747424125671387,6.296896934509277,0.16541385412216186
-0.47494858503341675,4.225282192230225,-0.2673995018005371
7.729806900024414,4.209817409515381,-0.25819341659545897
8.582754135131836,3.376624584197998,0.4543725776672364
-1.2355090379714966,1.9272712469100952,-0.1557731246948242
3.423988103866577,4.456272602081299,0.4809316921234131
1.2335232496261597,1.3941071033477783,-0.22328767776489258
-3.3264997005462646,2.5531694889068604,0.17462110996246338
-3.3692803382873535,6.311185836791992,0.4088975477218628
1.9953651428222656,5.496755599975586,0.4490415811538696
0.2110746204853058,1.5716967582702637,-0.272096061706543
8.904712677001953,5.191850185394287,-0.5095748138427735
-3.59238338470459,2.322113513946533,-0.27088228225708005
4.836254596710205,5.57919979095459,1.4985852813720704
0.4191529452800751,2.1461896896362305,-0.2117970085144043
9.464176177978516,4.602625370025635,0.04993966937065125
2.8971288204193115,4.7535200119018555,-0.202537899017334
-1.0760061740875244,0.39540982246398926,-0.3196334075927734
-0.7151637077331543,2.0371479988098145,-0.08983494758605957
-4.763651371002197,7.107154369354248,-0.010040038824081443
-2.804330825805664,3.790160894393921,-0.19651111602783203
0.18628911674022675,2.9593567848205566,-0.17230619430541994
-1.3776696920394897,2.392049789428711,0.0673218882083893
2.0160176753997803,1.3197431564331055,-0.24009815216064453
8.207951545715332,2.6632485389709473,-0.3695181655883789
1.8876183032989502,3.0631163120269775,0.12975336909294127
1.8362482786178589,-0.3738608658313751,-0.29801139831542967
-2.1400787830352783,2.6009135246276855,-0.21599456787109375
2.2485156059265137,2.8798317909240723,-0.1562220573425293
-1.9810205698013306,2.2240891456604004,0.3246232008934021
-0.31479668617248535,2.947482109069824,-0.29579654693603513
-0.04593454301357269,2.879394054412842,-0.11956426620483399
-3.319821357727051,3.812594175338745,-0.24859703063964844
-3.2900197505950928,3.263676881790161,-0.29148250579833984
1.4419143199920654,1.8532642126083374,0.2215472149848938
-2.6702282428741455,1.1684812307357788,0.13021211743354796
-0.3711784780025482,3.2754313945770264,-0.17520833969116212
3.556975841522217,4.506748199462891,-0.23734476327896115
2.4335708618164062,6.009758472442627,-0.343344612121582
2.674903154373169,3.1690802574157715,-0.1409524440765381
-2.326587677001953,7.188969135284424,-0.22246387481689453
1.2506464719772339,9.304713249206543,-0.3238633346557617
-0.6967474818229675,6.8336920738220215,-0.3866780853271484
-2.149979829788208,8.07532787322998,-0.2795771408081055
1.7283308506011963,4.61577033996582,-0.01779106020927429
1.9468241930007935,2.2340941429138184,-0.36775482177734375
0.2585817873477936,3.562108039855957,-0.29223453521728515
1.2006354331970215,1.7499830722808838,0.12753571152687074
0.9572696089744568,7.414570331573486,-0.3326772308349609
0.048787567764520645,3.322676181793213,-0.29547746658325197
1.3631287813186646,3.8014514446258545,-0.15615189433097837
1.5179871320724487,2.3188393115997314,-0.5775909042358398
7.278955936431885,4.027669906616211,-0.2983744156360626
1.549928069114685,7.669746398925781,-0.039117276668548584
1.619848608970642,3.5574607849121094,0.1879297876358032
-2.843991279602051,6.5791544914245605,-0.3990549850463867
-2.396880626678467,2.739866018295288,-0.16442604184150694
1.7264894247055054,9.09731388092041,-0.3698067653179169
1.924916386604309,1.7457637786865234,-0.027634592056274387
-0.997448205947876,2.1032347679138184,-0.20795181274414062
9.160258293151855,4.081954002380371,-0.4750490188598633
0.04278130456805229,7.498974323272705,-0.26167898178100585
-2.9947988986968994,7.942301273345947,-0.06148687243461609
-1.9541302919387817,4.5480146408081055,0.20283830165863037
0.754703938961029,6.367988109588623,-0.3142856788635254
0.68520188331604,4.215722560882568,0.03284933090209963
0.8354767560958862,4.273784160614014,-0.39679283142089844
-0.10104905813932419,9.488489151000977,0.4452017140388489
0.5852236151695251,9.404993057250977,-0.39836830139160156
2.624460458755493,5.18571662902832,0.12920015931129458
-1.4962252378463745,2.3621182441711426,-0.21344472885131835
1.1426126956939697,3.9724507331848145,0.5120509004592896
0.8268502354621887,2.2251880168914795,-0.24081855416297915
3.8394761085510254,2.429218292236328,-0.22660348892211915
-0.9445310831069946,7.489266395568848,-0.2062716203927994
1.9984842538833618,4.914603233337402,-0.06113899469375611
2.817378520965576,8.284696578979492,-0.39386729598045345
-2.4172451496124268,2.987727165222168,-0.38137664794921877
0.13209517300128937,6.831007480621338,-0.26114505767822266
-0.6182803511619568,2.2605271339416504,0.03564487934112548
0.809497058391571,2.5716915130615234,-0.30915424346923825
1.5994244813919067,5.199467658996582,0.005847049951553329
2.910642147064209,5.828111171722412,0.0013545465469360085
1.1880220174789429,7.531795024871826,-0.2905585479736328
2.4662654399871826,0.32057732343673706,0.044905133247375495
-2.915817975997925,2.7666823863983154,-0.1405557346343994
0.8308988213539124,1.3812589645385742,-0.48957290649414065
-0.01009051501750946,4.560051918029785,-0.2142842233181
-0.7975720763206482,5.5029683113098145,-0.37202159881591795
2.8689723014831543,3.126734733581543,0.04682993292808535
2.597857713699341,-1.3632057905197144,-0.21305822372436523
-2.9996607303619385,5.231965065002441,-0.3095224380493164
4.705448150634766,2.4286465644836426,-0.3131963539123535
2.3053083419799805,3.434683322906494,0.2740513563156128
-0.5348094701766968,7.757133483886719,-0.25248313903808595
2.0452468395233154,7.266158580780029,0.12335449337959292
0.16284073889255524,3.3874733448028564,-0.38586647033691407
-0.7123594284057617,5.054687023162842,0.5049528932571411
3.8857080936431885,2.934588670730591,-0.11825111567974089
-2.7314274311065674,1.9898715019226074,-0.29172138214111326
-0.2052299827337265,7.133273124694824,-0.07973710656166078
1.8662347793579102,5.709875583648682,-0.3595074462890625
3.715024948120117,6.053986549377441,0.2779894995689392
3.001512289047241,1.3749563694000244,-0.49005966186523436
-0.7085207104682922,9.302748680114746,-0.333748893737793
0.33147022128105164,1.3794996738433838,-0.230299129486084
2.537444591522217,2.5346145629882812,-0.33900192022323605
2.5825881958007812,-1.2549959421157837,-0.14969571590423586
7.807047367095947,2.5656845569610596,-0.1673592567443848
1.2756397724151611,6.289574146270752,-0.15062840580940245
1.5010868310928345,9.595176696777344,-0.1662424564361572
-2.3068313598632812,7.894320964813232,-0.29192922413349154
3.120257616043091,4.679418563842773,0.13713180541992187
-2.5473670959472656,3.8771169185638428,-0.3522291564941406
-0.4099051356315613,0.3271215856075287,-0.2757541465759277
2.31738018989563,6.594839096069336,-0.21820709228515625
-1.014107346534729,5.67679500579834,0.06947901487350466
0.6767544746398926,8.537734985351562,-0.006510690450668322
-3.0957367420196533,6.739231586456299,0.18060420513153075
1.2253234386444092,6.8947248458862305,-0.3286153030395508
0.6378046274185181,9.016571998596191,-0.3836346054077148
0.7922028303146362,8.863621711730957,-0.558914909362793
2.618100881576538,4.4401021003723145,-0.2843684959411621
1.6023396253585815,6.191007137298584,0.08517379641532896
-0.6817777752876282,1.2129013538360596,0.04127802729606628
3.5944793224334717,2.1445047855377197,0.02667988419532774
2.508420705795288,3.194169759750366,0.021550321578979514
3.291408061981201,7.450925350189209,-0.538032341003418
-0.13440001010894775,1.5982823371887207,-0.12157496452331543
1.9201446771621704,1.9331995248794556,-0.045950164794921866
4.03975248336792,0.946069061756134,-0.14085126161575318
-3.666883707046509,5.9844536781311035,-0.2801988810300827
-0.7286921143531799,2.3491098880767822,-0.37597003936767576
-1.598984956741333,5.098662853240967,-0.2793702161312103
2.043599843978882,4.208137035369873,-0.30599924087524416
-1.0980677604675293,8.599997520446777,-0.01034521222114565
0.7773700952529907,3.597869396209717,-0.13584850311279298
-0.7098328471183777,6.145264625549316,-0.3359706115722656
0.30830812454223633,2.7492947578430176,0.31977836847305297
0.11099938303232193,5.056708812713623,-0.045467684268951425
3.49609112739563,5.137973785400391,-0.1602694207429886
-1.0904258489608765,2.5093889236450195,-0.20942834854125977
2.083414077758789,2.5882675647735596,-0.009370449781417822
-0.1531539410352707,7.103683948516846,0.1726855969429016
-3.3213815689086914,3.7874915599823,-0.05928463041782378
4.275198459625244,6.576744079589844,0.5175046586990357
-1.0456011295318604,4.406893730163574,-0.2458605194091797
1.8194493055343628,-0.8721786141395569,-0.3700395202636719
1.2067453861236572,3.3041632175445557,-0.29492300033569335
-0.7520114779472351,7.729487895965576,-0.1908928108215332
-2.021139621734619,6.660120010375977,-0.40040237426757813
-0.38257789611816406,3.6722636222839355,-0.19237522125244141
-2.790808916091919,4.201993465423584,-0.32999717712402343
2.634439706802368,3.0424468517303467,-0.16399021506309508
-3.0344250202178955,2.0124011039733887,-0.15734115600585938
0.6386138796806335,4.510518550872803,0.15402788519859315
-2.0384368896484375,3.0390372276306152,-0.15920679092407228
1.9222490787506104,5.114351749420166,-0.46954341888427736
0.41606995463371277,6.391274929046631,-0.1962226700782776
-1.1007053852081299,8.77855396270752,-0.22130816936492925
-1.652819037437439,7.972233772277832,-0.5271048355102539
2.327866792678833,3.458009719848633,-0.3921398162841797
0.7295001149177551,9.377607345581055,-0.26595804989337923
-1.1494492292404175,5.486045837402344,-0.0626269781589508
-0.16308918595314026,4.370260715484619,-0.4063859939575195
-0.04050663113594055,3.9553396701812744,0.27469104290008545
1.7959213256835938,2.719158887863159,-0.3280884552001953
0.310787558555603,9.244877815246582,0.21549860477447508
1.0012426376342773,1.1955981254577637,-0.36414867401123047
-1.5831581354141235,1.745679259300232,-0.28309356689453125
1.8877341747283936,4.00720739364624,-0.3768021011352539
-0.3889368772506714,4.053946495056152,0.07742793083190919
1.6785292625427246,6.5063323974609375,-0.015012474060058567
1.069248080253601,6.1735968589782715,-0.08573801994323732
0.2865299582481384,5.282628536224365,-0.4060558319091797
0.514044463634491,6.833649158477783,-0.20948631286621094
-0.3153649866580963,2.346395969390869,-0.30679786682128907
0.6095057725906372,3.3504483699798584,-0.1761429572105408
-1.0785062313079834,2.6219136714935303,-0.34033210754394533
-1.1300297975540161,3.202861785888672,-0.3991327667236328
2.874223232269287,-1.1837053298950195,0.059940853118896464
1.760905146598816,3.6043403148651123,-0.2947482490539551
7.59619665145874,2.6619627475738525,-0.27155673325061797
1.844282627105713,3.992060422897339,-0.44868328094482424
-1.4826921224594116,8.29612922668457,-0.359339309334755
3.991422414779663,7.32744836807251,-0.011752085685729996
-3.380384683609009,6.827398300170898,-0.28557919323444364
-1.50536048412323,5.233752250671387,-0.24435707092285155
1.3973239660263062,9.218194007873535,0.18989811182022093
-1.5558154582977295,6.931381702423096,-0.25887834548950195
1.4515808820724487,5.510496139526367,0.3656173253059387
0.8857961297035217,6.803451061248779,-0.3812958526611328
0.9126323461532593,3.056519031524658,-0.22373418807983397
0.4132579565048218,1.5822166204452515,-0.3911221694946289
-0.7620225548744202,6.2614569664001465,-0.24265390396118164
0.2528541684150696,5.254513740539551,0.3951524090766907
-0.4748047888278961,8.225561141967773,-0.41394161224365233
1.9668493270874023,3.1945242881774902,-0.4199666976928711
-0.8178295493125916,5.1865949630737305,-0.24352540969848632
2.159538745880127,7.8692779541015625,-0.332905158996582
0.6503883600234985,5.23524284362793,-0.07929497003555297
1.4079231023788452,3.5960490703582764,-0.19886328041553497
-4.644524097442627,7.428967475891113,-0.12626595377922056
2.5866174697875977,7.222795486450195,-0.3230754852294922
-0.4963497519493103,1.4713897705078125,-0.392655143737793
1.741380214691162,8.500677108764648,-0.23238885760307315
1.0955129861831665,3.4700911045074463,-0.11969458818435669
-0.23178261518478394,8.1531400680542,-0.18322059631347656
8.49787425994873,4.4571075439453125,0.7775935697555542
1.206303358078003,6.6776275634765625,-0.2034523594379425
6.41790246963501,3.711251974105835,-0.04201714754104613
-0.07372811436653137,8.840670585632324,-0.15060957312583922
1.1427969932556152,-0.0603976733982563,-0.3492800521850586
3.334472179412842,2.0683650970458984,0.04054190039634703
2.4331767559051514,5.015663146972656,0.05257112145423887
1.1946858167648315,5.745333671569824,0.10762001037597657
2.166410446166992,3.951274871826172,-0.16535184741020204
1.7916635274887085,1.1945853233337402,-0.43094337463378907
1.9534357786178589,4.588619232177734,-0.1586425280570984
3.0243337154388428,-1.4935481548309326,-0.2459727132320404
1.5305068492889404,5.919313430786133,-0.31182266235351563
3.143989086151123,4.6319169998168945,0.6486363410949707
4.80587911605835,6.661125659942627,0.8899688053131103
2.585905075073242,8.298065185546875,0.10011806368827819
2.917705535888672,-1.5290409326553345,-0.2942768859863281
-1.7518877983093262,0.3670053780078888,-0.4131335830688477
-1.4672690629959106,10.249486923217773,-0.03660716056823732
3.36008882522583,0.274138480424881,-0.33168037414550783
2.6430811882019043,8.455100059509277,-0.15468792676925658
2.4214699268341064,8.48727035522461,-0.0770564329624176
3.200972080230713,6.711652755737305,0.06015529155731203
2.2757794857025146,5.105313301086426,-0.2898311507701874
2.8771934509277344,3.145232677459717,-0.32607704162597656
-3.6264259815216064,7.596286296844482,-0.16131715655326845
1.9356375932693481,5.863056182861328,-0.12252139210700991
2.2678797245025635,2.067600727081299,0.21973755836486816
1.3792428970336914,4.299532890319824,-0.43503890991210936
2.7949068546295166,6.6294355392456055,-0.20292055726051328
-1.5241389274597168,3.75058913230896,-0.4441033935546875
0.4485548436641693,6.239969730377197,0.12039993166923524
4.726176738739014,3.1007161140441895,-0.24479918062686923
-0.39254850149154663,3.248734474182129,-0.38740638732910154
3.23677921295166,6.131283760070801,0.247772696018219
-1.5242639780044556,3.311737537384033,-0.28736330032348634
-1.636338710784912,4.2636847496032715,-0.3357246398925781
2.6155080795288086,2.5427491664886475,-0.19698556900024414
-2.235884428024292,3.1961162090301514,0.13936757326126098
3.885798454284668,4.915395259857178,0.461947979927063
0.9275669455528259,2.880577802658081,-0.21760801315307618
-2.994621515274048,3.4707958698272705,0.09321452736854552
1.2480649948120117,1.6954468488693237,-0.2362963104248047
-2.922122001647949,7.967573642730713,0.1100235676765442
5.3614501953125,3.9932920932769775,-0.2212773275375366
2.9679253101348877,2.6025233268737793,-0.335066032409668
-0.06771844625473022,7.042389392852783,-0.2710308837890625
3.5438404083251953,4.331588268280029,-0.2647352778911591
3.6832427978515625,6.648812294006348,0.3061063575744629
1.8546756505966187,6.311202526092529,-0.024880533218383794
-2.032276153564453,3.1941535472869873,-0.40145484924316405
-2.4121928215026855,3.5693392753601074,-0.31354772567749023
-1.5762284994125366,6.482537269592285,-0.041364946365356425
2.502622127532959,-1.8902987241744995,-0.38776565551757813
-0.6860910058021545,8.706843376159668,-0.38011868834495544
-0.64958256483078,5.968236446380615,-0.39457809448242187
-0.8990016579627991,1.2096869945526123,-0.09313020706176758
1.1468300819396973,9.10402774810791,0.014449310302734386
0.7027405500411987,3.8747570514678955,-0.3749831771850586
2.5192720890045166,0.3119402527809143,-0.2530336761474609
-0.17707957327365875,3.7987864017486572,-0.3441378402709961
-1.0541294813156128,3.976860523223877,-0.25218658447265624
-2.8390254974365234,7.807036876678467,-0.5053561782836914
4.315877437591553,3.4741618633270264,0.09233897686004638
-2.9443814754486084,3.9858145713806152,-0.1022551327943802
1.1286898851394653,3.747018575668335,0.09473057985305788
-1.994864821434021,8.654455184936523,0.13150600910186772
0.3853727877140045,2.3363561630249023,-0.03305874466896058
0.21157841384410858,8.319482803344727,-0.18242079377174375
-0.10044719278812408,0.2510381042957306,0.06933907628059388
1.4773805141448975,7.351083278656006,0.09567982435226441
-3.0360944271087646,6.233776092529297,-0.05456813812255862
-2.681553602218628,6.744716644287109,-0.3390216064453125
2.2267367839813232,2.9381496906280518,-0.06007333397865294
2.5168278217315674,3.3346407413482666,0.25962114095687866
7.373490810394287,1.027788758277893,-0.4199649524688721
0.28061187267303467,4.485326766967773,-0.20086322784423827
9.839780807495117,3.9617655277252197,-0.33293463349342345
-0.0898553729057312,6.659153938293457,-0.1690191650390625
-1.7580113410949707,3.9754223823547363,-0.16760784149169922
1.8625117540359497,-0.6658435463905334,-0.31615386962890624
2.7396817207336426,8.078421592712402,-0.07066754221916194
1.6948232650756836,4.782639980316162,-0.5001283645629883
-1.3155348300933838,2.8584659099578857,-0.20767452239990233
-0.6463953256607056,4.83991003036499,0.43928245067596433
1.2147091627120972,2.971766471862793,-0.26997316360473633
0.545272946357727,2.824737071990967,0.5824802780151368
-4.13124942779541,4.396819114685059,-0.23022506713867188
0.6108078360557556,4.299866676330566,-0.32257583618164065
2.658708095550537,8.234737396240234,0.44359421253204345
-3.488783121109009,2.3892838954925537,-0.2889677810668945
4.692960262298584,4.951793670654297,0.7898489141464233
2.8221724033355713,-1.436287522315979,-0.03655915021896361
0.26441532373428345,3.0500762462615967,-0.18333066940307619
2.63049578666687,5.750728607177734,0.2548108565807342
1.7836260795593262,6.0773444175720215,0.01282902717590334
4.605868816375732,4.872799396514893,0.6973691463470459
0.020790398120880127,4.532470703125,0.3614475083351135
4.057469367980957,5.281352519989014,1.3754168701171876
1.2296661138534546,1.0037834644317627,-0.3641606521606445
2.2375218868255615,1.3287346363067627,-0.02427891194820403
3.225192070007324,0.9078553915023804,-0.15432638525962827
1.699824571609497,2.9111618995666504,0.6548840975761414
3.715069532394409,5.9779438972473145,1.0279235744476318
2.7456178665161133,6.264617919921875,0.11830752611160278
1.326823115348816,1.4301259517669678,-0.17469541132450106
0.09553246200084686,5.98196268081665,-0.14910530507564546
2.3631818294525146,7.308548927307129,0.3911817789077759
2.6166839599609375,-0.8141406774520874,0.2915166473388672
3.631565570831299,6.538248538970947,0.9648008155822754
-0.881828248500824,8.774887084960938,-0.42946998596191405
2.163252353668213,-0.20926795899868011,-0.16115620136260989
1.7650456428527832,8.730175971984863,0.5115218806266785
1.1377593278884888,2.3588294982910156,0.08902520298957825
7.898226737976074,2.837959051132202,-0.12912459731101988
-1.6775496006011963,3.9522759914398193,-0.026268334388732884
2.900299072265625,6.949349880218506,0.9052697467803955
0.6064900755882263,6.112135887145996,0.06826704621315005
-0.11989913880825043,1.1846821308135986,0.06141842007637022
0.6390753984451294,9.787867546081543,-0.3956203079223633
6.43113374710083,5.024198055267334,-0.1524767780303955
3.3268415927886963,0.30988839268684387,0.13043362617492676
0.30791598558425903,2.5390195846557617,0.04314204454421999
7.883819103240967,3.3603157997131348,1.041725549697876
2.165635585784912,3.5715439319610596,0.014551163911819431
2.951077461242676,5.095088958740234,1.1022538995742799
2.070195198059082,8.013612747192383,-0.39076580047607423
3.09017276763916,4.008547782897949,-0.1156949943304062
3.5549612045288086,5.315835475921631,0.9933948230743408
6.010168075561523,3.673685073852539,0.9899961280822753
4.004440784454346,5.7035064697265625,0.8190531063079833
1.36757230758667,4.613619804382324,-0.2800743865966797
1.5082108974456787,3.539335012435913,-0.03747901916503904
3.5046441555023193,2.040694236755371,0.4529347324371338
-0.27556943893432617,9.142778396606445,-0.3749534225463867
3.0901410579681396,4.066513538360596,0.194331636428833
-0.16981570422649384,2.8106253147125244,-0.0073600935935974054
4.141433238983154,4.833853244781494,0.9486008548736573
2.9804325103759766,4.175773620605469,0.5752279615402222
1.0627944469451904,3.3359196186065674,0.1040813708305359
1.0608325004577637,9.5989990234375,-0.10060747504234313
2.3834614753723145,4.385164737701416,-0.1146298623085022
-0.6556270718574524,5.377313613891602,0.07821185946464537
8.35535717010498,5.45949649810791,0.9535123777389527
-0.4485788941383362,3.8412790298461914,-0.3470244598388672
0.2907611131668091,2.4808783531188965,0.015410614013671886
1.315717101097107,1.7658318281173706,0.01282106518745424
3.0729877948760986,4.368163108825684,0.8850105810165405
2.4143741130828857,8.168391227722168,-0.028203153610229514
5.497249126434326,3.5585432052612305,1.1914295434951783
0.5113078355789185,7.869668960571289,-0.34119815826416017
4.1469831466674805,5.070611476898193,1.1363715505599976
4.302066802978516,4.221442699432373,0.0963780450820923
0.6751924753189087,3.697091579437256,-0.14143535614013672
2.8315017223358154,5.32747220993042,0.006120637655258165
2.9973278045654297,7.79888391494751,0.8936965894699097
3.159151077270508,5.148410320281982,0.23258673548698425
3.18576979637146,6.616301536560059,0.35824387311935424
1.5451061725616455,4.045395374298096,0.60725332736969
-4.146467685699463,2.2732045650482178,-0.3084380912780762
5.5695481300354,4.579484939575195,0.04156423091888428
2.202803611755371,3.8763480186462402,0.9223485946655273
4.106902122497559,6.95667028427124,1.269026460647583
2.4216794967651367,6.860049724578857,-0.39030921936035157
4.312361240386963,5.211507320404053,0.9400757217407227
2.9436402320861816,4.196201801300049,1.4878569507598878
0.11056943237781525,1.6624709367752075,0.09846024394035338
7.021240234375,3.4983556270599365,0.8681972217559815
4.613606929779053,3.5302693843841553,-0.11682299613952635
8.20622730255127,5.10451602935791,1.3283840942382812
8.845318794250488,4.002499580383301,-0.4318392074108124
3.966336727142334,4.094718933105469,0.6674447154998779
0.6668013334274292,5.268276691436768,0.27954094409942626
2.8276875019073486,6.532680034637451,0.3180078911781311
4.060400009155273,5.405130863189697,0.5876828765869141
2.3660948276519775,-0.8521336317062378,-0.28095647811889646
3.7761473655700684,3.524723768234253,0.4473236417770386
1.2004106044769287,7.3376688957214355,0.4439038515090942
4.430567264556885,6.631224155426025,1.331463747024536
1.7762809991836548,-1.2706550359725952,-0.32615310668945313
7.292172908782959,3.1024954319000244,-0.23538873553276063
0.8283453583717346,7.455296039581299,-0.13555397987365725
1.5309789180755615,-0.2436855584383011,-0.01886336445808412
2.911703586578369,2.296574831008911,-0.38624431610107424
-0.41738173365592957,5.889978408813477,-0.15787772297859193
4.791831970214844,6.218881130218506,1.0079082298278808
1.5993082523345947,5.584219455718994,-0.26523622512817385
1.2774968147277832,4.6522321701049805,-0.4089406967163086
1.5028250217437744,2.1385629177093506,-0.20275822043418884
1.776448369026184,3.3851521015167236,-0.3599211120605469
0.45073339343070984,7.236902236938477,-0.33060733795166014
3.1422176361083984,5.6909565925598145,0.6568698215484619
5.0883283615112305,5.067270755767822,0.40874318122863773
2.7232091426849365,7.40440559387207,0.4169764018058777
0.7457032799720764,7.199873924255371,0.5368647408485413
-1.782262921333313,8.733758926391602,0.0670591688156128
9.602286338806152,6.192785739898682,0.6254667568206786
-2.982269763946533,3.771085023880005,-0.2162100601196289
9.590692520141602,3.7958154678344727,0.25450290203094483
2.764920711517334,2.3084523677825928,0.9139654159545898
3.6352145671844482,4.461651802062988,1.0594858741760254
2.4915523529052734,7.369804859161377,0.30357505559921266
0.5137357711791992,0.15693870186805725,-0.18791866302490234
3.8301215171813965,4.913687229156494,0.7795601749420167
8.182832717895508,2.8455569744110107,0.01027186393737789
4.329837799072266,6.384547233581543,1.4389398193359375
1.3679269552230835,9.516678810119629,-0.23977317810058593
3.0629231929779053,2.4301249980926514,0.2009251070022583
4.1671977043151855,5.071465015411377,0.7006499361991883
1.9984511137008667,5.12092399597168,-0.11446024060249327
4.922210693359375,6.087878704071045,1.4222843647003174
4.597422122955322,5.114435195922852,1.029235668182373
-1.1795806884765625,6.125940322875977,-0.021338759660720852
-0.20024679601192474,3.799006223678589,-0.20125047683715822
-1.1734809875488281,2.7114663124084473,-0.3261219024658203
1.8017778396606445,6.091339588165283,-0.07127931773662566
1.3290349245071411,1.7457910776138306,0.6716687965393067
-0.7510711550712585,2.8596181869506836,0.15394672751426697
2.9596052169799805,4.945499420166016,0.014851914644241349
3.698948621749878,5.495112895965576,0.9555993843078614
2.041229486465454,8.814093589782715,-0.08568081319332121
2.569460868835449,3.3596556186676025,0.023242120742797856
4.639391899108887,2.4162375926971436,1.158580837249756
2.2585318088531494,2.2682158946990967,0.27865254402160644
1.8094710111618042,3.343411922454834,-0.20896583557128906
-2.685018539428711,4.1646504402160645,0.7818569469451904
0.7901122570037842,3.1056599617004395,0.12307633876800536
3.782912015914917,5.016289234161377,1.1239499282836913
7.805860996246338,5.687852382659912,0.2582472467422485
1.2013428211212158,2.831339120864868,0.13516395568847656
0.5943922996520996,6.110252380371094,0.18988211631774904
1.402929663658142,3.149704694747925,-0.10798304796218872
1.0314407348632812,5.750840187072754,0.8256524467468263
-1.8669999837875366,0.7347413897514343,-0.27025680541992186
-0.6281145215034485,3.073556900024414,-0.546508903503418
3.0093722343444824,7.912500381469727,-0.12894425392150877
-1.4874036312103271,1.726976752281189,-0.4094818496704102
1.9566916227340698,5.147242546081543,-0.29961261749267576
4.780858516693115,3.8524842262268066,0.132962327003479
2.746727705001831,3.372749090194702,1.0762226152420045
3.6505913734436035,4.554340839385986,0.7242482709884643
5.967935085296631,2.887998104095459,-0.047136743068695086
4.259236812591553,5.184142589569092,0.8474377346038818
2.6524715423583984,-0.035093456506729126,-0.2122932815551758
2.26603364944458,2.5854368209838867,0.11882447957992553
4.667195796966553,4.900097370147705,0.7219461965560913
3.556260585784912,7.168659210205078,1.0680483341217042
9.237820625305176,3.9269423484802246,-0.04898364305496217
2.1455624103546143,4.8711395263671875,-0.31842718124389646
0.1557854413986206,3.4450831413269043,-0.3311184310913086
0.33193379640579224,2.0482780933380127,0.04024808645248412
0.24242690205574036,2.548323392868042,-0.21132083892822265
1.65309476852417,2.886812448501587,-0.23150495529174805
-2.3332273960113525,7.731907844543457,-0.2674477165937424
2.217855930328369,7.701927185058594,0.5703741073608398
0.1523863524198532,2.6402268409729004,0.11953721046447754
2.443103551864624,-0.14271104335784912,-0.04334436535835268
0.2889980971813202,8.57861614227295,0.19127324819564817
0.08311846852302551,1.9906433820724487,0.1416615688800812
4.015523433685303,5.010445594787598,1.635195918083191
-2.6439707279205322,3.414771795272827,-0.37567474365234377
7.189442157745361,2.652040958404541,0.7579031848907472
1.2374228239059448,6.4797682762146,-0.008386578559875513
1.6448009014129639,8.638712882995605,0.44835433483123777
-3.1568052768707275,7.149303436279297,0.34348161697387697
-0.30458590388298035,5.353424072265625,-0.051749609708786004
6.8786516189575195,3.2406959533691406,0.3752763295173645
2.531346559524536,7.350343227386475,-0.25787742614746095
0.2537432014942169,7.992023468017578,-0.05485033094882963
0.0675380751490593,2.831575870513916,0.4329866576194763
0.737642765045166,9.11347770690918,-0.17110367894172668
3.7042839527130127,5.847474575042725,0.5654067659378051
3.131434679031372,7.201420783996582,0.002263393402099606
1.8655542135238647,8.139524459838867,0.5915703248977662
-1.2755773067474365,2.1954448223114014,0.06662052392959594
-1.7709399461746216,0.43520525097846985,-0.014150135517120355
2.411573648452759,2.9713921546936035,-0.5557415771484375
-0.5324747562408447,1.7737853527069092,-0.23354536056518554
-2.65130352973938,9.745024681091309,-0.16228244781494142
0.7156215906143188,3.1889073848724365,-0.05169639945030213
0.8208017349243164,4.635843276977539,-0.3223707580566406
2.808993101119995,3.835130214691162,0.14904931068420413
7.6289753913879395,3.443674325942993,-0.026989254951477026
-0.010248801670968533,5.084583282470703,-0.25312400817871095
2.6310222148895264,7.2322845458984375,1.0548783731460571
2.6317927837371826,6.69082498550415,0.2875910449028015
-0.033458586782217026,9.071959495544434,-0.005309235453605676
3.9813852310180664,2.4900941848754883,0.8683518218994141
3.5459823608398438,4.51663875579834,-0.343493766784668
0.6541730165481567,5.887144565582275,-0.37137153625488284
2.859647512435913,3.727257251739502,0.3313238072395325
9.2918062210083,3.366359233856201,-0.3380521637201309
2.266404390335083,-0.5301406383514404,-0.20899364471435547
-3.5838515758514404,7.560643672943115,0.06954235911369325
-0.25739383697509766,2.3180582523345947,-0.33389968872070314
4.5469465255737305,5.75091552734375,1.3802197170257569
0.8319710493087769,8.38353443145752,-0.36540435791015624
1.688594937324524,5.7860636711120605,-0.2049836540222168
-0.10136139392852783,2.384796142578125,0.13615347027778626
2.329500675201416,3.5088508129119873,-0.10017402172088624
1.1507095098495483,3.8678786754608154,-0.38031749725341796
1.8199933767318726,1.6979998350143433,-0.2765729522705078
-1.061517357826233,2.2037298679351807,-0.23726795196533204
-0.21122580766677856,1.3272744417190552,0.15935387969017029
0.25467589497566223,3.1983225345611572,-0.45472503662109376
9.011801719665527,2.9533517360687256,0.971349802017212
2.9640514850616455,-2.0450234413146973,-0.348277702331543
-1.0832666158676147,7.443423271179199,-0.05052260875701903
-1.8887871503829956,1.8759127855300903,-0.3246955871582031
5.085628032684326,6.599825382232666,1.6600946187973022
2.4846861362457275,3.4516172409057617,-0.026966648101806656
4.237232208251953,3.0332489013671875,0.7084580755233765
0.11914065480232239,9.057755470275879,-0.09131348609924317
-0.5489398241043091,2.860851526260376,-0.16079708099365234
2.2257893085479736,7.600215435028076,0.6652377557754516
0.27186453342437744,9.753740310668945,-0.08874314427375796
-3.541247844696045,2.2732694149017334,-0.17167766094207765
7.1639909744262695,3.392094135284424,0.46881589889526365
6.605966091156006,3.1757373809814453,0.6302333545684815
4.805707931518555,5.459062099456787,0.691542673110962
2.5897347927093506,-2.1149253845214844,-0.40683746337890625
9.484792709350586,6.080495357513428,0.8860721874237061
3.577338218688965,6.760602951049805,0.5367576122283936
4.741624355316162,2.30952787399292,0.5581484961509704
0.4076688885688782,8.470126152038574,-0.02475511431694033
0.1637295037508011,7.101934909820557,-0.0656565922498703
4.581150054931641,5.345534324645996,0.8077971887588501
-0.22240611910820007,4.515578269958496,-0.20280384063720702
5.250000476837158,3.9604763984680176,0.5766905403137207
0.1900179237127304,8.952580451965332,-0.1511903953552246
1.7339451313018799,2.484632968902588,-0.0542400622367859
3.388944149017334,2.256359100341797,-0.324805908203125
6.841249942779541,2.9703831672668457,0.6727434921264648
4.523819923400879,5.308410167694092,1.311360206604004
4.310858726501465,5.829153537750244,0.609206018447876
0.0639696717262268,1.2855896949768066,0.4959743905067444
5.757470607757568,4.859284400939941,0.5010999441146851
0.5561295747756958,8.887398719787598,-0.08824493408203125
2.9341626167297363,4.6860480308532715,0.2266286838054657
4.243466854095459,4.420816898345947,0.6634530687332154
-1.4263030290603638,2.461566209793091,-0.06391470909118652
2.5868897438049316,5.4446187019348145,0.7792452025413513
1.1620627641677856,8.088881492614746,-0.4012890243530273
0.45383915305137634,3.744096517562866,0.253920636177063
5.340146064758301,3.645667314529419,-0.329575983285904
1.8277121782302856,3.463834047317505,-0.29904388427734374
2.307818651199341,0.7420698404312134,-0.518781509399414
-4.1257123947143555,2.028411865234375,-0.18857963562011718
3.909292459487915,2.1501522064208984,0.17881810665130615
-0.33905231952667236,7.644622325897217,-0.3783456909656525
3.8030269145965576,6.170051097869873,0.6874308681488037
0.8418970704078674,5.859012603759766,0.2559258723258972
0.003059961134567857,0.16520780324935913,-0.086268515586853
0.5870223641395569,4.116322040557861,0.07474315166473389
2.8245432376861572,0.4711693823337555,-0.3839748001098633
2.874345541000366,6.477161407470703,0.3914701795578003
0.2879398465156555,4.285044193267822,0.7389544296264648
1.0990113019943237,5.10190486907959,0.3538502812385559
0.22455929219722748,2.6681764125823975,-0.3320849609375
0.5194477438926697,9.392373085021973,0.2344663381576538
1.0091595649719238,7.117839336395264,0.5158716773986816
2.910419464111328,3.8951802253723145,-0.13644890666007997
7.144906997680664,2.898923873901367,0.07346026897430419
1.7096903324127197,2.546769857406616,0.20322751522064209
0.01509355753660202,2.1083686351776123,-0.3072659873962402
0.301180362701416,7.520469665527344,-0.35035228729248047
3.1624748706817627,7.7886481285095215,-0.00821756005287172
2.90270733833313,7.3267974853515625,0.7320169734954833
9.19028091430664,4.181637287139893,0.12434357643127442
1.254387378692627,6.639739036560059,-0.13037715554237367
-0.4744745194911957,7.91074800491333,0.629270567893982
-1.056046485900879,3.014310121536255,-0.38125076293945315
0.4134252667427063,4.178874492645264,0.3018379878997803
4.557107925415039,5.785567760467529,0.8919322109222412
0.12697455286979675,1.930407166481018,0.015391606092452992
0.10362888127565384,8.895094871520996,-0.0813315236568451
0.8933729529380798,5.111969470977783,0.2197305870056152
1.8710857629776,2.8960835933685303,-0.08834910511970517
0.11947218328714371,3.1422698497772217,0.6792942166328431
-0.05687662586569786,7.080394268035889,-0.27343063354492186
0.2089165896177292,2.37699031829834,0.4669377303123474
3.690636396408081,3.8627727031707764,-0.17888194024562837
-1.2235578298568726,6.6908183097839355,0.351593337059021
7.036538124084473,2.968777894973755,-0.030222597122192385
0.10720003396272659,2.6883957386016846,-0.4117940139770508
5.068358898162842,5.3074188232421875,1.346410641670227
3.2070581912994385,5.315136909484863,0.4811880111694336
1.7784314155578613,3.82826828956604,-0.3557896041870117
3.633329391479492,6.535374641418457,0.9386969184875489
-3.216695785522461,6.126792907714844,-0.2139752459526062
3.7523648738861084,4.8650689125061035,1.3596876335144044
2.145935297012329,6.199312210083008,0.871397876739502
2.339337110519409,6.688928604125977,0.44254919528961184
5.0353803634643555,6.255878448486328,1.7864845180511475
2.4476466178894043,5.436132431030273,0.548225884437561
0.24500837922096252,5.035223484039307,0.01984325528144837
0.6802570223808289,3.901656150817871,-0.046515237092971784
2.5997543334960938,5.794984817504883,0.07056161403656008
1.150160551071167,3.778559923171997,0.2701810336112976
3.2500345706939697,4.908426761627197,0.8953477191925049
-0.8295273184776306,6.708495616912842,-0.19933170318603516
-0.49200430512428284,2.873176336288452,-0.2673662567138672
0.160360187292099,2.084425926208496,-0.18645532608032225
8.768424034118652,4.237921237945557,0.9080212211608887
1.044765591621399,4.093047142028809,-0.06708090305328368
1.0293636322021484,0.45848357677459717,-0.19181232452392577
3.1286401748657227,3.728634834289551,1.052510404586792
3.7488315105438232,2.0779590606689453,-0.26031600952148437
2.2433643341064453,3.5708301067352295,0.7934449911117554
5.459429740905762,6.347225189208984,1.774924383163452
1.1349338293075562,6.037642002105713,-0.17213960647583007
2.5513596534729004,7.8615312576293945,-0.15681905746459962
0.07781125605106354,3.066797971725464,0.1332540249824524
4.176472187042236,5.153153419494629,0.8207203674316406
-1.2823522090911865,2.9306082725524902,-0.30550121307373046
-0.3663909137248993,1.9787068367004395,0.22731141686439515
2.2826855182647705,8.022823333740234,-0.3334099960327148
2.864471197128296,4.267533302307129,0.3762701606750488
0.8902994990348816,3.757383346557617,-0.392530517578125
2.4649901390075684,8.279099464416504,-0.025851687788963296
2.1034021377563477,0.7729282975196838,0.03179899454116822
3.749094009399414,2.482973575592041,-0.19771512985229492
-0.5558698773384094,2.0161211490631104,-0.3441384506225586
6.65920352935791,3.892392873764038,0.11332130670547486
2.18631649017334,6.879730701446533,0.10132851243019103
3.9391024112701416,4.845610618591309,0.36338646173477174
1.0550742149353027,3.3501570224761963,-0.26354881286621096
-0.310126394033432,4.632242202758789,-0.2145834159851074
5.486749172210693,4.63663387298584,1.0035061025619507
1.5401272773742676,2.46177077293396,-0.2639335823059082
1.8847072124481201,1.1587339639663696,-0.5123380661010742
4.860818862915039,5.910034656524658,1.374722204208374
3.8860514163970947,4.809037208557129,0.014654453992843652
0.6408991813659668,8.115500450134277,-0.1635876661539078
1.135474681854248,3.395456552505493,0.06186695098876954
0.4594021141529083,5.020997047424316,-0.28923187255859373
0.45904675126075745,8.428149223327637,-0.2043233227729797
2.3970999717712402,5.208356857299805,0.14495101213455203
2.663983106613159,7.291164398193359,-0.17570709943771362
4.594180107116699,3.711047410964966,0.4574574565887451
3.0466835498809814,2.168893337249756,-0.10007542669773101
0.5588832497596741,2.217008352279663,-0.18344152450561524
3.3821921348571777,6.280977725982666,1.3631566762924194
-0.218100905418396,1.85569167137146,0.3551604986190796
3.9049441814422607,3.3815062046051025,0.877822904586792
9.153937339782715,2.8496906757354736,1.4324314403533935
0.9879966974258423,1.7926602363586426,0.16178770780563353
-0.8427354693412781,1.4413557052612305,-0.2927371025085449
1.1613694429397583,3.2026679515838623,-0.27002690494060516
3.0584518909454346,-0.4732262194156647,-0.20294876098632814
-3.4271469116210938,3.9027671813964844,0.01931933283805848
-0.3790194094181061,2.7327988147735596,-0.22929235458374023
2.890167236328125,4.786294460296631,0.8717439699172973
4.420403957366943,3.361790657043457,0.24993459582328797
2.4218552112579346,8.631282806396484,0.2475865924358368
-0.17692191898822784,3.3660709857940674,-0.1572136688232422
1.8252688646316528,-1.1991618871688843,-0.2791620826721191
-0.31457942724227905,7.921797752380371,0.47961536884307865
3.513418436050415,4.2837815284729,0.05967345356941223
2.516610622406006,4.88426399230957,0.030076737403869624
4.8584747314453125,5.060993194580078,1.3289009857177734
-0.13313505053520203,7.139763832092285,-0.13589337348937988
-1.7212374210357666,4.920068740844727,-0.024730412960052517
3.772357225418091,7.37559700012207,1.1704074764251708
0.9728915691375732,1.275896430015564,-0.08680758357048035
-0.5566008687019348,6.7613301277160645,-0.08945902824401855
2.0421993732452393,7.722613334655762,-0.0909199297428131
4.684072017669678,5.066576957702637,1.2223605871200562
3.4287023544311523,4.330424785614014,0.5583397436141968
1.5442492961883545,2.2726564407348633,-0.06926602602005005
0.379436731338501,9.181533813476562,-0.28587099075317385
2.626598596572876,6.889706134796143,0.2855441451072693
1.9898996353149414,4.468822002410889,-0.3220659637451172
0.09379607439041138,4.650170803070068,0.39647798538208007
1.7726854085922241,2.4131827354431152,-0.22915908813476563
4.790796756744385,5.570987224578857,0.8102246189117432
3.7345025539398193,3.881455421447754,0.29415599584579466
3.4158449172973633,6.806326866149902,0.06762628674507143
3.6904332637786865,6.222168445587158,0.7885058832168579
-1.1208633184432983,2.9930758476257324,-0.30362337112426757
-3.222243070602417,8.958213806152344,-0.23213088512420654
-0.43739867210388184,5.055309772491455,0.039622236490249624
1.2174047231674194,5.2689948081970215,0.046337500810623156
1.1909313201904297,4.895420074462891,0.6973447227478027
0.4993458092212677,6.7009992599487305,0.7052599000930786
2.349780559539795,4.5312042236328125,0.33985376834869385
2.3717424869537354,8.563627243041992,-0.20413091778755188
3.8498377799987793,4.2778000831604,0.32270977973937987
0.818346381187439,4.854131698608398,0.7290596318244934
3.423348903656006,6.008023738861084,0.9633096599578858
0.8973516821861267,8.791370391845703,-0.3292392349243164
2.4788825511932373,2.91261625289917,-0.0783192765712738
-1.3356939554214478,3.9742543697357178,0.5317068696022034
-0.3783947229385376,3.9380908012390137,-0.24060897827148436
9.106489181518555,3.896829843521118,0.6862814044952392
3.572960138320923,6.002477645874023,0.8106297874450683
2.693510055541992,1.4723109006881714,-0.36018474578857423
2.7406423091888428,3.5275232791900635,0.1289910852909088
-0.6786406636238098,6.137449741363525,-0.2860589027404785
-1.2058137655258179,3.1611649990081787,-0.12495989799499511
4.536287307739258,2.815415143966675,-0.04014509558677676
0.34271717071533203,6.252381801605225,0.25580177068710325
0.681496262550354,2.3820481300354004,-0.24486324310302734
3.6911299228668213,5.1223931312561035,1.2203692150115968
9.649919509887695,5.154477119445801,1.0907143211364745
4.70149040222168,3.9809694290161133,0.09655598759651185
2.9668784141540527,5.662093162536621,1.259458303451538
2.0538108348846436,8.662711143493652,1.1890677356719972
2.034198045730591,5.009210586547852,-0.12436388671398163
0.7710450291633606,2.212480068206787,0.08085690021514891
2.4899957180023193,3.3628149032592773,0.37136238098144536
3.980393648147583,5.906137466430664,0.5658650541305542
1.4601868391036987,-0.000999545562081039,-0.4368406677246094
3.2251105308532715,0.2319220006465912,-0.1267358136177063
1.2377058267593384,2.7478439807891846,-0.15863040924072266
-0.5066751837730408,8.380248069763184,-0.00020849108695983332
2.326540946960449,2.2198829650878906,-0.2705513954162598
1.353468418121338,3.5297658443450928,-0.23547351837158204
9.516700744628906,3.914822578430176,0.7491736888885498
0.6668471097946167,1.922438383102417,-0.3053485107421875
1.4677300453186035,3.100961685180664,-0.0634091281890869
4.212275981903076,3.559781074523926,0.6725055551528931
0.7915329337120056,8.802632331848145,0.31964526653289793
1.5173166990280151,2.7946603298187256,0.1210410451889038
4.633707523345947,6.241905212402344,0.8986994600296021
3.5995354652404785,1.9793405532836914,-0.23221824645996095
1.8427391052246094,3.868187427520752,0.8937124252319336
0.8698549866676331,4.163440227508545,0.3005018925666809
2.156602621078491,9.30256175994873,0.3805413770675659
1.4500614404678345,9.650593757629395,0.04180900096893314
8.960129737854004,6.159431457519531,1.3194881343841554
1.4612141847610474,3.653043270111084,0.06355062246322629
2.0199544429779053,6.248417854309082,-0.11179597854614258
0.18663258850574493,8.523231506347656,-0.4111098861694336
2.0047426223754883,5.5359601974487305,-0.3283692932128906
-2.6304492950439453,3.149106025695801,0.03686658740043641
2.46705961227417,2.8842899799346924,0.847898120880127
0.3958714008331299,5.924637794494629,0.03452484965324401
0.2834070026874542,7.7944817543029785,-0.21854471206665038
-0.7689453959465027,6.966620922088623,0.048825244903564435
2.4962804317474365,7.125667095184326,0.12685023307800292
4.2669548988342285,5.290956497192383,1.2188742351531983
3.9341607093811035,0.6016402244567871,-0.2775020980834961
-3.411435842514038,3.283466100692749,-0.3892372131347656
3.41874361038208,6.452382564544678,1.1547813034057617
-1.8497505187988281,8.942749977111816,-0.27004255294799806
0.4394168257713318,3.0133185386657715,-0.22463529586791992
-1.0258280038833618,4.033382415771484,0.08189947128295899
-0.5213548541069031,2.2280707359313965,0.029019889831542967
-0.3333422541618347,5.703301906585693,-0.09137009620666504
1.4449163675308228,8.167210578918457,-0.3037023735046387
4.983726501464844,5.045825004577637,1.6057033157348632
1.807784080505371,-0.1888834536075592,0.15834350109100342
6.628800868988037,3.909214496612549,0.06035422086715697
1.3897784948349,8.35372543334961,0.036714524030685425
2.688438892364502,2.504157304763794,-0.029528963565826405
2.813612222671509,2.9320764541625977,0.17419788122177127
2.719898223876953,7.822570323944092,0.651530990600586
7.009111404418945,2.808929681777954,-0.05308568477630615
-3.5952675342559814,6.007493495941162,-0.2620340156555176
1.8608027696609497,4.515350818634033,0.47811136722564695
-1.0268083810806274,2.475017786026001,0.24560186147689822
0.4634855091571808,5.288152694702148,-0.16226860046386718
1.8923319578170776,1.8707181215286255,0.19247289180755614
7.682859897613525,2.495507001876831,-0.19358439803123473
4.326434135437012,4.825573444366455,1.8759838294982911
1.6295264959335327,2.8552961349487305,0.3491079258918762
2.0879344940185547,5.039425373077393,0.59437912940979
-3.6767377853393555,3.4774651527404785,-0.3692474365234375
2.9246156215667725,6.703216075897217,0.36316072702407837
3.2013258934020996,5.7576518058776855,0.48097835063934324
-1.1148768663406372,7.459559440612793,-0.21677099227905272
-2.1468887329101562,3.3994741439819336,-0.20313446044921876
-0.8775395154953003,9.249305725097656,-0.37694278717041013
1.4295520782470703,5.774266242980957,-0.15030996322631837
-0.17152437567710876,1.0198787450790405,0.6280890583992005
1.2206642627716064,7.4229841232299805,0.24248404502868653
-1.2944310903549194,2.648984670639038,-0.25144981384277343
1.0899673700332642,6.8468918800354,0.3365355157852173
0.5762277841567993,2.7590184211730957,0.404898362159729
3.7534801959991455,4.345677375793457,0.8445435237884522
3.3590593338012695,5.122366905212402,0.5024366807937621
1.8346840143203735,3.3485422134399414,0.9440106153488159
2.4195265769958496,5.755224227905273,0.4107601046562195
1.9536272287368774,1.4840953350067139,-0.11980395317077637
-0.7888466119766235,8.223137855529785,-0.19476260304450987
4.213294506072998,6.341912746429443,0.76318208694458
2.9263548851013184,-0.881722092628479,-0.3913630676269531
-1.2801554203033447,1.3159157037734985,-0.2675981330871582
1.984061598777771,3.501817226409912,0.43174172401428224
8.591720581054688,4.299332141876221,0.03706477880477904
1.055045247077942,6.22515344619751,0.00462935924530028
-0.8984174132347107,6.107253551483154,-0.24163124084472656
1.8507603406906128,4.49400520324707,0.16195923805236817
1.7228268384933472,7.571667194366455,0.32548200368881225
2.950505256652832,6.365352630615234,0.8909889984130859
-3.1879336833953857,3.540038585662842,-0.28051162719726563
-0.5353094339370728,4.5074872970581055,-0.2439286231994629
2.1166374683380127,7.509565353393555,0.1839847803115845
5.756067276000977,3.37743878364563,0.41076728105545046
4.2552666664123535,3.9963886737823486,0.9648131656646728
8.779121398925781,4.388886451721191,-0.3434103393554688
0.3289158046245575,9.795190811157227,-0.14206031560897825
9.447944641113281,6.118193626403809,1.167652063369751
1.6379501819610596,1.907823085784912,-0.32768032073974607
7.255188941955566,2.672189712524414,0.8821000480651855
3.395869016647339,4.181796550750732,0.7526701068878174
3.8400871753692627,6.739134788513184,1.1088619613647461
3.7674455642700195,3.7739484310150146,0.25717682361602784
4.096616268157959,6.2211198806762695,1.1656620407104492
1.244580626487732,4.325013637542725,0.5566753625869751
2.4448659420013428,-1.614561915397644,-0.2700102996826172
1.3226732015609741,7.932628154754639,-0.10613210618495938
2.004997968673706,6.236531734466553,-0.14086278915405273
-0.4284471571445465,2.769711494445801,0.14155789017677306
0.49270138144493103,9.677234649658203,-0.29923215866088865
3.960326671600342,6.624014377593994,0.5546805667877197
-1.3748482465744019,2.643723249435425,-0.37330276489257813
0.538278341293335,6.847219944000244,-0.369089241027832
1.3459335565567017,2.022292375564575,0.4598835897445679
1.6327589750289917,5.864111423492432,0.6263090133666992
5.192729473114014,6.104357719421387,1.5079822444915771
0.0859612300992012,9.426314353942871,-0.030315581560134863
0.07563164085149765,10.146943092346191,-0.4010531997680664
3.432778835296631,6.6332526206970215,0.8231290483474731
0.28894543647766113,4.88775634765625,-0.19397750854492188
-0.09550978988409042,5.155819416046143,-0.22326662063598632
1.1287550926208496,2.2460451126098633,0.04804284930229186
-2.2640445232391357,3.2415757179260254,-0.2748459434509277
4.778528690338135,4.164069175720215,1.5958164310455323
0.4664854109287262,5.092951774597168,-0.47568798065185547
0.7131494283676147,1.4763325452804565,0.24758949756622317
3.1508424282073975,3.395045757293701,0.4046434545516968
-0.6827813982963562,2.174811601638794,-0.26518932342529294
2.4101645946502686,4.5885844230651855,-0.37447601318359375
-1.1422001123428345,2.5402884483337402,0.1755399811267853
-3.556133508682251,2.2567155361175537,0.26732473850250243
2.7197952270507812,7.331413745880127,-0.4165306091308594
-4.556528091430664,2.860740900039673,-0.26767372131347655
-0.7057914733886719,3.8423726558685303,0.20663487434387207
-0.7244104743003845,6.786788463592529,0.0
0.9527575373649597,2.4739112854003906,0.028086410760879532
2.723787784576416,6.155946731567383,0.6671980571746826
2.4778084754943848,1.721573829650879,-0.18189189910888673
2.684239149093628,3.3753161430358887,-0.2600837659835815
-1.0690011978149414,5.352185249328613,0.41885507345199585
1.4733272790908813,2.9364442825317383,-0.15708276748657227
9.389418601989746,5.344377517700195,0.3612073183059692
4.504886627197266,6.712791442871094,1.191747531890869
2.3885676860809326,2.5085909366607666,-0.328177375793457
-2.370166063308716,2.7326390743255615,-0.266978759765625
1.7749159336090088,-0.002264193957671523,-0.1344493913650513
0.5040919184684753,9.071548461914062,0.09974962592124939
2.3645482063293457,6.702579021453857,0.25962090730667114
5.2061872482299805,6.369220733642578,1.6002380084991454
0.007623821031302214,5.000793933868408,-0.12058221817016601
-1.6677091121673584,2.0851452350616455,-0.30670923233032227
0.8006327748298645,1.401740550994873,-0.1813834762573242
3.581441640853882,5.790496826171875,0.8437543296813965
0.13021668791770935,7.745716094970703,0.20382166624069215
4.289440631866455,6.613743305206299,1.2318240547180177
-0.47405925393104553,3.14587664604187,0.0
2.571247100830078,6.816227912902832,-0.20725714206695556
9.864399909973145,5.7408599853515625,1.1301148319244385
0.21764110028743744,4.332201957702637,-0.13699910163879395
7.712221145629883,5.45839786529541,0.07322774648666386
7.230690956115723,2.7189457416534424,0.6739870643615722
2.579211950302124,1.24856698513031,-0.23486942291259766
4.2077555656433105,6.930955410003662,0.6808237099647523
-0.48562222719192505,7.065197944641113,-0.33578025817871093
0.8153862357139587,7.7522501945495605,-0.33795623779296874
8.952400207519531,4.188656330108643,1.0064557933807374
-0.6702066659927368,3.652085542678833,-0.43400524139404295
0.08925871551036835,4.207910537719727,-0.3123563647270202
0.3106502592563629,4.558498382568359,0.028785157203674305
3.1607487201690674,4.202938556671143,1.013435444831848
-0.6231530904769897,1.4077880382537842,-0.20545589447021484
1.7861113548278809,0.21480336785316467,0.025105775594711277
3.2451117038726807,-0.5737274885177612,-0.018790928125381468
1.7101099491119385,2.681100368499756,0.0838627576828003
4.856703758239746,5.906475067138672,0.9562137031555176
-0.7010681629180908,2.210024118423462,-0.3784012222290039
1.5499283075332642,7.633829116821289,0.2341594135761261
-0.0958823636174202,7.033026218414307,-0.13607973098754883
2.2203896045684814,8.15088176727295,0.15261743783950804
0.19355706870555878,0.16333521902561188,-0.321051025390625
-0.007155660539865494,4.0368971824646,0.410530116558075
2.410468578338623,2.3517706394195557,-0.3135183316469192
2.0707294940948486,6.833775043487549,0.388120973110199
4.18878698348999,6.6382365226745605,0.9943674898147583
-1.4151294231414795,3.1333796977996826,-0.2824247169494629
2.053077220916748,2.276200294494629,0.14387824773788452
2.7131872177124023,1.7917087078094482,-0.006749185323715212
0.37552663683891296,3.5227530002593994,0.01924314379692077
5.637319087982178,3.5626261234283447,0.21154564142227172
0.05355885252356529,6.192349433898926,0.06483445286750794
-5.424773216247559,2.801830530166626,-0.11837861537933347
1.687975525856018,0.09556763619184494,-0.28545358657836917
1.527114987373352,5.612325191497803,0.3277553391456604
1.676608681678772,8.52972412109375,-0.19033959090709685
-0.3623269200325012,7.306488513946533,-0.23242542266845703
1.008398413658142,2.306971311569214,-0.24463972330093386
0.056679531931877136,1.225197434425354,-0.42723445892333983
-4.16758918762207,3.3867626190185547,-0.046411151885986324
2.540041923522949,6.886688232421875,-0.10241912722587587
5.480045795440674,4.545677185058594,0.7678846168518066
3.2154664993286133,5.258358478546143,-0.01388126850128174
3.4065017700195312,7.19794225692749,0.7186979579925536
4.585180282592773,6.370804309844971,1.2733090209960938
3.70444393157959,5.794126987457275,1.0336841344833374
0.8864449262619019,4.492112636566162,-0.25696392059326173
1.1526774168014526,1.5135834217071533,0.47698121070861815
1.0907965898513794,7.150061130523682,-0.2741461372375488
-3.0197408199310303,9.33828353881836,-0.2842094695568085
2.273665189743042,2.9609508514404297,-0.319788761138916
2.503633499145508,6.632577896118164,0.9486137628555298
2.273618459701538,3.487299680709839,0.3682235860824585
1.447942852973938,2.671290159225464,0.024840466976165765
3.897042989730835,5.684752464294434,0.9045573234558105
2.3836071491241455,3.6560072898864746,-0.28899316787719725
0.7361524701118469,8.75644588470459,0.5690600728988647
-4.5567755699157715,7.988755226135254,-0.33822944641113284
0.6651855111122131,1.20083749294281,-0.34967166900634766
0.588668167591095,2.2827200889587402,-0.18318286895751953
-2.8350636959075928,7.035796642303467,0.4130021286010742
8.703224182128906,3.9953835010528564,0.6529660940170288
1.1875624656677246,3.3865768909454346,-0.3327441024780273
4.49890661239624,6.296027660369873,1.5549321126937867
-1.8962695598602295,7.126965522766113,0.043411755561828635
4.473172187805176,4.435727596282959,1.175527400970459
0.9442511200904846,2.7596185207366943,-0.18607178330421448
-0.1898847073316574,5.728174209594727,-0.18110334396362304
-1.0164320468902588,3.0164268016815186,0.3490489625930786
-1.0604076385498047,2.2061045169830322,-0.08190023064613344
1.1359549760818481,4.462790489196777,-0.14499538660049438
2.469792366027832,3.1536805629730225,0.13110805869102476
3.245612144470215,8.25973129272461,1.3235883808135986
2.662975549697876,4.437243938446045,0.6107351613044738
3.229907274246216,4.074213981628418,0.4168402290344238
1.6704715490341187,4.0367655754089355,0.3527002501487732
-1.197169303894043,3.886491060256958,-0.012626351118087742
2.908752679824829,3.1123061180114746,0.18104698538780212
-0.24345165491104126,8.887511253356934,-0.27824710845947265
1.0521957874298096,6.459735870361328,-0.3238778305053711
1.092590570449829,4.1197099685668945,-0.27226722717285157
0.49775707721710205,5.486526012420654,0.7121433281898498
-0.3218308687210083,7.303155422210693,0.11593395829200745
-0.7866067886352539,3.29988694190979,-0.3426641082763672
1.5607906579971313,3.5575969219207764,1.0061271572113037
0.5582954287528992,3.5894739627838135,0.18484270811080933
0.9293836951255798,6.1198248863220215,0.5990109109878541
2.167214870452881,5.168605327606201,0.37933087825775147
2.892535448074341,3.8342065811157227,0.06703353881835938
-1.7998661994934082,2.9700162410736084,-0.1341966438293457
3.0002903938293457,-2.3268275260925293,-0.24176607131958008
-0.32766658067703247,3.8130319118499756,0.3300808906555176
2.516709566116333,0.12858128547668457,-0.33525634765625
1.8966368436813354,2.8863625526428223,-0.356622200012207
0.9212920665740967,5.208066463470459,0.05368983507156372
0.39652249217033386,3.0526440143585205,0.3934668588638306
0.46383002400398254,6.326708793640137,-0.20015214920043944
8.575889587402344,3.36169171333313,-0.5164856868982315
-1.3660051822662354,3.215888023376465,-0.20135799407958985
2.780003786087036,4.408344268798828,1.0398483848571778
0.8801867365837097,0.7271772027015686,-0.119033203125
9.53183650970459,4.7182745933532715,-0.4747012144327164
-4.1530632972717285,3.508936643600464,-0.4749596405029297
0.5580927729606628,8.34131145477295,-0.32100372314453124
0.5667462348937988,7.433203220367432,0.13188793063163756
0.17586563527584076,4.4578375816345215,0.1446114158630371
6.567460536956787,4.898408889770508,-0.2784321069717407
-1.6855932474136353,0.2241058647632599,0.3341068720817566
0.59061199426651,2.82143497467041,-0.17346456289291384
2.247556209564209,6.330484390258789,-0.08688870787620545
1.9441146850585938,5.943264484405518,-0.2811265563964844
-0.7972540855407715,2.8028340339660645,0.5372170281410218
8.644850730895996,3.961944341659546,0.6853010177612304
2.281841278076172,3.287142276763916,-0.05347480297088625
2.7154130935668945,3.3294730186462402,0.29100157976150515
2.041957139968872,3.4586055278778076,-0.28367740631103516
1.9788708686828613,0.46282729506492615,-0.32051620483398435
3.854395627975464,2.17755389213562,1.2083374404907228
2.5511248111724854,7.768495559692383,0.31170490980148313
9.611220359802246,3.7198495864868164,0.5089483499526978
4.310745716094971,6.277276992797852,0.7784065723419189
1.723198652267456,2.3482327461242676,-0.16952245712280273
5.425997257232666,3.979018211364746,1.1409086179733277
-1.0647565126419067,2.2564752101898193,-0.06328365683555603
0.8743577003479004,2.792640447616577,-0.197803955078125
2.7133994102478027,5.298422813415527,0.9191871547698975
7.953754425048828,2.4826409816741943,0.2511969757080078
2.4079246520996094,7.874746322631836,-0.4261374282836914
4.527370929718018,6.252565383911133,1.8799446201324463
1.1070939302444458,5.335206508636475,0.010502531528472914
2.916250228881836,5.798555850982666,0.6999045944213866
7.76799201965332,3.0542185306549072,0.5644640016555786
3.731693744659424,1.8831453323364258,0.4866097593307495
7.8503522872924805,4.763421535491943,-0.46137444913387293
0.6006653308868408,8.955854415893555,0.5009055233001709
2.466987133026123,6.331634044647217,0.9676420068740845
-1.8758546113967896,5.956760406494141,-0.23320863664150238
3.69998836517334,3.860316514968872,0.9454564714431763
2.454986095428467,4.355473041534424,0.3148316311836243
1.5063501596450806,3.5680088996887207,-0.17985261499881744
0.6515510678291321,4.598404884338379,-0.043656958341598495
1.3772716522216797,2.0774877071380615,-0.2654767227172852
-0.2752836346626282,8.457954406738281,-0.26593652725219724
-3.001091718673706,8.851480484008789,0.08952139735221865
1.0749813318252563,2.2768824100494385,0.41841922760009764
-1.9682159423828125,2.8557422161102295,-0.21248329162597657
1.2275550365447998,4.271812915802002,-0.06226514637470243
-0.8017619848251343,7.295157432556152,-0.4070330810546875
7.755538463592529,4.097142219543457,0.34112478733062745
3.1494922637939453,2.06752872467041,-0.03609673738479613
-0.37592217326164246,1.2521015405654907,-0.20166019439697266
0.4362858533859253,1.6010334491729736,-0.23671798706054686
3.7993133068084717,3.8290770053863525,1.2267333221435548
3.3366129398345947,0.09200727939605713,-0.358079833984375
0.5541274547576904,7.543715000152588,-0.2974995040893555
0.8287506699562073,7.46018123626709,-0.3010810089111328
4.6015191078186035,4.987227439880371,1.5560379123687744
7.949209213256836,4.86204195022583,0.45768945455551147
1.4174551963806152,6.946063995361328,-0.03595048308372495
2.876777172088623,-0.33666083216667175,-0.37579341888427736
1.7215750217437744,8.822312355041504,0.08525778889656066
1.8592146635055542,8.29660415649414,0.1903982973098755
0.692600667476654,4.557240962982178,-0.326259765625
3.7956418991088867,3.8752546310424805,0.1939796304702759
0.7004786133766174,8.307137489318848,0.40237204551696776
2.2130138874053955,6.861591339111328,-0.02452471494674685
2.8390867710113525,8.210750579833984,0.29208400011062624
1.5610231161117554,3.6246843338012695,0.2233341407775879
-0.020063746720552444,3.1893391609191895,0.630483112335205
0.8129744529724121,6.228352069854736,0.06179973840713501
4.403066158294678,5.212131500244141,1.4490344858169555
0.7484495639801025,4.230898857116699,-0.3394617080688477
1.0838277339935303,3.3498613834381104,0.17257675766944885
3.0198051929473877,3.65519642829895,0.11232971310615539
5.901328086853027,3.2973434925079346,0.2577000021934509
-0.510787844657898,4.435581684112549,-0.19387992858886718
0.343855619430542,2.729292631149292,-0.10559036016464235
-0.6126770377159119,1.6834160089492798,-0.3096643829345703
-1.0068385601043701,2.743422031402588,0.05182666182518003
4.300992488861084,5.852534770965576,0.5821289730072021
7.602113723754883,3.6600124835968018,0.21063773632049565
0.21158044040203094,3.0886855125427246,-0.33760498046875
1.0632542371749878,5.661627292633057,0.04949533939361572
3.1157422065734863,5.034203052520752,0.6505203628540039
4.504538536071777,6.1748366355896,1.4515127325057984
2.269235134124756,-0.07695746421813965,-0.20121315002441406
2.9720630645751953,-1.26679265499115,-0.4114456939697266
-0.7490400075912476,3.9650156497955322,0.05653385043144227
1.7003347873687744,3.178760051727295,-0.1854133415222168
4.142219543457031,6.5227179527282715,1.1582359981536865
0.4170491695404053,5.574676036834717,0.17410004377365113
-1.7914248704910278,0.21685577929019928,0.035262973308563206
8.14985466003418,5.064673900604248,-0.3075936031341553
-0.5098732709884644,7.74161958694458,0.38486218214035034
0.36692744493484497,4.5671305656433105,0.016205972433090188
2.6930923461914062,2.8727102279663086,0.30675271034240725
3.38624906539917,5.155712127685547,1.2272208261489868
1.2072457075119019,7.972801685333252,0.00038016796112061435
-2.434276819229126,7.912578582763672,0.10819186568260192
7.27345085144043,3.8478593826293945,1.2180493688583374
3.0264179706573486,5.060809135437012,0.19967654705047605
5.143932819366455,5.812736988067627,0.9227513408660888
-1.3208967447280884,6.717902183532715,-0.21900596618652343
0.18735748529434204,5.569479942321777,-0.2215401840209961
4.267786026000977,6.221370220184326,1.5704978179931641
8.829911231994629,3.0067672729492188,0.7748094034194947
2.019566535949707,4.222174167633057,-0.45482810974121096
1.111631989479065,3.6662070751190186,-0.15841373801231384
-0.008352169767022133,9.093538284301758,-0.2561427116394043
-0.7026075720787048,9.112056732177734,-0.29803314208984377
3.361440420150757,3.698174476623535,0.11545734524726867
1.5823506116867065,0.5583691596984863,-0.4850469970703125
2.4543025493621826,6.535089015960693,-0.23257239162921906
3.959857225418091,0.7051764726638794,-0.1650051498413086
4.846731662750244,6.695332050323486,1.1599040985107423
3.2238667011260986,5.982898712158203,0.6275244426727296
3.5400846004486084,3.8681650161743164,0.35575088739395144
1.3550758361816406,8.431313514709473,-0.19951624512672422
1.922614336013794,4.3917012214660645,0.15223524928092957
2.033036947250366,3.247129201889038,0.42901541233062745
-0.028956213966012,3.583348274230957,0.09329948663711549
4.671424388885498,3.196044921875,-0.39350902557373046
4.867049217224121,5.526327133178711,0.6345154285430908
-0.11834028363227844,2.5809338092803955,-0.14190588831901552
-0.9566782116889954,8.517210006713867,-0.33259761810302735
4.114811897277832,3.430272340774536,0.14491965770721435
-0.45807069540023804,2.7561206817626953,-0.19842948913574218
-1.2864729166030884,2.5077812671661377,-0.2955097389221191
2.1694788932800293,0.9657453894615173,-0.10076969087123872
-0.3010523319244385,7.604230880737305,-0.36921695709228514
-0.3937935531139374,2.9165077209472656,-0.20711174011230468
2.7198286056518555,3.624253034591675,0.3888602948188782
-1.2077054977416992,2.5332911014556885,-0.4534017181396484
2.053487539291382,3.1264450550079346,-0.24642210006713866
0.15585096180438995,5.188386917114258,0.6256801295280456
3.2119357585906982,3.6219120025634766,0.23020379304885863
-0.43875980377197266,6.218468189239502,-0.07470938682556152
0.870279848575592,3.296234369277954,0.19439502716064455
-1.1597603559494019,3.760500192642212,-0.19219757080078126
0.1788710206747055,3.4321141242980957,-0.08061360001564027
-0.9894778728485107,1.534106731414795,0.4111326742172241
7.340522289276123,3.4941487312316895,0.060539879798889196
4.719664096832275,6.266324996948242,0.9091701650619507
-0.2392750233411789,1.6222056150436401,0.12326349020004274
0.32954877614974976,0.17202319204807281,-0.007282421588897692
3.8374080657958984,4.4212822914123535,0.8067733144760132
-2.3563520908355713,2.237307548522949,-0.3120158386230469
1.5449641942977905,9.430140495300293,-0.14311347007751463
0.35287749767303467,1.4796737432479858,-0.2113845443725586
4.424996376037598,5.50880241394043,1.0940251016616822
8.29073715209961,4.605277061462402,-0.07044918775558473
3.0719127655029297,2.7431180477142334,-0.09172377824783323
3.156940460205078,6.074400901794434,1.716212921142578
-0.017535537481307983,4.172953128814697,0.44724685668945313
2.5628411769866943,7.383474826812744,0.6511740040779114
3.997049570083618,5.057154178619385,0.6750977659225463
-3.7782959938049316,2.069185256958008,0.14388967752456666
2.20487380027771,1.0304598808288574,0.13839831829071048
1.146018147468567,5.6594624519348145,0.23744840860366823
5.025916576385498,5.067091464996338,1.7514462852478028
3.964200496673584,6.6117262840271,0.5092711114883423
4.297992706298828,6.558046340942383,0.5308324098587036
0.9935976266860962,4.955591678619385,0.057239112854003904
3.17659592628479,5.649991035461426,0.9576617240905761
7.234038352966309,2.562462568283081,-0.35895285904407503
0.9237604141235352,7.844664096832275,0.13853538513183594
-3.2470388412475586,6.001787185668945,0.4937961435317993
3.0873680114746094,-2.1806881427764893,-0.21890336990356446
1.426602840423584,4.560588836669922,0.07024944067001343
4.6480631828308105,3.743204355239868,-0.18848911762237547
-3.5556998252868652,3.735710620880127,-0.18622791290283203
0.3916465640068054,1.731284499168396,0.12380786061286927
1.4523005485534668,5.831196308135986,0.7073878383636474
4.624858856201172,5.085910797119141,1.048638982772827
4.645814418792725,6.667945384979248,1.706824779510498
-0.6171931028366089,4.240540981292725,-0.26481210708618164
2.507021903991699,2.4676449298858643,0.16817386627197262
0.572172999382019,2.4558792114257812,0.1776566505432129
1.6865787506103516,4.503286361694336,0.48036776065826414
3.1331605911254883,-0.8945735692977905,-0.09452229559421538
-0.3870960772037506,5.298112392425537,-0.2271880340576172
2.866771697998047,8.055641174316406,0.16407752394676206
5.125051975250244,6.628789901733398,0.6986797094345093
2.762845754623413,6.4079437255859375,0.4279572916030884
-1.0131454467773438,4.650977611541748,-0.24343276977539063
0.9568955302238464,0.19208642840385437,-0.382081298828125
0.30531808733940125,4.076982021331787,0.42508008480072024
-1.0592660903930664,2.3880796432495117,0.4889825177192688
-0.4470774233341217,0.7260024547576904,0.14398280382156373
3.6223177909851074,0.5197429060935974,-0.28755435943603513
2.859226703643799,4.24698543548584,0.6570328330993652
4.622322082519531,2.6920664310455322,-0.31508766174316405
4.8137407302856445,3.6482369899749756,0.9055608749389649
-3.2443745136260986,3.9487600326538086,-0.24819786071777344
8.957571029663086,5.638889789581299,0.2786687970161438
4.3106560707092285,5.064122676849365,1.5873813438415527
-0.2565069794654846,2.406001567840576,0.0982273042201996
8.962554931640625,6.266384601593018,0.7263845825195312
3.390885353088379,-0.07559144496917725,-0.1431147575378418
2.950547933578491,7.647344589233398,0.6106657314300536
4.556350231170654,2.3734428882598877,0.7649416065216064
-0.7323113679885864,1.797029733657837,0.26360174655914304
6.011444568634033,3.097437858581543,0.5991668319702148
1.9064995050430298,2.4549100399017334,-0.24154930114746093
4.389877796173096,2.500504970550537,1.0161604404449462
3.9537763595581055,2.2631256580352783,0.9251996040344238
3.532449722290039,2.285848379135132,0.34043848276138305
1.0156298875808716,6.2974066734313965,-0.24385696411132812
9.129701614379883,6.036178112030029,0.16175692796707153
-3.7311649322509766,8.437137603759766,-0.4588591003417969
0.965909481048584,0.642944872379303,-0.2739312744140625
3.6090166568756104,2.155770778656006,-0.2810871696472168
3.8269355297088623,6.211970806121826,0.7788154125213623
1.6466368436813354,2.1130316257476807,-0.2679903793334961
1.7647541761398315,5.004028797149658,0.041230103969573995
0.645993173122406,0.45953959226608276,-0.20545589447021484
-0.9098589420318604,5.248902797698975,-0.19655828475952147
3.9182167053222656,5.765763282775879,0.3987717866897583
1.0310624837875366,2.446197509765625,0.13681228518486022
-3.143620252609253,7.706450462341309,-0.04081478834152219
-1.9135167598724365,7.753967761993408,-0.4590623092651367
2.327230453491211,6.022287845611572,0.5002057766914367
5.035293102264404,3.8623759746551514,0.07192857027053834
2.416293144226074,2.7964234352111816,-0.36214183807373046
1.8215718269348145,2.735680103302002,0.6355111312866211
1.120596170425415,6.4987711906433105,-0.21947068989276886
3.8713090419769287,5.867453098297119,0.9896950674057007
0.19167958199977875,4.646444320678711,-0.2050555992126465
3.0153112411499023,4.476810932159424,0.2177161383628845
1.5798977613449097,4.80828332901001,-0.07804015755653382
1.2893599271774292,1.2309705018997192,-0.18441925048828126
4.626377105712891,5.377623081207275,0.7234317302703858
1.2047975063323975,4.23240852355957,0.617228946685791
1.6821821928024292,5.627127170562744,0.7330614590644836
3.2892236709594727,4.085695266723633,0.5582589864730835
0.5415477156639099,2.8323323726654053,-0.36928749084472656
0.7830978631973267,5.298273086547852,-0.23462974548339843
2.0738203525543213,5.996954441070557,0.7388683700561524
7.395245552062988,2.7906301021575928,1.3530266189575195
3.2957520484924316,3.8726284503936768,0.379733510017395
4.337442398071289,6.281915664672852,1.372439513206482
1.6702678203582764,1.388723373413086,-0.24012958526611328
3.294569969177246,4.483682155609131,0.28845102310180665
0.7932315468788147,2.2496299743652344,0.39506905555725097
2.6353511810302734,8.434069633483887,0.5681864166259766
1.903948187828064,9.367888450622559,-0.12143930196762087
1.1103686094284058,3.2382149696350098,0.1182207703590393
2.018070936203003,7.627340316772461,-0.30722453236579894
4.338552474975586,4.7644500732421875,1.1657957696914674
2.2930099964141846,-0.3102097809314728,-0.3198565483093262
1.1263796091079712,1.5638455152511597,0.035118082761764535
0.8855851292610168,8.70633602142334,-0.32673408508300783
3.007194995880127,5.166921138763428,0.8969522190093994
1.4343202114105225,6.377070426940918,0.613898286819458
1.060441017150879,8.756304740905762,-0.08884898006916048
2.5034990310668945,8.340744018554688,0.1105506420135498
-2.9667246341705322,2.3510751724243164,-0.15291419982910157
-1.068152666091919,6.191593170166016,-0.11437551498413084
0.8709250092506409,5.179141044616699,0.828920431137085
1.4439325332641602,6.716810703277588,0.5960709881782531
-0.33440232276916504,2.9030227661132812,-0.27618501663208006
-1.5325262546539307,7.285551071166992,0.17791260480880738
0.4273129999637604,4.896069049835205,0.15291183710098266
0.8863356709480286,2.1624629497528076,-0.15765727996826173
-0.4787609875202179,8.475500106811523,0.004428654909133911
1.9360483884811401,6.008422374725342,-0.454158935546875
1.6694815158843994,6.949263095855713,-0.444921875
2.4068057537078857,7.060622692108154,1.0474956560134887
-0.2761538326740265,4.74929141998291,-0.28820457458496096
2.1756134033203125,5.658864974975586,1.094895544052124
-0.43225330114364624,5.3235087394714355,-0.2752327728271484
6.719090461730957,3.155107021331787,0.341986951828003
2.5555286407470703,6.746586322784424,-0.41009078979492186
-0.1403874009847641,0.2401810735464096,-0.11226051330566406
-0.47016799449920654,2.888157844543457,-0.26221715927124023
2.016125440597534,3.749882698059082,-0.14651143074035644
1.1492302417755127,2.0745625495910645,0.1227012324333191
1.9395761489868164,6.557657241821289,0.961089768409729
1.1632163524627686,0.9307210445404053,-0.27809097290039064
0.7003380656242371,6.815011978149414,0.4639856767654419
1.9169219732284546,2.1328036785125732,0.14596719264984132
9.835025787353516,6.20721960067749,0.3652724051475525
1.1221401691436768,7.141502857208252,0.38608852863311766
-2.3817570209503174,3.894659996032715,-0.2703007507324219
2.672272205352783,2.8315529823303223,-0.30070684432983397
-0.34490251541137695,8.06326961517334,-0.307163200378418
1.5451382398605347,2.166238784790039,-0.2647026824951172
1.7114487886428833,3.4443585872650146,-0.229438419342041
1.4293529987335205,2.2271831035614014,-0.006841655969619775
3.4677138328552246,6.4946608543396,1.2798967170715332
6.152804851531982,3.2907869815826416,0.43481271266937255
2.9545156955718994,4.642693519592285,0.5178313302993774
0.4252294898033142,4.992194175720215,0.7898920869827271
1.8859854936599731,1.3341788053512573,0.37025952339172363
1.8885260820388794,7.74489688873291,0.603470344543457
-0.108089879155159,2.771364688873291,0.25929745197296145
-0.9498875141143799,3.1071152687072754,-0.3610882568359375
3.265195846557617,4.200267314910889,0.1630399703979492
3.797623634338379,5.054532527923584,0.24292163848876952
6.186357021331787,3.530421495437622,-0.24637004852294922
2.287679433822632,2.428635358810425,0.14762467622756958
-2.9986042976379395,8.546019554138184,-0.31218547821044923
7.026291370391846,3.293494462966919,-0.135546138882637
-0.4309435486793518,2.3041741847991943,-0.21938459396362306
-1.572189450263977,1.6123045682907104,-0.17304204940795898
0.7399605512619019,1.2387036085128784,-0.24942163467407227
1.2880862951278687,3.4245424270629883,-0.05322696685791015
6.852567672729492,3.6759555339813232,-0.17248979568481446
1.9978227615356445,2.1432971954345703,-0.252412281036377
2.9071290493011475,3.861631393432617,0.028105076551437402
5.083381652832031,5.987358093261719,1.0854845714569092
-2.466078758239746,4.465263366699219,-0.20054922103881836
-1.5466043949127197,2.660107135772705,-0.28094404220581054
9.61151123046875,4.628100872039795,0.585273003578186
-0.906520664691925,2.542173147201538,-0.21358692169189453
9.440279960632324,5.091557502746582,-0.38793453216552737
2.7897677421569824,3.643681764602661,-0.18110858917236328
-0.4240684509277344,2.5576589107513428,-0.18082054138183593
2.75799298286438,2.55618953704834,-0.2737278366088867
0.47202450037002563,2.1418707370758057,-0.18454097747802733
3.1234140396118164,2.131472587585449,0.31808813810348513
2.1460142135620117,3.881742238998413,0.02418945074081419
0.4048708975315094,2.7837095260620117,0.1644088363647461
-2.1988842487335205,6.423131942749023,-0.23793922424316405
4.485541820526123,5.692734241485596,0.9465276288986206
-2.4655208587646484,4.980096340179443,-0.09005210876464843
-1.6778039932250977,3.1728641986846924,-0.22386281967163085
0.0912005603313446,4.218391418457031,-0.19772613525390625
-1.6449735164642334,2.4056968688964844,-0.2188018035888672
6.840233325958252,3.696326732635498,-0.20546819686889647
-1.9716928005218506,2.7439281940460205,-0.20986770629882812
0.7675557136535645,4.434930801391602,-0.18446252822875978
-1.7513539791107178,6.217184066772461,-0.10420464515686036
0.033698420971632004,4.372012138366699,0.3665224015712738
-3.564375638961792,6.547601222991943,0.07502366304397584
2.393272876739502,2.7446951866149902,-0.2162369155883789
-3.253018856048584,5.663749694824219,-0.17354143142700196
1.2777456045150757,0.08844321966171265,-0.1886945343017578
-0.043042462319135666,2.0101263523101807,-0.26876886367797853
1.498357892036438,4.611783027648926,-0.18846908569335938
9.093282699584961,3.527517795562744,0.8051562881469727
0.11269863694906235,3.773250102996826,-0.2229708480834961
-2.2913434505462646,2.7025234699249268,-0.2550823211669922
0.3618062138557434,2.822404146194458,-0.31443410873413086
-2.3067052364349365,8.606759071350098,-0.28006587982177733
1.3509197235107422,5.77023458480835,-0.22010852813720702
-2.7283935546875,5.590909957885742,-0.2270359992980957
-0.229389950633049,3.430948495864868,-0.2018597412109375
3.5791847705841064,2.360011339187622,-0.1702140426635742
-3.332327127456665,7.365636825561523,-0.003253133296966554
-3.185819387435913,5.550445079803467,0.7452826452255249
3.057460308074951,5.909955024719238,0.013668090105056763
-0.7536553740501404,3.1064038276672363,0.21680621385574342
4.455682277679443,6.118875503540039,0.7084095191955566
2.6510074138641357,2.932725667953491,0.014291694164276114
-0.8040058612823486,3.4726569652557373,-0.25816864013671875
6.6835408210754395,3.54632306098938,-0.20995309829711914
0.1131942868232727,3.12766695022583,-0.33978469848632814
-0.23491139709949493,0.622632622718811,-0.25063749313354494
1.6801635026931763,1.2669140100479126,-0.16451333999633788
4.081150531768799,7.004834175109863,-0.20357881546020506
-2.6912853717803955,4.091184616088867,-0.19833419799804688
-1.3005433082580566,3.198279857635498,-0.1605132484436035
0.054330483078956604,3.284935712814331,0.1104722499847412
-1.0439623594284058,2.055330276489258,-0.12105700492858887
1.6118141412734985,3.8155367374420166,-0.3734119415283203
8.459707260131836,3.913790702819824,-0.34268070220947267
-0.8104035258293152,5.864492893218994,-0.36253894805908204
3.490203857421875,4.165699481964111,0.24970354914665222
-2.7218971252441406,6.967092514038086,-0.18002859115600586
-3.779778480529785,6.653305530548096,-0.42392162322998045
0.24642419815063477,2.063323736190796,-0.15831214904785157
-1.026267170906067,3.861599922180176,0.09916246175765991
6.243066310882568,3.1830379962921143,-0.40728736877441407
0.2458631694316864,3.5616207122802734,-0.17899080276489257
-3.261789560317993,6.73933744430542,0.4474783229827881
-1.688843846321106,6.495414733886719,-0.37489418029785154
4.092867374420166,5.4481658935546875,0.5825159430503846
-3.236180067062378,6.978277683258057,0.14063434481620787
0.29562005400657654,2.0397634506225586,-0.27862884521484377
-1.3290833234786987,3.5027170181274414,-0.2665120315551758
-0.4716600775718689,1.299589991569519,-0.31531375885009766
5.747186183929443,4.173361778259277,1.1530692195892334
7.55768346786499,3.2830567359924316,-0.5243711853027344
-3.3173396587371826,7.683782577514648,-0.2974539566040039
3.3164892196655273,2.8913629055023193,-0.3872352981567383
-1.8562713861465454,2.783784866333008,-0.2363787269592285
-0.1243230402469635,3.0277791023254395,-0.2190272903442383
-1.7149938344955444,2.472125768661499,0.0838838291168213
1.9171147346496582,1.9445321559906006,-0.14050655364990233
-2.4322614669799805,2.340826988220215,-0.3253810882568359
-3.814885377883911,6.940253257751465,-0.3763072967529297
3.0699172019958496,3.4224367141723633,-0.3285905075073242
-3.510201930999756,6.045506000518799,-0.2907126998901367
0.7229691743850708,2.117486000061035,0.05618639230728151
-0.3451153039932251,2.1906821727752686,-0.22775690078735353
-2.425603151321411,2.891883611679077,0.23219371914863587
6.681565284729004,3.832794666290283,-0.19738340377807617
6.787073135375977,4.953207969665527,-0.39546928405761717
1.57891047000885,5.382831573486328,-0.19145574569702148
-0.7339122891426086,2.0937392711639404,-0.2677111434936523
6.882939338684082,4.272614479064941,-0.439830436706543
-3.285240888595581,6.441385746002197,0.049204846620559684
-3.362043619155884,6.006797790527344,-0.1952716064453125
0.5271231532096863,2.246105909347534,-0.2211041831970215
4.275731086730957,5.018747806549072,0.4780835843086243
-3.332401752471924,7.323777675628662,-0.2614845657348633
-1.8761647939682007,0.4133354425430298,-0.17160142898559572
-0.9462428092956543,2.522691249847412,-0.037057991027832034
3.029228925704956,-0.5612155795097351,-0.24800491333007812
1.2471632957458496,2.6067564487457275,-0.2577775001525879
0.4042777717113495,3.923060655593872,-0.11393604278564454
-2.849886894226074,3.048953056335449,-0.22198076248168946
1.7621301412582397,1.8757154941558838,-0.22032283782958983
0.3445218801498413,0.911266028881073,-0.157823543548584
-3.1242997646331787,6.795368671417236,-0.22607093811035156
-0.703727662563324,2.0934951305389404,-0.23873140335083007
1.3029038906097412,4.390032768249512,-0.2747004890441895
1.3707448244094849,3.464114189147949,-0.2502306365966797
2.4933688640594482,2.5048744678497314,0.10843278288841246
4.238834381103516,4.928133487701416,0.5616753721237182
-2.38248348236084,7.938479900360107,-0.18385793685913085
-1.3402574062347412,3.2857937812805176,-0.34661876678466796
0.6333409547805786,1.9925075769424438,-0.1992235565185547
-2.7787556648254395,7.757329940795898,-0.2515279197692871
-0.7077887654304504,2.108788013458252,-0.18421760559082032
0.8129165172576904,2.93629789352417,-0.2937538528442383
-3.2270450592041016,2.9628171920776367,-0.40561676025390625
8.224015235900879,4.801708698272705,0.08542787790298462
-0.6772381067276001,3.2910475730895996,-0.1991739845275879
0.7582727670669556,0.11818786710500717,-0.11710410118103028
5.80622673034668,3.3121461868286133,0.20437426328659059
-3.9864346981048584,6.759715557098389,-0.025374618768692014
-3.0858421325683594,3.7994821071624756,-0.22212051391601562
0.46998366713523865,3.7884247303009033,-0.21452739715576172
-0.008136201649904251,2.395143747329712,-0.22980192184448242
-1.43850576877594,1.9586113691329956,-0.056424946784973146
-0.42420971393585205,3.242910146713257,-0.20370016098022461
-3.481168031692505,6.444457530975342,0.048740900754928596
3.422619104385376,4.550288677215576,0.4827223515510559
9.687630653381348,5.325873851776123,-0.4619979476928711
4.711801528930664,6.761800765991211,0.9394260597229004
-3.800609588623047,1.8879693746566772,-0.34554347991943357
-2.715353012084961,3.7451894283294678,-0.2834090995788574
-3.1185779571533203,5.851263523101807,-0.24259033203125
-0.8528838157653809,2.2611050605773926,-0.1906045913696289
8.813650131225586,5.782533168792725,0.15965613842010498
0.7286220788955688,1.9118777513504028,0.07318239450454711
-3.910832643508911,7.069513320922852,0.52071218252182
4.381861209869385,5.956731796264648,1.1865146732330323
1.5302464962005615,0.2791382074356079,-0.3044443130493164
3.6076722145080566,2.07427978515625,-0.19924583435058593
9.511255264282227,3.5326008796691895,-0.4391436004638672
-1.4953444004058838,6.216342449188232,-0.28499301910400393
0.16524317860603333,3.2811696529388428,-0.25971752166748047
-1.9422322511672974,3.7432665824890137,-0.14333539962768554
4.642054557800293,6.127837181091309,1.0796406364440918
0.9149835109710693,2.6244120597839355,0.010026955604553245
4.0016398429870605,2.135878801345825,-0.23313087463378906
1.957141399383545,2.441009998321533,-0.2327364730834961
2.9482967853546143,3.2073326110839844,-0.18453590393066407
-1.4850858449935913,3.2272636890411377,-0.2063494873046875
7.19828462600708,3.6650404930114746,-0.2933053016662598
-2.242393732070923,8.070034980773926,-0.21849510192871094
0.011264120228588581,3.9127461910247803,-0.17682573318481445
6.432058334350586,4.728460311889648,-0.22596275329589843
-3.23895525932312,6.406711101531982,-0.3070358657836914
-4.335982799530029,6.534754753112793,-0.14181676864624024
-3.4959542751312256,5.96444034576416,-0.2730450820922852
-1.202066421508789,3.2224340438842773,-0.1790541648864746
2.1520373821258545,2.335629463195801,-0.2308236312866211
-0.04594108462333679,2.5374298095703125,0.14878369092941285
0.5994541645050049,1.957718849182129,-0.18356996536254883
1.42327880859375,1.8229953050613403,-0.14804414749145509
0.8969563841819763,2.43170428276062,-0.14437714576721192
-2.516557216644287,2.7226529121398926,-0.2299930763244629
4.157291412353516,2.4509048461914062,0.35887856483459474
1.5926520824432373,1.9429816007614136,-0.2544173812866211
1.362753987312317,2.9883363246917725,-0.34720176696777344
-0.20583312213420868,2.525447368621826,-0.1101512336730957
-2.874488592147827,8.109333038330078,0.09251502871513367
6.773829936981201,3.2390708923339844,-0.12871834754943848
-1.2266035079956055,6.283226013183594,-0.25397003173828125
0.43539246916770935,2.8293983936309814,-0.23914003372192383
1.6507960557937622,1.1096913814544678,-0.21227157592773438
0.4328542649745941,1.8666186332702637,-0.24759899139404296
-4.327261924743652,7.564256191253662,-0.24185665130615233
5.351862907409668,3.8161818981170654,-0.011580357551574716
0.14527635276317596,2.9462738037109375,-0.17156936645507812
-0.20035859942436218,3.9838099479675293,-0.2435317039489746
3.108966112136841,3.618760824203491,0.1939417028427124
-1.7067657709121704,3.8065731525421143,0.09772379636764528
1.5680606365203857,2.9556095600128174,0.22090750336647033
-2.677652359008789,7.117129802703857,-0.26769214630126953
1.0333220958709717,3.9070255756378174,-0.15062545776367187
0.41466113924980164,2.3506455421447754,-0.11831781387329102
3.499457359313965,2.048307418823242,0.1748610818386078
0.4277119040489197,3.6786110401153564,-0.26729286193847657
1.2708932161331177,2.2284750938415527,-0.19541700363159178
3.288069486618042,3.8878278732299805,-0.21159082412719726
0.8327869176864624,3.5743606090545654,0.20897161960601807
0.0904630720615387,1.8775014877319336,-0.11638273239135742
-3.712472915649414,6.671798229217529,0.07747549533843995
1.0580278635025024,1.9310531616210938,-0.1288646125793457
0.9647965431213379,3.6900877952575684,0.7474947357177735
-3.160676956176758,7.4210076332092285,-0.2954884719848633
-2.4442687034606934,5.273764610290527,-0.14945207595825194
3.5392794609069824,5.415029525756836,-0.052737928628921515
-1.306547999382019,1.7479681968688965,-0.23691879272460936
-0.5758655667304993,3.209111213684082,-0.4241024017333984
-0.17893362045288086,0.15458843111991882,-0.23920707702636718
-3.581890344619751,2.95654559135437,-0.18411087036132812
-3.4556162357330322,5.856281280517578,-0.12588193893432617
-3.4905993938446045,5.683497905731201,0.1866079092025757
-1.628447413444519,1.5973433256149292,-0.12906028747558593
4.815267562866211,5.6181135177612305,1.2758565902709962
6.06374979019165,3.1594998836517334,0.45315696954727175
-3.7610740661621094,8.070499420166016,-0.15922231674194337
-0.30516406893730164,3.122082471847534,-0.08929949760437011
2.2027902603149414,3.751387119293213,0.18895225644111632
-0.326141357421875,0.2131473422050476,0.5267972803115845
-3.835242748260498,7.315374374389648,0.31222872018814085
1.5717856884002686,3.563687562942505,-0.20895994186401368
-2.953451156616211,3.2136504650115967,-0.2901054573059082
-2.8256044387817383,5.264712333679199,0.0987505793571472
-0.6931102871894836,3.421419620513916,-0.2008626365661621
1.22979736328125,4.0069260597229,-0.24468156814575195
3.9087140560150146,2.085792303085327,-0.22811485290527345
0.9052902460098267,1.1902029514312744,0.018108208179473895
0.6167193651199341,1.461166501045227,-0.19538503646850586
-3.4212465286254883,6.0986104011535645,0.04311361789703369
0.857711136341095,2.9466867446899414,-0.2761781883239746
-2.694866895675659,5.86794900894165,-0.36535980224609377
0.36346378922462463,2.719069480895996,0.14442431092262267
1.6333630084991455,3.891695499420166,-0.2588907623291016
0.1675187647342682,4.541266441345215,0.017937366962432866
-1.3397226333618164,3.490389823913574,-0.11700527191162109
1.4455058574676514,3.062213659286499,0.16070971727371217
1.2457587718963623,2.0070722103118896,-0.2735995101928711
9.90978717803955,6.204967975616455,0.9756735038757325
-4.333969593048096,6.597134113311768,-0.3413669204711914
-1.6371999979019165,4.633715629577637,-0.2596371078491211
-3.4240469932556152,7.131405353546143,-0.28347795486450195
-3.3225197792053223,6.508713722229004,0.18101598024368287
1.8473163843154907,4.075577259063721,-0.11226051330566406
1.8747471570968628,-0.12680715322494507,-0.4088922882080078
0.901870608329773,2.047203302383423,-0.28218416213989256
-1.1569262742996216,1.6431366205215454,0.21753294467926027
-2.625406265258789,2.171464204788208,-0.1460900115966797
-2.9346044063568115,5.804869174957275,0.2652014148235321
-0.7344800233840942,5.784344673156738,-0.3657444763183594
6.754032135009766,4.698154449462891,0.1550869345664978
-0.46760985255241394,4.149203300476074,-0.21041316986083985
-2.7454962730407715,7.28330135345459,0.1870275044441223
4.477889060974121,4.878678798675537,0.4726722764968872
-0.6720863580703735,-0.09590297192335129,-0.07874896049499512
-1.6293566226959229,6.427644729614258,-0.008070350885391209
-0.16959793865680695,6.932558059692383,-0.17791231155395507
3.0157504081726074,4.443256378173828,-0.08345484793186186
0.2452739179134369,4.0208420753479,-0.23401729583740236
1.1026583909988403,6.396390438079834,-0.4158677291870117
2.255669116973877,3.323610544204712,0.25953514575958253
-1.0054774284362793,8.128218650817871,-0.13989088475704192
2.4917802810668945,-1.4064993858337402,-0.11750515937805175
2.1160402297973633,3.050614356994629,-0.2211483383178711
3.29115629196167,-0.33807218074798584,-0.247420654296875
2.530135154724121,5.0544586181640625,-0.3034187126159668
2.677846908569336,4.738783359527588,-0.24317879915237428
2.703062057495117,0.18762613832950592,-0.2780440711975098
2.1089701652526855,6.866970539093018,-0.11476668536663054
-1.7250345945358276,5.417114734649658,0.5069041228294373
1.9990687370300293,1.3814971446990967,-0.27591236114501955
2.537557363510132,-0.8422347903251648,-0.0930240297317505
6.824429035186768,2.813585042953491,-0.4596309280395508
1.7822093963623047,2.2810542583465576,-0.3574649810791016
1.1777291297912598,4.7218756675720215,-0.3162399482727051
1.0504707098007202,1.6051609516143799,-0.4031189727783203
2.048387289047241,2.604306936264038,0.11328616738319397
0.41573116183280945,-0.029454952105879784,0.02776762723922732
1.6272287368774414,-0.5213719606399536,-0.35939525604248046
1.5653871297836304,-0.21882005035877228,0.0245225727558136
2.050996780395508,0.47672349214553833,-0.24321399688720702
-4.016788959503174,6.430168628692627,-0.18124343872070312
1.666648268699646,2.857689619064331,0.019836138486862165
3.772075653076172,0.9710724949836731,-0.34354103088378907
-0.1802416741847992,4.9458417892456055,0.0832084286212921
-0.6039758920669556,3.037195920944214,-0.3170751953125
7.696722507476807,5.756546497344971,-0.12716865301132202
2.7492547035217285,-1.6927387714385986,-0.2877445602416992
8.964216232299805,4.86979866027832,-0.3154990577697754
2.255289077758789,-0.4963264763355255,-0.22379688262939454
-1.0171244144439697,3.2134485244750977,-0.30612781524658206
1.9582749605178833,-0.45808354020118713,0.07386803984642026
0.4666149914264679,1.5745172500610352,-0.023378025293350202
0.47373566031455994,6.282338619232178,-0.16722429275512696
-3.3660130500793457,5.759150981903076,-0.27868783950805665
-4.4081902503967285,6.326594352722168,-0.03445520997047424
-2.9814414978027344,2.4573633670806885,0.41126492857933045
0.21809858083724976,1.6376231908798218,-0.12958723068237304
3.1643459796905518,-1.2051043510437012,-0.27815889358520507
-2.8219478130340576,6.644084930419922,-0.4367507553100586
2.3180177211761475,8.7348051071167,0.11025396943092347
0.10449154675006866,3.6764988899230957,-0.2164749526977539
0.2797158360481262,9.159887313842773,-0.259567928314209
-3.5683867931365967,6.087700366973877,-0.20354965209960937
-2.333724021911621,4.130200386047363,-0.29663284301757814
1.3606337308883667,2.307122230529785,-0.1316811943054199
-3.271939754486084,2.151181221008301,0.17865527987480165
1.698518991470337,4.810817718505859,0.3367701470851898
0.376485675573349,2.897679090499878,0.17429447293281555
-1.3222066164016724,3.530214786529541,-0.23555900573730468
0.7521438598632812,3.4663712978363037,-0.17765748977661133
0.9743184447288513,6.568497657775879,0.03178877830505372
-0.04310612753033638,3.4147279262542725,0.3206190490722656
-1.7777800559997559,8.711997032165527,-0.1860337448120117
2.529695987701416,-1.9192274808883667,-0.10689408957958224
0.05972296744585037,3.015810251235962,0.21787280559539796
1.2422152757644653,0.2630991041660309,-0.2958011245727539
-2.53100323677063,1.2458637952804565,-0.2015652847290039
1.0670610666275024,5.016676902770996,-0.30867279052734375
-2.9409878253936768,7.253769874572754,-0.3138302993774414
-1.3768432140350342,2.1088736057281494,-0.3729805755615234
2.03617000579834,-0.5229116678237915,-0.29576644897460935
0.11758462339639664,4.419382572174072,-0.2696483039855957
1.8485897779464722,-0.6655542850494385,-0.30829389572143556
-4.346139430999756,6.523862361907959,-0.019303159713745133
-2.0220019817352295,2.5866501331329346,-0.4271341705322266
-4.590816497802734,6.852445602416992,-0.39916168212890624
-3.3879191875457764,6.297774314880371,-0.19648340225219726
-0.6276493668556213,5.544156551361084,-0.2864005661010742
2.7351198196411133,0.9975574016571045,0.0036567270755767933
0.2752270996570587,6.383920192718506,-0.2573654556274414
-0.8488246202468872,2.1331872940063477,-0.2983724594116211
-4.450085163116455,3.416905403137207,-0.17101753234863282
0.5887972712516785,2.5803425312042236,0.05446871042251589
-4.284506320953369,3.3625850677490234,-0.3018386077880859
3.6467015743255615,1.1753841638565063,-0.3538996124267578
3.6239492893218994,2.243689775466919,-0.35880252838134763
3.7527682781219482,4.491157054901123,0.1447010040283203
-1.5772184133529663,6.120396614074707,-0.30488494873046873
7.522149562835693,4.986432075500488,0.05360401630401612
-1.9752336740493774,7.890334606170654,0.03518294930458071
1.801227331161499,7.571133613586426,0.28946959495544433
0.8551906943321228,4.478520393371582,-0.2815342330932617
-3.7995829582214355,6.142189025878906,-0.27999378204345704
-0.6111072301864624,2.2110583782196045,-0.21900928497314454
2.3726868629455566,-0.5268079042434692,-0.1831234550476074
6.872618198394775,2.9168365001678467,-0.2373416292667389
2.8988382816314697,5.51078987121582,0.3550499629974365
1.0054748058319092,2.4306907653808594,-0.2766766738891602
-0.7712565660476685,2.817110538482666,0.3390245532989502
0.28616589307785034,1.537171721458435,0.05297319650650023
2.4552228450775146,7.745060443878174,-0.3001078033447266
2.369555950164795,3.7066433429718018,0.10748961329460144
1.7918206453323364,-0.7172327041625977,-0.28780136108398435
0.5867089629173279,8.855103492736816,0.028179246187210072
-3.012054681777954,5.761963367462158,-0.20778345108032226
-2.4179532527923584,5.077425003051758,-0.45714195251464845
0.2842463552951813,4.012208461761475,-0.21703723907470704
-2.4841268062591553,2.16463041305542,-0.2643251609802246
0.7989872097969055,7.3190388679504395,-0.15499410629272461
1.4078514575958252,2.492131471633911,0.048940021991729754
-0.5660314559936523,4.0984110832214355,-0.29336908340454104
0.10900074988603592,1.8544845581054688,0.16778947591781615
-1.2239593267440796,5.014217853546143,-0.29342525482177734
-2.939349412918091,9.702427864074707,-0.21188411712646485
-3.7390832901000977,8.074974060058594,-0.17743011593818664
-0.5719226598739624,2.667912721633911,0.5610535526275635
0.3465547561645508,9.178085327148438,-0.015270308256149279
-0.45071282982826233,1.9639835357666016,0.13616763949394226
2.313004493713379,0.24151380360126495,-0.25280616760253904
2.437795400619507,-0.02699325978755951,-0.29397178649902345
-1.1651194095611572,2.7390055656433105,-0.19653743743896485
-1.0761626958847046,5.530528545379639,-0.4025516891479492
-1.4951181411743164,6.458164691925049,0.5434323978424073
9.406715393066406,4.48619270324707,-0.35212806701660154
3.0266265869140625,-1.3447530269622803,0.02145861864089965
3.3105990886688232,4.399595260620117,-0.1435612273216248
3.2456629276275635,-0.3047164976596832,-0.20172327041625976
2.3689329624176025,4.607585906982422,-0.30421600341796873
9.358427047729492,5.029574394226074,-0.154440655708313
-3.882883310317993,6.500330924987793,0.053292025327682485
-1.103809118270874,2.7830193042755127,-0.25530059814453127
-2.077944755554199,4.672760963439941,-0.19269628524780275
1.7827463150024414,3.9400155544281006,-0.3327819442749023
1.7743796110153198,-0.1587904989719391,-0.3174496269226074
-3.7794952392578125,7.75039529800415,-0.4688117218017578
-0.9622723460197449,3.0316848754882812,-0.29918344497680666
6.943436145782471,4.79850959777832,-0.10579765319824219
0.9791378378868103,9.191882133483887,-0.03407526373863218
-1.7135000228881836,2.116814136505127,-0.23082748413085938
9.276275634765625,5.024532318115234,-0.20284867763519288
-5.134018898010254,2.435744285583496,-0.29213973999023435
2.2560384273529053,3.5914053916931152,-0.20141805648803712
1.531576156616211,5.393459796905518,-0.23869667589664462
2.515048027038574,3.747176170349121,-0.1321382999420166
3.0955557823181152,7.168118953704834,-0.050784723162651035
3.607475757598877,5.4870381355285645,0.09548244714736936
4.413612365722656,4.72756290435791,-0.04665698409080504
0.3661695122718811,2.1768741607666016,-0.1719331932067871
-1.3973805904388428,6.100295543670654,-0.1842386883497238
-1.8640432357788086,1.8130598068237305,-0.2776976776123047
2.609992504119873,1.4407272338867188,0.20267781138420105
-3.1384999752044678,3.010704755783081,-0.29787771224975584
1.1047042608261108,3.1875646114349365,-0.27552974700927735
1.7999088764190674,2.4855599403381348,-0.1971588134765625
0.1895321011543274,3.9737308025360107,-0.14491495847702024
1.9138346910476685,-0.388716459274292,-0.23782026290893554
-3.269373893737793,5.922394275665283,-0.1773668670654297
2.600682258605957,0.4328978359699249,-0.19145204544067382
-3.392225980758667,7.168671607971191,-0.051545002460479716
0.660418689250946,-0.6439529657363892,0.24059200763702393
3.554466962814331,0.33466166257858276,-0.24093839645385742
0.916776180267334,4.271694183349609,-0.26731201171875
0.1946408897638321,6.918516159057617,-0.3014785194396973
-0.10331109166145325,8.25157642364502,0.03563801527023314
-3.598642110824585,9.48953914642334,0.11060934662818911
3.6351161003112793,1.9619061946868896,-0.2811217498779297
2.138364553451538,0.8702690005302429,-0.41002391815185546
1.3519939184188843,4.996912002563477,0.15563048481941222
-0.5959764122962952,5.604772090911865,-0.31234840393066404
0.15306352078914642,8.039999008178711,-0.29028810501098634
2.5623507499694824,1.4947154521942139,-0.30786632537841796
-0.9986363649368286,6.891124725341797,0.12373215436935425
1.0192456245422363,2.814417839050293,-0.2966313362121582
2.957113265991211,0.07217461615800858,-0.4372811126708984
-3.234776258468628,7.512489318847656,-0.48151939392089843
2.578930139541626,-1.2787039279937744,-0.21051811218261718
-1.3074342012405396,5.324939250946045,-0.25075151443481447
2.675713300704956,3.48974609375,-0.04789190292358397
6.096719264984131,3.523270606994629,0.3031567764282227
-1.0898936986923218,3.33429217338562,-0.23845165252685546
5.518868446350098,3.3690662384033203,-0.21079174041748047
2.077193260192871,7.243037223815918,0.36283507823944094
-3.3539726734161377,3.193899631500244,-0.25213069915771485
-1.8139294385910034,5.898894786834717,-0.18670976638793946
2.564682722091675,6.145963668823242,0.11284940719604492
-0.7584189176559448,2.792670726776123,-0.17464181900024414
-1.8517922163009644,6.009423732757568,-0.22703704833984376
1.5756545066833496,2.1767122745513916,-0.4647547912597656
-4.071264743804932,6.664077281951904,-0.34586051940917967
-1.020026445388794,2.416032075881958,-0.31786552429199216
5.935108661651611,3.4569590091705322,-0.0353685009479523
7.406403064727783,2.6891515254974365,-0.5063877487182618
-0.9337980151176453,6.986237049102783,-0.2469853413105011
2.0452280044555664,2.955756425857544,-0.3793110656738281
2.4206435680389404,-0.4226492643356323,-0.23450471878051757
2.5764241218566895,2.852717876434326,0.3990680503845215
2.8203985691070557,4.592992305755615,0.0007958900928497492
0.2501329779624939,2.9937825202941895,-0.15865680694580078
1.9344642162322998,9.41381549835205,-0.2088119888305664
-3.7139651775360107,5.453740119934082,-0.2377861976623535
1.7967888116836548,2.7687721252441406,-0.35025054931640626
8.303046226501465,3.095712423324585,-0.465595588684082
1.0067286491394043,2.436384916305542,-0.3619511032104492
-3.0410072803497314,6.183866500854492,-0.33800350189208983
2.7076661586761475,5.640937805175781,-0.14528963148593904
4.200680732727051,4.7967753410339355,0.26469940185546875
-1.379409670829773,8.9176607131958,-0.23651878356933595
-3.5443007946014404,8.810423851013184,-0.3561164093017578
-2.238147735595703,6.546836853027344,0.2634991908073425
7.741415500640869,5.792232036590576,-0.44642837524414064
-0.6098394989967346,2.891477584838867,-0.18737297058105468
0.9772262573242188,5.145495891571045,-0.11742424964904785
-3.4967241287231445,6.352596282958984,0.023110053539276143
0.4633002281188965,2.3984827995300293,-0.3296410369873047
0.2962087392807007,6.566282749176025,0.10070058941841126
3.353363037109375,2.3388495445251465,-0.24661823272705077
-2.694988965988159,8.189342498779297,-0.18071752548217773
1.132117748260498,2.4633374214172363,-0.24428037643432618
2.9358718395233154,6.427906513214111,0.12355403542518617
-0.0769217386841774,2.833061933517456,-0.128101863861084
-1.06308913230896,4.445640563964844,-0.3360728073120117
9.31650161743164,4.236804485321045,-0.04215295314788814
-1.7844158411026,3.094130516052246,-0.24089969635009767
-2.876051187515259,8.314034461975098,-0.31373844146728513
-2.0980141162872314,6.920499801635742,-0.21006082534790038
0.46414047479629517,2.11112642288208,-0.17878952026367187
-0.22109568119049072,4.061679363250732,-0.3482500076293945
2.452524423599243,7.257173538208008,-0.3257097625732422
-4.554564952850342,6.8662638664245605,-0.3878449249267578
-0.9110139012336731,5.59290075302124,0.15837667584419252
3.7045023441314697,4.8164801597595215,0.8076402091979981
1.3157397508621216,1.0347458124160767,0.24194167494773866
0.818200409412384,3.268643856048584,-0.2948691940307617
-0.755208432674408,7.604104042053223,-0.36868751525878907
-0.8575853705406189,7.694534778594971,-0.05152052640914917
-1.9712151288986206,6.8488006591796875,-0.260551815032959
2.6720330715179443,-0.7758543491363525,-0.08484791755676269
-0.5459704399108887,1.8996576070785522,-0.18267276763916016
-1.986063003540039,9.671857833862305,-0.2448757553100586
1.6119861602783203,3.3249151706695557,0.09398533701896666
0.3949940800666809,8.156982421875,-0.1435368990898132
1.935714602470398,1.2447912693023682,-0.1860830879211426
-1.762499451637268,5.3899664878845215,-0.1686799681186676
1.1386585235595703,2.624265432357788,-0.281314811706543
3.3006839752197266,3.089134931564331,-0.2918195915222168
-3.6195249557495117,4.14789342880249,-0.22917535781860351
2.4907426834106445,-0.412612646818161,-0.26449363708496093
2.249889373779297,-1.4191447496414185,-0.32046157836914063
4.203756332397461,6.74398946762085,-0.3540804672241211
1.3460659980773926,0.6217977404594421,-0.29857410430908204
-1.6893126964569092,10.101465225219727,-0.33809833526611327
-1.1590864658355713,3.3526885509490967,-0.4361692428588867
0.19813953340053558,6.923023223876953,0.03458723843097686
8.4662504196167,5.9990553855896,-0.10824677646160125
2.216155529022217,-0.9016767144203186,-0.22199895858764648
-1.2104417085647583,1.9589385986328125,-0.25927272796630857
3.082902669906616,-0.6754904389381409,-0.3911831283569336
1.5214542150497437,3.595123291015625,-0.45580257415771486
-2.5810601711273193,5.309305191040039,-0.33256858825683594
8.125856399536133,5.8018999099731445,-0.47902259826660154
1.3145203590393066,2.253800630569458,-0.14615654945373535
2.0601117610931396,3.5047242641448975,0.04544517993927
-2.6087331771850586,6.770369529724121,-0.30012176513671873
1.9170928001403809,4.355698108673096,0.21504658460617065
0.8161768317222595,1.3689489364624023,-0.2876918983459473
1.7632101774215698,0.31742221117019653,-0.2646569061279297
7.500986099243164,2.8787004947662354,0.04888538956642152
-3.789095163345337,3.9196267127990723,-0.41474117279052736
1.871099591255188,2.6645166873931885,-0.21169677734375
-1.7734042406082153,2.87967848777771,0.4905299377441406
1.6098612546920776,1.8771040439605713,0.13530399918556213
-1.1870096921920776,3.946455478668213,-0.2623287200927734
0.3966520428657532,9.084513664245605,-0.21858261108398438
1.2339235544204712,2.770329475402832,-0.2748414039611816
-3.687204599380493,7.285984039306641,-0.4728736877441406
-4.08721399307251,6.257763862609863,-0.21402542114257814
2.7543129920959473,-1.883605718612671,-0.20446327209472656
2.814242124557495,-0.2812139391899109,-0.4431071472167969
0.6618543863296509,0.5825318694114685,-0.08828291296958923
1.6204214096069336,-1.0980424880981445,-0.23438671112060547
2.1612203121185303,-0.43188053369522095,0.2581628942489624
2.2135024070739746,6.378623008728027,-0.4147602081298828
-1.42111074924469,5.750962734222412,-0.21368629455566407
2.3460066318511963,2.0103886127471924,0.17016148805618286
-1.03500497341156,3.358797073364258,0.04424787402153013
-2.9613099098205566,5.863028049468994,0.4578083062171936
1.3216661214828491,-0.1844395399093628,-0.19928421020507814
-2.8098397254943848,8.080698013305664,-0.33142311096191407
-2.468090057373047,8.634246826171875,-0.07886664390563965
1.3370558023452759,1.899545669555664,0.4656696653366089
-0.1358642280101776,7.878471374511719,-0.2194133949279785
5.780539512634277,3.2333462238311768,-0.485821533203125
-1.45638108253479,7.7624030113220215,-0.05972906947135925
1.6780223846435547,5.8826446533203125,0.03748760461807249
1.5590174198150635,4.639761924743652,0.08793305754661562
3.00376033782959,0.04870281368494034,-0.23933162689208984
0.7411425709724426,3.2849411964416504,0.04232456684112551
3.2136623859405518,1.1364043951034546,-0.05640764534473419
-3.1001107692718506,3.861619234085083,-0.35588905334472654
-0.18962326645851135,0.7870047092437744,-0.24501161575317382
1.882599115371704,3.0369904041290283,-0.3867581558227539
2.1418845653533936,-0.34542742371559143,0.07709056496620179
2.8489134311676025,1.1046853065490723,-0.39966808319091796
-1.4553245306015015,2.957735776901245,-0.2692898941040039
2.45662784576416,4.122115135192871,0.08021806001663209
2.2033355236053467,-0.5910245180130005,-0.432913703918457
1.4576853513717651,2.609938144683838,-0.18081199645996093
-0.23160134255886078,3.6242783069610596,-0.22499195098876953
-3.416306257247925,8.288607597351074,-0.3627260971069336
0.8463555574417114,-0.3976796269416809,-0.16180572509765626
1.1323179006576538,2.716414213180542,-0.40035419464111327
1.1696317195892334,1.8596833944320679,-0.18371692657470703
-0.43820059299468994,1.7205411195755005,-0.19690622329711915
0.4166405498981476,2.742081880569458,-0.06213361859321592
2.2888331413269043,2.0428202152252197,-0.32026233673095705
-0.4829752445220947,6.370509624481201,-0.21206012725830078
2.3453783988952637,3.8943965435028076,-0.06800841689109804
1.7634639739990234,6.982150554656982,-0.31840751647949217
3.3100688457489014,8.355825424194336,0.6624997305870056
-1.2738804817199707,0.1657709777355194,-0.32996917724609376
-2.1216001510620117,7.56284236907959,-0.30598638534545897
0.43874436616897583,2.2208995819091797,-0.21855104446411133
2.4816396236419678,-0.4705323874950409,-0.40323108673095703
2.002570152282715,1.5905033349990845,0.17957749247550964
2.8303916454315186,2.8994579315185547,-0.1050513803958893
8.836685180664062,3.8040659427642822,-0.3810963821411133
-0.12859126925468445,5.740250587463379,0.11949550867080688
-3.903319835662842,7.222872734069824,-0.4808021545410156
-2.4904496669769287,8.358498573303223,-0.3624250793457031
1.1777150630950928,1.8945748805999756,-0.17298345565795897
3.656759023666382,0.8047574758529663,-0.24640649795532227
-2.4567677974700928,5.417450904846191,-0.2753607940673828
2.3664329051971436,3.8448121547698975,-0.29537115097045896
-0.3809688687324524,3.7535250186920166,-0.29266407012939455
9.025677680969238,3.3722734451293945,-0.3852565306425094
-1.6867879629135132,0.043612197041511536,-0.17500951766967773
-3.851858139038086,6.206056594848633,-0.2655449676513672
-0.20899856090545654,7.928835868835449,-0.17689886093139648
0.9036717414855957,3.491905689239502,-0.2785438346862793
2.902529001235962,-1.1037399768829346,-0.14453738212585449
-0.8490023016929626,2.989140510559082,-0.28925643920898436
4.354568004608154,2.9797635078430176,0.07004168510437012
-2.149752616882324,9.012454986572266,0.11610755205154422
2.2537872791290283,-1.1599348783493042,-0.3026351737976074
-0.8752748966217041,3.16566801071167,-0.1579694366455078
3.869591474533081,4.992044448852539,-0.1319838786125183
3.6297812461853027,0.4682973623275757,-0.3327935791015625
2.6338934898376465,2.804962158203125,-0.20967247009277343
3.4175219535827637,6.332211494445801,0.15273610115051267
-1.3247720003128052,5.360998153686523,-0.07464226722717285
3.4647085666656494,1.9787888526916504,-0.4772229766845703
-1.4668654203414917,10.361207962036133,-0.16240464270114896
-0.623351514339447,1.4593435525894165,-0.12489532470703125
4.427122592926025,5.524074554443359,0.9721058988571167
7.56109619140625,3.8425962924957275,-0.07355244159698487
0.5308776497840881,4.892149925231934,-0.18988319396972655
3.938453435897827,4.3328657150268555,0.7707514047622681
-0.5570999979972839,4.942326545715332,-0.14111770153045655
-1.817172646522522,4.364964485168457,-0.273068790435791
2.8074331283569336,-1.24556565284729,-0.3992816925048828
5.106197357177734,6.996981143951416,0.4300584840774536
-2.6940791606903076,6.774654388427734,-0.32683650970458983
8.043066024780273,5.7086920738220215,-0.2397968363761902
2.0248515605926514,8.2918062210083,-0.3758766555786133
1.4793286323547363,0.9695969223976135,-0.11964732766151426
1.7546414136886597,-1.5097570419311523,-0.23732389450073244
-1.5706759691238403,4.765491962432861,-0.30309873580932617
-1.6051101684570312,3.0975093841552734,-0.27146240234375
-3.1043198108673096,6.2713165283203125,-0.3177214241027832
2.394357204437256,-0.02349487505853176,-0.22296907424926757
-3.8911523818969727,5.911365032196045,-0.15078529357910156
2.4416418075561523,1.8549306392669678,-0.18117034912109375
1.7248393297195435,0.6235725283622742,-0.3211484146118164
1.549401044845581,-0.4318687915802002,-0.09996742665767672
2.810316562652588,5.241015911102295,0.47273080348968505
1.9186792373657227,1.660586953163147,0.042086330652236936
-3.6505308151245117,7.882233619689941,-0.037680991888046245
1.8792225122451782,1.4736387729644775,0.11780880331993104
2.596611261367798,-1.4948787689208984,-0.06024031400680541
7.641546249389648,2.930366277694702,-0.23556409835815428
8.721040725708008,3.270367383956909,-0.18575818061828614
-1.4165821075439453,2.3087456226348877,0.21327118515968324
0.01538014318794012,4.265632629394531,-0.14787081718444825
2.27528715133667,5.258218765258789,-0.2788875198364258
7.040249824523926,4.277146339416504,-0.227066707611084
0.01692822016775608,8.482427597045898,-0.14571770668029785
-1.2841099500656128,2.5168182849884033,-0.24853193283081054
-1.0829612016677856,3.2230119705200195,-0.26611593246459964
-0.7051159739494324,3.56379771232605,0.04995825529098513
1.3948904275894165,0.006345018744468689,-0.21723123550415038
2.2104594707489014,2.5784261226654053,0.24526967287063597
-0.02615027315914631,3.501105785369873,0.2752337837219238
-0.3501110374927521,1.7145719528198242,-0.37213939666748047
1.8319780826568604,3.564748525619507,-0.25106594085693357
0.38779309391975403,6.516582489013672,-0.311573429107666
0.5269033312797546,1.4180033206939697,0.537457058429718
1.8607251644134521,2.8932764530181885,-0.21167001724243165
-0.7824758887290955,1.3484784364700317,-0.2943527984619141
-0.4352804720401764,2.1990277767181396,-0.048515347242355344
0.8765047192573547,5.968060493469238,-0.169364070892334
2.788635015487671,-1.5681345462799072,-0.4051811218261719
-0.5435494184494019,4.68922758102417,-0.22748598098754882
-0.6763626337051392,3.456052780151367,-0.007525084018707273
8.88682746887207,5.703320503234863,0.5318470859527589
-4.352566242218018,4.527185440063477,-0.3175721740722656
-1.0594289302825928,1.3072108030319214,-0.2921071434020996
-0.27970626950263977,1.9017800092697144,-0.1395210361480713
0.9460827112197876,7.738164901733398,-0.2702153015136719
1.3494658470153809,2.247096300125122,-0.19979766845703126
1.7373169660568237,4.307974338531494,-0.02549229145050047
1.8395333290100098,-0.5294654369354248,-0.3529133987426758
-0.36535003781318665,7.177042007446289,-0.14469865798950196
-1.6070384979248047,2.902554750442505,-0.2470977783203125
2.9826629161834717,2.9675536155700684,-0.41786258697509765
-0.5262605547904968,3.334364652633667,-0.36352909088134766
0.8187903761863708,1.9926613569259644,0.17789118528366088
-0.6585699915885925,2.7906923294067383,-0.22988094329833986
-2.0080950260162354,8.31324577331543,-0.03980383276939392
2.3289637565612793,0.8343346118927002,0.18284854888916013
4.6649298667907715,5.962015151977539,0.45273532390594484
1.768308401107788,-0.032094549387693405,-0.2724089431762695
-2.9964704513549805,3.9311296939849854,-0.051933783292770375
2.0159006118774414,3.5050930976867676,-0.2931013488769531
0.5853776931762695,2.4548799991607666,0.03325164556503296
3.1436686515808105,5.2818989753723145,0.08579030990600583
-2.406554937362671,6.448927879333496,0.1728198254108429
-2.0505166053771973,8.340950012207031,-0.37139892578125
0.5454971790313721,2.1319737434387207,-0.2238079261779785
0.8583126664161682,2.3912694454193115,0.1615835428237915
2.9584414958953857,4.228167533874512,-0.08349692165851591
1.4449959993362427,6.738397121429443,-0.41701732635498046
-0.6739860773086548,8.088888168334961,-0.14012132525444032
3.310469388961792,4.9519476890563965,-0.2434395390748978
2.7607975006103516,0.39826300740242004,-0.28364866256713867
1.600136399269104,3.0421266555786133,-0.37906604766845703
1.2128183841705322,4.5885725021362305,-0.30518096923828125
1.0681055784225464,2.070779323577881,-0.4136405563354492
-0.49723246693611145,2.79982852935791,-0.3179646110534668
3.024217367172241,-0.8866176009178162,-0.25897457122802736
-2.7239017486572266,6.240817070007324,-0.43916202545166017
0.44799426198005676,8.875398635864258,-0.26039484024047854
1.4512494802474976,2.1266448497772217,-0.13220399856567383
-2.899968385696411,2.097503662109375,0.1873156702518463
1.981995701789856,1.0136055946350098,-0.15655314445495605
0.22843500971794128,2.656283378601074,0.2363933801651001
-2.113330841064453,0.7700223922729492,-0.20219791412353516
-1.2210561037063599,1.7826769351959229,-0.3697167205810547
-4.120316505432129,6.235232830047607,-0.019303159713745133
-1.857574224472046,2.3816580772399902,-0.4276381301879883
0.07808639109134674,2.5932085514068604,-0.2789615249633789
-4.6257524490356445,6.825535774230957,-0.3992742156982422
-3.47396183013916,6.277001857757568,-0.19720109939575195
2.7309958934783936,0.9730506539344788,0.004101481437683102
1.2365138530731201,2.3330631256103516,0.05458288669586181
-4.179373741149902,3.336597442626953,-0.3024588394165039
3.691816806793213,1.0707582235336304,-0.3504478454589844
3.7362029552459717,2.251082181930542,-0.35929744720458984
-1.4905821084976196,6.175455570220947,-0.30596735000610353
2.431394100189209,0.5168905854225159,0.15313901424407958
2.180860757827759,0.546319842338562,-0.3031011199951172
-3.6980960369110107,6.050611972808838,-0.28523563385009765
1.6976004838943481,-0.4620194733142853,-0.2888678169250488
-2.4750754833221436,5.852653503417969,-0.17834091186523438
0.7919797897338867,8.759235382080078,0.030472849607467656
-2.452500104904175,5.432013988494873,-0.4585873794555664
-2.4102954864501953,2.215020179748535,-0.26352169036865236
1.2412596940994263,2.8707408905029297,0.049007796049118035
-2.7413430213928223,9.597330093383789,-0.2121802520751953
1.300382137298584,1.9686414003372192,-0.37809066772460936
-3.7183611392974854,8.220858573913574,-0.17766836404800412
0.0822102352976799,8.798181533813477,-0.01521285831928254
2.4480299949645996,4.212778091430664,-0.2796077537536621
-3.686055898666382,7.746993064880371,-0.4690892791748047
-0.8814117908477783,2.9216468334198,-0.29968402862548826
9.240781784057617,4.974697113037109,-0.2028620731830597
-4.790713787078857,2.282572031021118,-0.29223018646240234
1.2861614227294922,4.8608012199401855,-0.23905376076698304
-1.0102574825286865,6.324466228485107,-0.1844018232822418
2.696901798248291,1.5728596448898315,0.203040167093277
-3.0094122886657715,5.81382942199707,-0.17792678833007813
0.3882008492946625,6.897922515869141,-0.30188079833984377
-3.5141026973724365,9.310335159301758,0.11084056496620176
3.022125482559204,0.04825565963983536,-0.43743526458740234
-3.221881151199341,7.311577320098877,-0.48613059997558594
6.223302841186523,3.637629508972168,0.30465811014175415
5.740362167358398,3.291090726852417,-0.2117649269104004
2.4669511318206787,6.860517501831055,0.36338303565979
-2.787428379058838,3.259948492050171,-0.2409315299987793
2.764718532562256,6.078006744384766,0.11290588855743411
-4.032654762268066,6.5799055099487305,-0.35838558197021486
2.784745216369629,3.0790770053863525,0.4064444899559021
-0.05329779535531998,2.999724864959717,-0.1594072151184082
-3.7628583908081055,5.56760835647583,-0.23830339431762695
2.792158842086792,5.442180156707764,-0.13969921708106997
-1.2654216289520264,8.69966983795166,-0.23718830108642577
-3.4903690814971924,8.725860595703125,-0.3566309356689453
-3.5212461948394775,8.540915489196777,-0.39241436004638675
7.574478626251221,5.795113563537598,-0.44662670135498045
0.08531215786933899,8.172551155090332,-0.10567359209060667
-2.073850154876709,6.9637017250061035,-0.2123979377746582
1.5911041498184204,0.05181461572647095,-0.06671632885932921
-4.486898899078369,6.978328227996826,-0.3914453125
1.5532779693603516,1.3146113157272339,-0.3798338317871094
-1.7626680135726929,6.889800548553467,-0.23967475891113282
2.654466152191162,-0.6817898154258728,-0.06357963681221007
0.20217175781726837,8.166513442993164,-0.14359195113182066
3.2399239540100098,3.150719165802002,-0.2920392417907715
-1.5382009744644165,10.117980003356934,-0.3294011306762695
-1.1220955848693848,3.1768641471862793,-0.4380689239501953
8.508584022521973,5.849812984466553,-0.1083648991584778
2.173569679260254,-0.9205825924873352,-0.2224281883239746
-0.9322498440742493,1.8877089023590088,-0.26014324188232424
3.118638753890991,-0.8251242637634277,-0.3917629623413086
1.207797646522522,3.6198806762695312,-0.45751861572265623
2.2029285430908203,3.5770628452301025,0.06485965132713317
-3.5687808990478516,4.051352024078369,-0.4151758575439453
1.6462129354476929,2.9572699069976807,-0.20871482849121092
-1.0087686777114868,4.005007743835449,-0.26325387954711915
-0.2119896411895752,3.825432538986206,-0.25148080825805663
-0.2975415289402008,4.3979811668396,-0.2483679962158203
-3.5321078300476074,7.241030216217041,-0.47736186981201173
2.7159862518310547,-1.966050386428833,-0.2046670150756836
0.8506064414978027,0.738405704498291,-0.08835906386375425
-1.3136687278747559,4.655527591705322,-0.017770483493804945
2.280299186706543,-0.35375139117240906,0.3122862434387207
2.2410738468170166,6.448610305786133,-0.415091438293457
-1.3433518409729004,5.401628017425537,-0.21387664794921876
-1.1202548742294312,2.536980628967285,-0.14779420852661132
-2.811432123184204,7.832235336303711,-0.332304573059082
-0.02951934188604355,8.060003280639648,-0.22267425537109375
6.173489570617676,3.31246280670166,-0.4866695785522461
1.4319108724594116,5.578939914703369,0.03757800579071047
3.1167500019073486,1.091564416885376,-0.05641152560710905
2.66924786567688,1.249443531036377,-0.39901954650878907
-3.0562562942504883,8.146719932556152,-0.3635458755493164
1.1323368549346924,-0.40326666831970215,-0.16279136657714843
1.9144078493118286,6.970459938049316,-0.29761207580566407
2.5786874294281006,-0.5720809102058411,-0.4033863067626953
2.685279607772827,2.6812047958374023,-0.09873980164527896
9.399263381958008,5.095218658447266,-0.24026733517646792
-3.595752716064453,6.971032619476318,-0.4810808181762695
9.07107925415039,3.3661837577819824,-0.37689128875732425
4.216516971588135,3.164168357849121,0.07671472668647766
2.6390111446380615,-0.4172222316265106,-0.07944768309593203
7.558884620666504,3.912485361099243,-0.0736731445789337
2.6701788902282715,-1.2485796213150024,-0.4000519561767578
1.1862189769744873,1.151501178741455,-0.12182429432868958
-1.570794701576233,3.509481906890869,-0.2514456558227539
-2.900918960571289,5.950945854187012,-0.3028505516052246
2.5827834606170654,0.28462088108062744,-0.22335979461669922
1.6715019941329956,-0.5516084432601929,-0.10006709694862365
2.381920099258423,-1.4897626638412476,-0.061331498622894276
-1.022875428199768,2.813018798828125,-0.2542594337463379
1.408124327659607,0.040937647223472595,-0.2176177978515625
0.5712071657180786,6.338385581970215,-0.3119828414916992
1.5708591938018799,1.776525855064392,-0.2684707450866699
-0.7366341948509216,1.274454951286316,-0.2948375129699707
-3.0838253498077393,3.717775821685791,-0.39210968017578124
2.77201771736145,-1.748496174812317,-0.40543590545654296
-4.072641849517822,4.654869556427002,-0.31783456802368165
0.47455573081970215,0.6920232772827148,0.021948454380035398
1.5965192317962646,2.6086647510528564,-0.17961284637451172
2.4907917976379395,4.7732696533203125,0.31964794635772703
2.0447678565979004,4.448139667510986,-0.024726113080978385
1.8898169994354248,-0.7077014446258545,-0.3358743667602539
4.463729381561279,5.84428071975708,0.4529196000099182
-2.9093565940856934,4.227828025817871,-0.05063869774341584
-1.810074806213379,8.413984298706055,-0.37146148681640623
-1.4014097452163696,6.104478359222412,-0.008008735179901139
-0.3740966320037842,6.891997814178467,-0.17837932586669922
0.35155269503593445,3.5635242462158203,-0.23452926635742188
2.3631298542022705,6.5532917976379395,-0.11489823937416077
-1.587775707244873,5.136028289794922,0.5079881095886231
6.7899651527404785,2.716034412384033,-0.46039520263671874
1.717238187789917,2.7911741733551025,0.020595817565917995
3.7557785511016846,0.8916592597961426,-0.34424560546875
-0.0034931818954646587,4.557414531707764,0.08347771048545838
0.2598635256290436,6.382907390594482,-0.17526256561279296
-3.060044288635254,2.642693281173706,0.44550418853759766
2.3391714096069336,8.875014305114746,0.111031996011734
1.3840140104293823,6.398434638977051,0.03194858312606813
-2.1500723361968994,8.79945182800293,-0.18666027069091798
0.09877694398164749,6.64395809173584,-0.26435256958007813
-4.4247918128967285,3.4953787326812744,-0.17515775680541992
3.998603105545044,4.52454137802124,0.16826161861419675
7.626160621643066,4.917628765106201,0.05767299771308898
-2.283630132675171,7.764709949493408,0.035439867973327654
1.604892611503601,7.270042419433594,0.29192102670669556
1.3973822593688965,3.398566961288452,-0.2831112289428711
6.7368035316467285,2.970517158508301,-0.23732795119285582
3.041195869445801,5.210344314575195,0.3559590888023376
2.393160104751587,7.412789344787598,-0.30297271728515623
-1.7295634746551514,4.529523849487305,0.3687934947013855
0.48733869194984436,7.179149150848389,-0.15506205558776856
0.3965987265110016,1.8091951608657837,-0.09088232040405274
-1.1673613786697388,4.5096588134765625,-0.29432111740112304
-0.3715692162513733,2.601651668548584,0.5904266452789306
-1.3176641464233398,2.3874363899230957,-0.19695674896240234
-1.6016126871109009,5.626006603240967,-0.4062610626220703
-1.5814083814620972,6.568192005157471,0.5684946370124817
9.469289779663086,4.447933673858643,-0.3522284698486328
3.3139660358428955,3.7978620529174805,-0.14365090370178224
3.231459856033325,-0.5028669834136963,-0.15689931869506835
9.294386863708496,5.019251823425293,-0.1546711814403534
-1.9769459962844849,4.348531246185303,-0.19313232421875
2.05078387260437,3.1536710262298584,0.25163891792297366
1.6999884843826294,-0.47221681475639343,-0.2921112442016602
6.806438446044922,4.988892078399658,-0.10579529047012326
1.114842176437378,9.410144805908203,-0.034325695633888265
2.6576027870178223,3.616121530532837,-0.1324417495727539
2.954094648361206,7.09483003616333,-0.05094889283180237
-2.7348592281341553,2.8461406230926514,-0.29889253616333006
0.07719598710536957,3.8680083751678467,-0.14539406180381775
-3.590860366821289,7.30709171295166,-0.05162461757659914
3.550481081008911,0.4944069981575012,-0.24158668518066406
-0.1691494584083557,8.222206115722656,0.03582194566726682
1.3468468189239502,4.818097114562988,0.15837724804878234
-0.9597874879837036,4.214648723602295,-0.3074030876159668
0.12805582582950592,8.205760955810547,-0.29249967575073244
-0.5833831429481506,6.625350475311279,0.12414331436157228
3.011498212814331,4.8962626457214355,-0.1491001719236374
2.791947364807129,-1.0031558275222778,-0.209284725189209
1.1609338521957397,0.783195436000824,0.16798304438591002
-2.1416127681732178,6.193047046661377,-0.22731605529785157
5.857889175415039,3.400148868560791,-0.03141706347465517
-0.9847955703735352,6.831737041473389,-0.11198670029640195
2.5375640392303467,-0.5612338185310364,-0.23479583740234375
2.027920722961426,9.203314781188965,-0.20965591430664063
2.071410894393921,2.7146506309509277,-0.35076007843017576
-3.425852060317993,6.371034622192383,-0.3384943771362305
-2.8178653717041016,6.6792521476745605,0.264908447265625
1.0776628255844116,5.111419200897217,-0.0954822826385498
0.19876432418823242,6.864768028259277,0.12944111466407776
2.825716018676758,6.300616264343262,0.12432291150093078
0.9532389640808105,3.492215394973755,-0.3346577835083008
6.655121326446533,3.7969233989715576,-0.45417572021484376
9.293431282043457,4.212169170379639,-0.04216659784317012
-1.4691935777664185,3.002472400665283,-0.24243209838867188
2.6779985427856445,7.213314533233643,-0.33030750274658205
-1.00346839427948,5.4410858154296875,0.1592569589614868
-1.145032286643982,8.138762474060059,-0.36887660980224607
-0.8113926649093628,7.836123466491699,-0.05161794066429137
-1.8862510919570923,9.737418174743652,-0.24565092086791993
-1.7957205772399902,5.447482585906982,-0.13291259527206423
-3.047002077102661,4.89391565322876,-0.23074447631835937
2.554550886154175,-0.03624720126390457,-0.2657507514953613
2.738889694213867,2.5185370445251465,-0.22198789596557617
4.053955078125,6.668430805206299,-0.3458074951171875
8.329511642456055,2.951540231704712,-0.391264533996582
0.20873263478279114,6.583353519439697,0.05634349584579468
8.325514793395996,5.867228984832764,-0.46849910736083983
-2.700490713119507,6.963062286376953,-0.30442916870117187
1.4873552322387695,3.654843330383301,0.21537293434143068
0.34617629647254944,8.975797653198242,-0.2211030387878418
0.15244130790233612,9.76056957244873,-0.18572288513183594
-3.03173828125,5.972382545471191,0.45932870626449585
-2.7834293842315674,8.300445556640625,-0.07906611442565918
-1.4134021997451782,7.696207046508789,-0.05974458932876586
1.8561806678771973,4.6161885261535645,0.08804126262664796
-0.7733868360519409,3.2988078594207764,0.20606585025787352
-0.07601673901081085,1.8047442436218262,-0.20307491302490235
-0.8449814319610596,6.317862510681152,-0.20916671752929689
2.5624496936798096,3.6486876010894775,-0.06949784874916076
3.3622233867645264,8.161800384521484,0.6644037127494812
-1.9512810707092285,7.662568092346191,-0.31455894470214846
0.5038053393363953,1.8231534957885742,-0.2190272903442383
3.985112428665161,4.957534313201904,0.008969726562500002
-0.058302126824855804,5.551397800445557,0.12009637594223022
3.576117515563965,0.8994839191436768,-0.24824602127075196
-0.33777791261672974,3.565721273422241,-0.2930420303344727
-0.5036610960960388,7.4504008293151855,-0.15054574966430664
3.070723295211792,-1.1196846961975098,-0.14498387336730956
-2.190589427947998,8.925739288330078,0.13438918828964236
2.081982374191284,-1.2464358806610107,-0.3045065116882324
3.6271791458129883,0.48713165521621704,-0.33612766265869143
-1.4740631580352783,10.40965461730957,-0.16257046699523925
0.6643363833427429,4.453567028045654,-0.19119373321533203
-1.0060772895812988,4.994502067565918,-0.1414175868034363
5.010692596435547,6.935750961303711,0.4309952545166016
8.153876304626465,5.799042701721191,-0.14375378549098966
1.7800638675689697,8.059075355529785,-0.3299420166015625
6.000491619110107,3.5751543045043945,0.3499439573287964
7.827619552612305,2.8564798831939697,-0.23594390869140625
7.195553302764893,4.281343460083008,-0.2275756072998047
0.05764635279774666,8.401091575622559,-0.146730375289917
-0.5556113123893738,3.380336046218872,-0.2531239891052246
-0.4559158682823181,1.593130111694336,-0.37344459533691404
-0.17551107704639435,3.0770668983459473,0.15734529733657837
-0.032607752829790115,1.866797924041748,-0.2681104278564453
8.915111541748047,5.7077765464782715,0.5352214288711548
0.9311832189559937,7.873843193054199,-0.274691162109375
-0.1328236162662506,7.156118869781494,-0.1449209499359131
-1.9482394456863403,8.312417030334473,-0.27456443786621093
1.8863403797149658,3.492492437362671,-0.29417781829833983
-2.5106801986694336,6.551833152770996,0.17334384918212892
1.1419429779052734,-0.479727566242218,-0.13215144157409667
1.886824131011963,0.09608415514230728,-0.17607460021972657
-0.501248300075531,1.7358037233352661,-0.29404476165771487
2.5875768661499023,6.199779987335205,0.27869448661804197
7.599615573883057,5.568941116333008,0.14814838886260984
2.65999436378479,2.1536765098571777,0.4322836875915527
3.0487568378448486,4.21078634262085,0.138818598985672
2.3664498329162598,3.8218817710876465,0.12168696761131287
-3.333469867706299,6.253220558166504,-0.13453420042991637
-3.540553331375122,2.944901704788208,-0.4058559036254883
1.8544975519180298,2.1738853454589844,-0.023400567770004266
3.069606065750122,3.28231143951416,-0.06604310691356657
8.82284164428711,4.3011932373046875,-0.3244728469848633
-3.7002153396606445,7.817483425140381,-0.28675142288208005
1.6927086114883423,2.29333233833313,0.7094551944732665
0.1624697744846344,1.4830762147903442,-0.015091958045959475
1.9483293294906616,2.9821553230285645,-0.30853416442871096
0.08046980202198029,1.8028444051742554,-0.17199480056762695
-3.1425182819366455,2.985158920288086,-0.4543865966796875
8.252365112304688,5.627751350402832,0.24657852649688722
3.0589399337768555,5.857863903045654,0.1950256037712097
3.73791766166687,4.209657669067383,0.2105557870864868
-1.882116436958313,4.356019973754883,-0.1625670623779297
7.57736873626709,4.171021938323975,-0.23790981292724608
8.421409606933594,3.4109511375427246,-0.3322213089466095
-0.7103586792945862,4.760012149810791,0.5141755151748657
5.270325660705566,3.6955981254577637,0.4058805465698242
8.550429344177246,4.801018714904785,0.39518424987792966
-4.268078804016113,2.7825849056243896,-0.36758323669433596
3.3257393836975098,4.432734966278076,0.12634758949279784
2.8657290935516357,5.749226093292236,0.018236553668975808
1.7119650840759277,0.48020145297050476,0.13318913221359252
3.4646761417388916,3.0908946990966797,0.10933542251586914
2.2404117584228516,6.276174068450928,-0.4882450866699219
-0.4856855273246765,4.68084192276001,0.19679426312446596
0.1783158779144287,0.734979510307312,-0.13184860229492187
2.1688742637634277,3.0611283779144287,0.011650123000144952
3.6512110233306885,2.106057643890381,0.4633914566040039
0.4440288543701172,0.34963950514793396,-0.17325258255004883
7.466925621032715,2.6697049140930176,-0.12688369750976558
-2.0005271434783936,2.027299642562866,-0.05775085926055908
0.7918357253074646,2.6568291187286377,0.18187635660171508
-3.222440719604492,3.003824472427368,-0.2015652847290039
1.5026843547821045,1.6131584644317627,0.19565906286239623
1.8941837549209595,6.042079925537109,0.06766874551773072
7.250884056091309,2.8888750076293945,-0.24015976905822756
3.479536771774292,0.5281758308410645,-0.008069050312042247
0.5825409293174744,2.178846836090088,-0.18812253952026367
-5.123262405395508,2.361980438232422,-0.2894552612304688
1.9428484439849854,2.9677536487579346,-0.34816852569580076
2.4625720977783203,-0.4879510998725891,0.13873907208442687
-0.0715697854757309,1.1979228258132935,0.17029095768928526
3.856997489929199,5.993732929229736,1.2502259778976441
0.10518980771303177,2.018364906311035,-0.4189801025390625
-0.3158142566680908,1.4881771802902222,-0.22209625244140624
7.794997692108154,5.321413993835449,0.5170389652252197
2.7197952270507812,3.280594825744629,0.11684014678001403
4.131594181060791,2.514472007751465,0.03364692568778993
-1.966308832168579,3.9006035327911377,0.40832986593246456
3.361814022064209,0.8553611040115356,-0.16237964630126953
0.8115153908729553,7.2624831199646,-0.03619003057479858
7.239394664764404,3.9306647777557373,0.18072150707244872
-5.082472324371338,3.4953646659851074,-0.34861629486083984
4.4205451011657715,6.321573734283447,1.2499125242233275
3.9971506595611572,1.953667163848877,-0.2548845291137695
0.37847742438316345,1.7655351161956787,0.043426303267478955
3.633302688598633,3.107985496520996,0.39833489179611203
-1.2305982112884521,3.0764873027801514,-0.13241491317749024
-0.7824803590774536,2.542018175125122,-0.14300721168518066
3.1576406955718994,4.201966762542725,0.3408980822563171
-1.6872180700302124,2.0449907779693604,-0.25359376907348635
0.4904818534851074,0.5154554843902588,-0.08549802780151367
2.01806640625,7.26881217956543,-0.05744473814964296
3.1748175621032715,4.460443496704102,-0.007901990413665794
5.74354887008667,3.4137425422668457,-0.2415983235836029
-0.9028345346450806,0.7780712842941284,0.16738072991371156
0.4638240337371826,8.356308937072754,-0.1890791130065918
-2.7171883583068848,8.13929271697998,0.07555189847946164
2.1775753498077393,6.212672233581543,-0.3511947250366211
2.615015745162964,2.588442325592041,0.2602574396133423
-3.84437894821167,4.104866981506348,-0.39572391510009763
-3.969128131866455,2.3261027336120605,-0.3867665481567383
0.15631695091724396,3.8581278324127197,-0.5134395217895508
9.08961296081543,4.402231693267822,-0.3240301513671875
1.4675859212875366,0.47564783692359924,0.175990252494812
-0.5425228476524353,0.5234822630882263,-0.0752554750442505
-1.6880767345428467,6.44620943069458,0.24785820245742798
3.838435173034668,2.1361100673675537,0.5660844326019288
3.5111007690429688,0.9973583817481995,-0.26773900985717775
2.053050994873047,7.801480770111084,-0.06755253911018372
4.030697345733643,2.107039451599121,-0.016145873069763172
1.1204469203948975,-0.234282985329628,-0.13483685493469239
2.09704327583313,0.07064290344715118,-0.19910961151123047
-3.0616164207458496,7.3896803855896,-0.042441896200180074
2.5337278842926025,2.2247283458709717,0.14586356043815613
1.374377965927124,2.2782466411590576,0.08848447918891905
4.271735668182373,6.815125465393066,0.8398734712600708
9.325358390808105,4.5356364250183105,-0.21486027479171754
1.7974036931991577,5.146730422973633,-0.06383278727531433
-0.7849655151367188,0.2514791488647461,-0.19280811309814452
4.30202054977417,4.961212158203125,1.0873402452468872
1.562530755996704,8.828415870666504,-0.012780635356903103
-4.214866638183594,6.567380428314209,0.12115591049194335
2.503002405166626,-1.0372583866119385,-0.18482998132705686
-4.165212154388428,6.6430463790893555,-0.18283458113670348
0.7186118960380554,-1.1581138372421265,0.09719187259674072
2.325188398361206,7.195343971252441,-0.21315952897071844
1.0643342733383179,2.168081760406494,-0.23731449127197266
1.436484456062317,-0.47134801745414734,0.01160892605781555
3.980800151824951,6.53857946395874,0.6919812393188476
-1.6842294931411743,3.008066415786743,-0.1748948287963867
7.257665157318115,5.218557834625244,-0.22806908607482912
1.7960354089736938,-1.0718032121658325,-0.14639039993286132
3.201472282409668,3.3420300483703613,0.2288376474380493
2.342743158340454,-0.26977309584617615,-0.1670888900756836
2.4168949127197266,2.2638983726501465,-0.32955379486083985
2.5812833309173584,1.0132282972335815,0.22973283767700198
2.871807813644409,-2.211489677429199,-0.32156490325927733
2.6923370361328125,3.438960552215576,0.2247802400588989
2.5084762573242188,2.667330741882324,-0.27571950912475585
4.514627456665039,6.072515964508057,0.6490694761276246
1.921212077140808,0.563024640083313,0.2549933731555939
0.6103178858757019,2.5901408195495605,-0.3414418029785156
-2.4520204067230225,0.8996490240097046,-0.006012209653854378
2.647010087966919,-1.4544991254806519,-0.2930503463745117
-3.956688404083252,7.227291584014893,0.16032384634017943
2.6622166633605957,5.463927268981934,0.09920655250549315
2.621572256088257,3.0372912883758545,-0.022241532802581787
1.9040296077728271,5.964792728424072,-0.1839169120788574
2.7522287368774414,-1.79672110080719,-0.2082286834716797
2.745378255844116,-1.6001313924789429,-0.14025263786315917
-2.6396002769470215,8.929999351501465,0.03268998503685
2.165897846221924,-0.8789118528366089,-0.3558163833618164
3.4556734561920166,6.723021984100342,0.7903139209747314
-1.0758029222488403,2.3633644580841064,-0.016559449434280393
7.0471906661987305,1.3679368495941162,-0.19909327745437622
6.788552761077881,2.817338466644287,-0.3827638292312622
-2.2829928398132324,2.412505626678467,-0.052642416954040525
0.665086567401886,3.575535535812378,-0.4285850524902344
2.5384109020233154,4.43703031539917,0.251180362701416
5.9066362380981445,3.457747220993042,-0.32144668579101565
-3.5094757080078125,8.321406364440918,-0.1317442274093628
2.4428839683532715,8.274249076843262,0.023769245147705065
1.542959213256836,2.607578754425049,0.1515073263645172
4.724606513977051,6.189733982086182,1.3916678714752198
2.3922224044799805,0.17474623024463654,0.21475422143936157
0.6121859550476074,0.46642035245895386,-0.33997627258300783
-0.06120153144001961,0.33188390731811523,-0.13938408851623535
3.020707130432129,0.47162291407585144,0.2686486673355103
0.7145667672157288,-0.8244520425796509,-0.4550246810913086
2.6507391929626465,3.078392267227173,-0.4753058624267578
1.3224718570709229,1.1602646112442017,-0.2294908905029297
3.4857113361358643,3.047927141189575,-0.3016543036699295
1.0469027757644653,2.2264790534973145,-0.06357354164123535
7.583080291748047,4.734353065490723,0.22677042365074157
-1.395883560180664,2.8735926151275635,0.23043856382369995
-1.3353562355041504,2.3133749961853027,0.4853444719314575
2.069467067718506,-0.5336552858352661,-0.19059577941894532
-0.05640776827931404,-0.6574720740318298,-0.012600347995758043
-0.3743743896484375,0.8339701294898987,-0.1964558982849121
-0.0717499703168869,3.3925986289978027,0.35370344638824464
0.6912617683410645,-0.20803798735141754,-0.17810543060302733
2.001253604888916,3.617438793182373,-0.25027845323085784
2.4552667140960693,4.117481708526611,0.43409392356872556
2.0206079483032227,6.952132701873779,-0.3576531982421875
0.7585198283195496,1.7402180433273315,-0.24320751190185547
2.050722360610962,-0.4824332594871521,-0.1398602294921875
2.712401866912842,-1.583823323249817,-0.015060751438140896
2.6514036655426025,-1.501421332359314,-0.23214359283447267
4.931621074676514,5.662542819976807,1.5604971313476563
1.7801705598831177,4.010839939117432,-0.46403854370117187
2.8066728115081787,1.185315728187561,-0.007039973735809335
4.449063301086426,6.12389612197876,1.0944589614868163
-2.8254308700561523,8.159016609191895,-0.49465312957763674
1.3167273998260498,0.9661870002746582,0.06897201061248781
5.222375392913818,6.5156121253967285,1.333427095413208
9.300582885742188,5.282022476196289,-0.02921879172325137
1.4508156776428223,-0.9192308783531189,-0.05137299537658691
1.574273943901062,3.2627880573272705,-0.340925407409668
1.3076248168945312,-0.1820015162229538,-0.22540843963623047
2.6992719173431396,-0.8150405287742615,-0.34331905364990234
5.684757232666016,3.5216784477233887,-0.3236638259887695
2.526902198791504,3.9834561347961426,0.1543590533733368
0.30802080035209656,3.5044350624084473,-0.3731357574462891
2.0903286933898926,5.051898002624512,0.6098676848411559
-3.82085919380188,2.5265166759490967,-0.10795369267463684
2.1880955696105957,2.3393588066101074,-0.25495994567871094
3.3129005432128906,4.997403144836426,0.5304992389678955
-0.47665584087371826,1.0594924688339233,-0.09353081703186035
1.1749589443206787,3.016035318374634,-0.033244159221649194
2.594071388244629,3.451659917831421,0.03036840558052062
-3.8004133701324463,6.539614677429199,-0.23420246124267577
-3.2514915466308594,8.196605682373047,-0.3210360717773437
-0.20251619815826416,4.4234795570373535,-0.29657444000244143
7.757218360900879,2.966480255126953,0.8134829139709472
-0.592054545879364,4.32790994644165,-0.48706645965576173
0.4841561019420624,0.8922126889228821,-0.1721833801269531
1.6273422241210938,3.5492899417877197,0.49421788692474367
0.8325455784797668,2.3278682231903076,-0.23192596435546875
1.6552519798278809,1.2843427658081055,0.23335327625274657
2.4559900760650635,3.2784087657928467,-0.2792068672180176
2.838682174682617,4.288464069366455,-0.37568901062011717
1.9045820236206055,-0.14446458220481873,0.17134417414665223
2.857800006866455,5.408900737762451,-0.13088753223419192
0.6135112047195435,1.0428569316864014,-0.17866683959960938
4.349635601043701,5.307254791259766,0.8935174798965454
3.25040602684021,3.1489357948303223,-0.43562232971191406
1.2521851062774658,6.025290489196777,0.04250226497650145
0.01245314534753561,5.537939548492432,-0.07627724647521973
0.09597509354352951,2.5950896739959717,0.18736579775810241
1.6736563444137573,-0.5838437676429749,0.1743009567260742
-0.6483597755432129,4.730010986328125,-0.05787935733795166
-0.16902364790439606,3.4109582901000977,-0.20622278213500977
-2.0243146419525146,2.740293264389038,-0.4661917877197266
4.245750904083252,3.274749279022217,-0.07953677415847776
1.8951730728149414,-0.7202590703964233,-0.2520006561279297
2.4176578521728516,2.7849061489105225,-0.22119104385375976
4.583260536193848,6.490961074829102,0.6455342006683349
-0.31936967372894287,1.111812949180603,-0.061549224853515626
3.608762264251709,4.07493782043457,0.7635739135742188
1.7223542928695679,2.0534958839416504,-0.21403538703918457
2.098620653152466,5.334502696990967,0.714464521408081
0.5601860880851746,0.21887421607971191,-0.11493013381958007
8.354113578796387,5.924247741699219,0.73932936668396
9.07894229888916,3.791447639465332,0.3936149454116821
7.532721042633057,3.7761762142181396,-0.33586715698242187
2.046478748321533,4.304484844207764,-0.04079071402549744
5.743118762969971,3.539564609527588,0.2716061210632324
8.929008483886719,5.255586624145508,0.6488508224487305
2.6781749725341797,6.451085567474365,-0.17218971490859986
8.398359298706055,4.350492477416992,-0.07457321584224702
9.475202560424805,6.172068119049072,-0.17154279112815857
8.277174949645996,4.090163230895996,-0.24317495584487914
0.5015255808830261,7.198945045471191,0.5600777769088745
-0.5842030644416809,8.770747184753418,0.12103007078170777
2.226032018661499,7.95615291595459,0.4537890863418579
-1.6136038303375244,4.034726619720459,-0.14139606535434723
9.511241912841797,5.107941150665283,0.2524172568321228
1.8739979267120361,2.4382424354553223,-0.404633674621582
-0.017389733344316483,5.79367733001709,0.3364520788192749
2.6315975189208984,6.045890808105469,-0.30292936325073244
7.177152156829834,2.7703981399536133,0.8875833415985108
0.7810214161872864,3.0436134338378906,0.0055687546730041615
4.490344047546387,6.280442237854004,1.272711911201477
0.266082227230072,6.417875289916992,0.5832882165908814
7.236949443817139,4.7278618812561035,0.07932194709777834
8.42847728729248,4.988326072692871,1.1121942567825318
2.741135358810425,8.462165832519531,0.26803290128707885
1.8067779541015625,1.0795584917068481,-0.18587873458862306
3.8273508548736572,5.609792232513428,0.3888284683227539
6.4117045402526855,3.074977159500122,0.34700645446777345
8.813285827636719,5.2669525146484375,-0.07441134572029112
5.354815483093262,3.451047897338867,-0.4415720748901367
3.598844289779663,2.119539260864258,0.0709099841117859
6.264134407043457,3.4099862575531006,-0.027667241096496598
1.387166142463684,4.8705620765686035,-0.2229298782348633
1.4381721019744873,3.6847028732299805,0.23333038210868834
7.967918872833252,4.314792156219482,0.04189751386642454
9.051846504211426,4.991924285888672,0.19532103061676026
7.561167240142822,3.071174383163452,-0.23741700291633605
7.461599349975586,3.4000885486602783,-0.4661106491088867
7.750988483428955,2.9174208641052246,0.1348227560520172
8.575968742370605,3.9534850120544434,-0.30875938415527343
0.9399641752243042,2.6886680126190186,-0.2067839241027832
9.055880546569824,6.132145881652832,-0.10776158452033996
5.922524929046631,3.313483476638794,0.5181104254722595
-2.9542033672332764,6.9366960525512695,-0.16831497192382813
2.703925609588623,4.049291133880615,0.7647119808197022
-0.8998803496360779,1.6555554866790771,-0.2539751625061035
-1.0244851112365723,2.92818021774292,-0.3962736129760742
9.806581497192383,4.407271862030029,-0.14235577583312986
1.1699905395507812,3.1451163291931152,0.5126156687736512
6.772144317626953,3.470844030380249,-0.37788551330566406
8.301352500915527,5.1140289306640625,0.9136166715621948
-4.194925308227539,4.016683578491211,0.1304500436782837
8.376747131347656,5.088015079498291,-0.003344746828079226
1.5512893199920654,4.7672834396362305,-0.4085043334960938
4.703218460083008,3.182802677154541,-0.23505800247192382
2.346935510635376,0.26476767659187317,-0.23468250274658203
7.7110595703125,4.196810722351074,-0.40789695739746096
3.347047805786133,7.6431965827941895,-0.007925927639007568
0.15432113409042358,0.5569097399711609,0.6155069541931153
6.187745571136475,3.068591594696045,-0.4649580764770508
0.6398817300796509,3.547764539718628,0.5007503318786621
3.2547030448913574,6.070456027984619,1.2452736949920653
3.211169958114624,0.44986942410469055,-0.27005413055419925
7.350675106048584,2.8598759174346924,-0.21965618371963502
9.608551979064941,3.7839300632476807,-0.23326658725738525
7.783647060394287,3.7451682090759277,0.4325682497024536
7.37360143661499,4.064894199371338,-0.34994755625724794
9.296562194824219,3.954457998275757,0.4004863786697388
0.9642274975776672,7.878843784332275,-0.1701738166809082
8.205134391784668,3.318999767303467,-0.034256107211112996
-1.1521971225738525,1.6839021444320679,-0.143583984375
1.0239201784133911,8.3131103515625,-0.1576406478881836
1.5778130292892456,8.12690258026123,0.05274653434753418
2.78391432762146,4.156209468841553,0.8840198230743408
-3.804227590560913,6.35955286026001,-0.013010252714157122
0.885499894618988,6.306893825531006,0.008313877582550033
1.4385496377944946,2.1805052757263184,-0.16715469360351562
4.582171440124512,4.800636291503906,0.8949493694305419
-0.257731556892395,6.182326316833496,-0.337872314453125
3.644990921020508,2.144354820251465,0.5063057684898377
8.57484245300293,5.113361358642578,-0.020724253654479996
-1.291801929473877,0.7734963893890381,-0.3441849517822266
2.9018023014068604,-0.9602190256118774,-0.29804172515869143
8.805707931518555,4.084401607513428,0.38913496017456056
0.4395731985569,1.8853983879089355,-0.1891827392578125
0.4098666310310364,3.771697759628296,0.08159518122673035
3.968139410018921,3.6826891899108887,0.09375078082084656
-1.0840517282485962,3.526305913925171,0.1659251344203949
-0.8793496489524841,3.07086181640625,0.24522151827812194
1.4690181016921997,2.918611526489258,-0.17592912673950195
4.351867198944092,5.599460124969482,0.3502062368392944
5.116641521453857,3.6578404903411865,0.21229400157928469
1.6500482559204102,2.432610034942627,-0.11725829124450683
-1.822973608970642,1.648791790008545,0.9345368432998657
1.7898993492126465,6.652596950531006,0.8328995323181152
3.154853343963623,7.01766300201416,0.7778516101837158
1.0939795970916748,3.1614532470703125,-0.16798904418945312
8.537278175354004,3.7900032997131348,0.781136646270752
0.8819295167922974,6.732859134674072,-0.273305606842041
6.413281440734863,4.903417110443115,-0.22067956924438475
2.3245058059692383,7.111900806427002,0.18902904272079468
2.180988073348999,3.1795451641082764,0.20416666746139528
2.629739761352539,8.401070594787598,-0.2550233459472656
3.2190186977386475,6.767739295959473,0.32251834392547607
3.381948709487915,6.292594909667969,0.11161770820617678
2.0491480827331543,4.331400394439697,-0.2804869270324707
2.37753963470459,4.619418621063232,0.43323109865188597
5.605776309967041,3.60606050491333,0.3780592632293701
8.555699348449707,6.1871466636657715,0.6599754619598388
-1.193986415863037,1.079749345779419,-0.33208251953125
-0.5442607998847961,3.3279197216033936,0.3973170518875122
0.9456763863563538,1.4790472984313965,0.34380311727523805
7.80756950378418,3.8225111961364746,-0.12417679786682134
0.7191609740257263,1.9504724740982056,-0.2410077667236328
8.04311752319336,4.343612194061279,0.4091210985183716
7.384213447570801,3.158041000366211,-0.015306954383850102
8.482413291931152,5.297674655914307,0.3116812348365784
6.849473476409912,3.958533763885498,-0.13194217324256896
2.1596295833587646,6.103018760681152,-0.022221020460128804
4.201848030090332,4.378363132476807,0.6660708808898925
-3.2905454635620117,6.5745697021484375,-0.24399377822875976
4.013068675994873,4.893669605255127,0.3844292688369751
3.7909018993377686,5.134365081787109,0.9026178073883057
3.7427046298980713,3.9321823120117188,-0.04551067829132083
-0.2237694412469864,6.986043453216553,-0.2957248115539551
0.9898965358734131,3.114881753921509,0.5417102336883545
4.830609321594238,3.448565721511841,-0.10309281587600705
7.2487711906433105,4.2658891677856445,0.29702613592147825
7.205609321594238,2.8014297485351562,0.13287690639495847
2.4682953357696533,8.72751235961914,0.3430183982849121
5.042657375335693,4.2437639236450195,0.3409549260139465
9.293254852294922,5.186497688293457,0.014665043354034402
-0.538602888584137,3.1043636798858643,0.5251081657409669
2.6064231395721436,-0.0014145940076559782,-0.3040074348449707
6.184928894042969,3.259795665740967,-0.24345600128173828
-3.3872036933898926,8.324353218078613,0.3507584857940674
2.34942364692688,7.482310771942139,-0.2991143608093262
7.481827259063721,5.515433311462402,-0.29658653259277346
9.811081886291504,6.238410949707031,-0.25198666214942933
8.745011329650879,4.651742458343506,-0.012357269525527959
-0.43719130754470825,2.3943870067596436,-0.12119617462158203
5.810077667236328,3.204819917678833,-0.24984277069568633
8.854127883911133,3.181605815887451,0.12319705724716185
3.1393017768859863,4.339406967163086,1.011886839866638
-3.151852607727051,6.094324111938477,-0.3800819778442383
2.304278612136841,2.6312410831451416,-0.018202608823776223
2.6135292053222656,7.181941032409668,-0.41265331268310546
3.4029324054718018,5.735507011413574,0.1927977228164673
-0.017426421865820885,7.769152641296387,-0.009938032627105686
0.9023885130882263,1.6480680704116821,-0.152441565990448
4.712602138519287,3.6252965927124023,-0.4127775955200195
5.075902938842773,3.5720651149749756,-0.4079644012451172
8.36763858795166,3.5102357864379883,0.31939250707626343
7.724276065826416,3.381452798843384,-0.24990310668945312
-2.7038962841033936,8.103940963745117,-0.42732975006103513
0.0852925032377243,7.925948619842529,-0.17807140350341796
-0.0864558070898056,7.017661094665527,-0.15621078491210938
3.3445885181427,6.785518169403076,0.2494074034690857
9.23449993133545,3.7652456760406494,-0.021012480258941646
-0.1446915864944458,4.390007972717285,0.15541434049606323
3.6529548168182373,1.1995172500610352,0.02809049606323244
6.925727844238281,4.1331257820129395,0.019312491416931143
7.07377290725708,5.218657493591309,0.23568171024322515
-1.099932074546814,2.596027374267578,-0.25134733200073245
-0.2561853229999542,3.129655361175537,-0.12746066093444824
7.819315433502197,3.4012064933776855,-0.34406242370605467
8.168971061706543,5.435482978820801,0.4303493666648865
5.439563274383545,3.4790992736816406,0.07857383251190186
8.290362358093262,3.9863874912261963,0.0777325201034546
3.5333261489868164,5.825308322906494,0.20832752108573913
0.91376793384552,1.44072425365448,-0.3087924385070801
2.0197556018829346,3.084986686706543,-0.2726566314697266
4.147235870361328,2.495237112045288,0.4206375598907471
0.8892675042152405,-0.7090551257133484,-0.0973996353149414
7.329134464263916,3.760146141052246,-0.34298004150390626
7.632694244384766,4.421357154846191,-0.10537979125976563
-0.08567684888839722,6.963779449462891,0.009457447528839091
5.823227405548096,3.887559175491333,0.777010531425476
1.8477164506912231,3.790538787841797,-0.16916923522949218
-0.8803185224533081,3.0271778106689453,0.1694549560546875
-2.361677646636963,2.4670770168304443,-0.26612871170043945
-0.16362735629081726,2.072413206100464,0.5503869223594665
9.4119234085083,5.24422025680542,-0.06899717688560486
4.293128967285156,4.814855098724365,0.9581731986999511
3.090160608291626,6.875956058502197,0.3632237577438355
-1.1690274477005005,8.434072494506836,0.22857946753501893
0.030924472957849503,2.4769928455352783,0.3780154061317444
5.4560160636901855,3.6288626194000244,0.3601222491264343
-2.962765693664551,2.372695207595825,-0.25874025344848633
6.893429756164551,3.360107421875,0.12166694879531859
2.9796056747436523,6.3520331382751465,0.29976234674453733
9.316330909729004,3.499216318130493,1.0174652862548828
9.023283958435059,4.935915470123291,-0.04605166435241703
4.073838710784912,2.1337168216705322,-0.20323423385620118
8.55579948425293,4.499424934387207,0.574297399520874
2.286970376968384,0.5872251391410828,-0.2046753692626953
2.9505248069763184,4.678245544433594,0.4367697381973267
0.9850738644599915,8.671011924743652,0.1495308566093445
8.598267555236816,5.25102424621582,-0.15640426635742188
5.674689292907715,3.1413826942443848,-0.18575180053710938
1.8276361227035522,2.569977283477783,0.19576613187789918
4.154804229736328,4.9202752113342285,0.7283458423614502
7.955846786499023,3.6116416454315186,-0.2511187422275543
6.773111343383789,4.484892845153809,-0.11139444351196288
2.911655902862549,7.007939338684082,-0.0016394066810607733
9.831025123596191,4.03188419342041,-0.18084266543388366
7.987213611602783,5.320871353149414,1.0107693290710449
0.9505529403686523,4.099414348602295,-0.3748258972167969
0.422160267829895,2.3535611629486084,-0.1669305992126465
0.3478049337863922,2.356400728225708,-0.2772714233398437
3.618736505508423,4.572231769561768,0.012095007896423315
3.649797201156616,6.226305961608887,0.5915282249450684
-0.7412236928939819,2.275670051574707,0.14295733571052552
2.776697874069214,2.5993664264678955,-0.13859556198120118
7.303617000579834,5.808530330657959,0.16512881398200988
0.47906675934791565,6.992739677429199,-0.19403413772583009
1.8954575061798096,2.6446897983551025,-0.03040088415145875
8.049511909484863,5.776458740234375,0.7096197605133057
8.120707511901855,5.353421688079834,-0.3656201171875
0.1420719474554062,6.706950664520264,0.3251193523406982
5.843981742858887,4.826640605926514,0.1075268006324768
7.7386155128479,3.836700201034546,-0.4403607177734375
1.9768952131271362,2.755915403366089,0.18401721000671387
1.449792742729187,2.1192431449890137,0.11538950085639954
6.177640438079834,3.7748448848724365,-0.44191535949707034
1.9644376039505005,1.148890495300293,-0.2042140007019043
6.237430095672607,3.1457648277282715,-0.08376170516014098
1.659443974494934,8.943683624267578,-0.42316516876220706
7.853485107421875,4.442052841186523,0.2670252776145935
4.730700969696045,5.372345924377441,0.5638818120956421
-0.5784445405006409,1.7678524255752563,-0.1816667366027832
2.1543593406677246,6.79389762878418,0.5452379369735718
0.7324680685997009,7.93595027923584,0.6036558246612549
1.976929783821106,-0.4617289900779724,-0.1908012580871582
4.243128776550293,5.3744587898254395,0.33406887054443357
-1.054492712020874,4.315422058105469,-0.09560100555419922
3.103121757507324,5.141890525817871,0.4818703556060791
3.9946277141571045,7.523128509521484,0.3997404336929321
1.4872156381607056,8.335579872131348,0.4193465781211853
9.091906547546387,3.9719624519348145,0.5655018711090087
0.7551096677780151,5.896821975708008,-0.1519201946258545
5.016818046569824,3.581786870956421,-0.17291391372680665
3.2287051677703857,5.333033084869385,1.2985143566131592
4.04434871673584,6.893094062805176,1.0563945722579957
9.319269180297852,4.921950817108154,0.23877635002136233
3.55657958984375,5.390813827514648,0.09652674555778501
0.9699156284332275,7.946400165557861,-0.27817684173583984
6.325773239135742,3.0605790615081787,-0.10801969528198241
4.3752288818359375,4.627587795257568,1.2207773780822753
7.538814544677734,2.9944980144500732,-0.024798609018325812
7.840092182159424,3.028733730316162,-0.1641025233268738
6.702094554901123,3.9856128692626953,-0.11899415016174314
-1.1710216999053955,2.4312777519226074,0.8632883834838867
3.301907539367676,6.095215320587158,0.5700184488296509
8.663451194763184,4.266656398773193,0.14487477064132692
9.26209545135498,3.7186167240142822,0.9068123149871826
2.3831915855407715,0.7191751599311829,-0.28689035415649417
4.391738414764404,5.066296100616455,0.4295340418815613
8.290107727050781,5.319271087646484,0.7318838691711426
-0.9703089594841003,3.0705740451812744,-0.20667503356933595
2.718409299850464,3.1506364345550537,0.5263188910484313
0.9379229545593262,1.6144466400146484,0.10518443584442139
3.2258639335632324,3.5308592319488525,-0.07752848029136655
1.78997004032135,5.587308406829834,0.39378349542617797
-0.6849971413612366,7.27895975112915,0.1814232885837555
1.8265928030014038,3.492365598678589,0.07507597565650942
9.097487449645996,5.119658470153809,-0.2295089042186737
2.2828495502471924,3.0097198486328125,-0.12940608739852905
1.0793863534927368,3.198594093322754,0.4184299993515015
9.398653030395508,5.241946697235107,0.6067592120170593
-1.1306867599487305,5.315767765045166,-0.30480709075927737
7.0969014167785645,3.532649517059326,0.26577866077423096
7.435414791107178,2.879854440689087,-0.3364757883548737
2.9885127544403076,3.05297589302063,-0.10645287871360781
5.1319146156311035,6.485259532928467,1.2661920070648194
-0.04072585701942444,8.28762149810791,-0.23687061309814453
2.6563150882720947,3.7221837043762207,0.9603001260757447
-0.2023998647928238,8.44772720336914,-0.1711559295654297
2.1495563983917236,4.457536220550537,-0.0024515604972839555
1.5560797452926636,6.030149459838867,-0.2396537971496582
-0.10309216380119324,2.3075764179229736,0.6813481593132019
2.4814279079437256,2.9461753368377686,0.006422636508941648
1.0960944890975952,6.424473762512207,0.22895559191703796
8.84644603729248,6.0880351066589355,-0.08925233066082
-0.03170409053564072,2.670788288116455,0.5296635007858277
-0.39915382862091064,2.5714364051818848,0.34467822790145874
-0.20714931190013885,3.660048007965088,-0.20500598907470702
-0.14782322943210602,8.987604141235352,-0.3473976135253906
4.832960605621338,5.489120006561279,0.5640823650360107
5.654061794281006,3.335386037826538,-0.1688309669494629
3.7246410846710205,2.597311019897461,-0.011165336370468126
6.739568710327148,5.120657920837402,-0.1368311762809753
-1.28211510181427,3.9489243030548096,0.24282952547073366
1.0541188716888428,9.323673248291016,-0.16243661880493165
0.5847615003585815,8.075182914733887,0.036052545309066764
4.232381343841553,5.745339870452881,1.1865821886062622
2.6664621829986572,-0.13624945282936096,0.11351786494255067
9.259587287902832,6.04738712310791,-0.01499733209609988
8.784086227416992,4.803136348724365,0.6764378929138184
8.931864738464355,5.931490421295166,0.10201075553894046
5.687516212463379,3.449873685836792,0.1587572717666626
2.1052489280700684,4.046808242797852,-0.08463880181312561
7.466395854949951,5.061855792999268,0.3754341077804565
1.0519592761993408,8.947107315063477,-0.09010049581527713
2.1014516353607178,4.821089744567871,-0.18580747604370118
6.3023505210876465,3.1130402088165283,0.1764713907241821
-0.4875811040401459,2.727071523666382,-0.1972796630859375
0.6314781904220581,8.41694450378418,0.21885912179946898
1.4095268249511719,5.14688777923584,1.018819055557251
-2.8162801265716553,6.07681131362915,0.2142736780643463
6.343582630157471,4.826368808746338,0.25148494958877565
6.469482421875,4.707077503204346,-0.34136524200439455
0.2684224545955658,9.037020683288574,-0.313450927734375
1.3385846614837646,6.968590259552002,0.48154966354370116
1.0590983629226685,6.584969997406006,-0.13438772201538085
0.9192015528678894,8.580718994140625,-0.2290640640258789
7.532939434051514,2.7015151977539062,0.3555128955841064
9.082610130310059,4.512791633605957,-0.00012447834014894799
2.3857810497283936,0.9845654964447021,-0.4716670608520508
7.444779396057129,4.765530109405518,1.441423397064209
-2.2958099842071533,6.267834186553955,0.080531610250473
7.650484085083008,5.4105682373046875,-0.4859125900268555
9.116928100585938,4.119533061981201,-0.04596123218536374
1.596498966217041,-0.4157959520816803,-0.24327695846557618
3.930429458618164,6.371911525726318,0.9165710639953613
4.286678314208984,5.949355125427246,0.9177044582366943
0.7406335473060608,5.61042594909668,-0.06502728462219239
1.4481924772262573,6.970794677734375,-0.3217776107788086
2.9968717098236084,5.796943187713623,0.5594380164146423
8.414051055908203,4.6880598068237305,0.6069917678833008
4.456500053405762,5.004124641418457,0.8417156839370727
0.34468668699264526,2.794933557510376,0.260696394443512
0.6944068074226379,2.613504409790039,0.13057472109794616
4.813522815704346,6.249194145202637,0.8650873565673829
-0.6757723689079285,2.195296049118042,-0.1488325023651123
4.919127941131592,6.44904088973999,1.0719738578796387
9.107605934143066,6.146771430969238,-0.1879697781801224
0.6505980491638184,1.9271483421325684,0.05982380270957949
0.4033738076686859,6.242896556854248,-0.15573579788208008
1.9637629985809326,5.198789596557617,-0.3448693466186523
2.914219379425049,-1.4273298978805542,-0.26329235076904295
2.1661033630371094,2.9174325466156006,0.028349899053573602
6.404457092285156,2.9892451763153076,0.20952156782150266
3.6068737506866455,5.1572160720825195,1.3340689182281493
-3.636673927307129,6.216708660125732,-0.3635393142700195
9.7315673828125,5.810827732086182,0.833551549911499
2.077932357788086,-0.5633050203323364,-0.18523670196533204
7.076654434204102,4.975090026855469,-0.43262313842773437
3.9556641578674316,4.701206207275391,0.7164920520782471
4.115123748779297,3.5418343544006348,-0.2220751953125
8.618331909179688,5.156524658203125,-0.07495527148246767
8.373109817504883,3.9059090614318848,-0.16845784425735472
9.57119369506836,4.5751423835754395,-0.10035745620727543
7.892032623291016,2.9953815937042236,-0.4452413558959961
-0.02778315544128418,7.083079814910889,0.1176232135295868
7.216960430145264,5.456846237182617,-0.002003215551376336
-0.9982834458351135,2.923828125,-0.22811838150024413
3.806401491165161,6.545320987701416,0.8074088430404663
2.60495662689209,3.8641393184661865,0.2797736406326294
1.8956000804901123,1.9690864086151123,0.09383394479751586
5.390544414520264,3.3312230110168457,-0.3480380630493164
-0.7465989589691162,2.860766649246216,-0.3105138397216797
1.1112523078918457,8.098331451416016,-0.19464155197143554
0.6131094098091125,1.4518975019454956,-0.12704307556152344
2.480449676513672,6.377870559692383,-0.22417616784572603
3.530062675476074,4.6313910484313965,0.07226466178894042
0.05601242184638977,4.442647457122803,0.1004239547252655
3.99678635597229,5.051044464111328,0.13611652135848998
3.8320658206939697,4.9933085441589355,0.7980388832092284
3.7756614685058594,7.3700103759765625,0.3743638753890991
4.244244575500488,5.942083835601807,0.1802792239189148
7.010307788848877,3.5793075561523438,-0.041842726469039915
3.5559518337249756,1.1075187921524048,-0.032856270074844374
4.048544883728027,4.311905860900879,0.9726606225967407
2.6829490661621094,2.991921901702881,0.06784168839454652
2.6276402473449707,6.1935272216796875,-0.17018619537353516
2.873469352722168,4.655848503112793,0.04810778975486757
0.5108784437179565,2.432307481765747,0.23515276432037352
-3.7091917991638184,6.155412197113037,0.17892287611961366
0.7765424847602844,2.5066041946411133,-0.22192277908325195
-1.2024129629135132,1.9333308935165405,0.06886518001556396
0.2980235517024994,8.734868049621582,-0.38546573638916015
8.97676944732666,3.073871374130249,-0.36780624389648436
8.414868354797363,4.341525077819824,-0.26354398250579836
-1.8887369632720947,4.045238018035889,0.4875284862518311
8.933915138244629,4.966128349304199,0.8560325717926025
6.148135185241699,3.3393471240997314,0.018503669500350928
0.540235161781311,7.714883327484131,0.03305787563323975
9.691201210021973,5.93483829498291,-0.47604774475097655
0.5811391472816467,2.537665605545044,0.02590893507003783
-2.181443691253662,2.4714596271514893,0.627109055519104
1.723423957824707,8.848078727722168,-0.28709611892700193
4.423098564147949,5.395700454711914,1.2047647666931152
0.43592706322669983,2.525758981704712,-0.1085418939590454
-2.2822265625,9.653214454650879,-0.16279134750366211
7.413887023925781,3.2266509532928467,-0.4469544780254364
3.7527027130126953,6.253188133239746,0.13586863279342654
0.9980577826499939,5.393855571746826,0.2957573878765106
-4.744759559631348,4.015862464904785,-0.37107112884521487
5.128154277801514,3.7440571784973145,-0.42562191009521483
2.895886182785034,1.319270372390747,-0.09162934303283692
2.958035707473755,-0.3093166947364807,-0.06506091117858886
1.2151728868484497,1.9890025854110718,-0.10118440151214597
8.520045280456543,4.531434535980225,-0.1307259637117386
9.241535186767578,4.347378253936768,0.028067154884338363
2.1858415603637695,6.557518005371094,0.12570561170578004
2.4401967525482178,5.065874099731445,0.11690441966056825
4.467286109924316,5.437784194946289,0.7166309833526612
0.38836613297462463,3.2358200550079346,0.24908625364303588
9.11334228515625,4.901883125305176,-0.3194078874588012
4.695908546447754,5.581705093383789,0.9004484128952026
3.123047351837158,2.687178611755371,-0.2428819990158081
9.418774604797363,4.016447067260742,-0.2726718419790268
1.1284908056259155,3.3255646228790283,0.09488646268844605
2.076993465423584,2.590651512145996,-0.3556888198852539
7.578462600708008,4.360522270202637,-0.1635845386981964
-0.05821669101715088,9.917722702026367,-0.15389795303344728
8.366646766662598,3.9176459312438965,-0.057992023825645445
8.985008239746094,4.518518447875977,0.7650575351715088
8.009721755981445,2.9374663829803467,-0.02568485021591188
-1.7780200242996216,7.351684093475342,-0.32866554260253905
-2.3832449913024902,0.5758988261222839,-0.16213325500488282
9.152523040771484,5.274228096008301,0.9056912660598755
2.135509967803955,3.9586193561553955,0.09651829004287721
8.163349151611328,4.643693447113037,0.4972075080871582
-1.4726781845092773,2.0373759269714355,-0.19315505981445313
5.296056747436523,3.693362236022949,-0.4984375762939453
-0.6079472899436951,2.3530850410461426,-0.3000638198852539
-0.1579379290342331,3.990722417831421,0.19957583665847778
0.7195239067077637,2.911468744277954,-0.2195071792602539
8.05749797821045,5.434619903564453,-0.3174732208251953
9.334930419921875,5.0273518562316895,-0.15852645993232728
7.399012088775635,3.1131227016448975,-0.4553313446044922
-0.4438905715942383,3.3422164916992188,0.43458503246307373
1.1665122509002686,8.69839859008789,0.09930591702461242
-0.8623397350311279,2.951683521270752,0.11774916410446168
0.48940226435661316,6.702241897583008,-0.20493717193603517
7.076321125030518,2.8256618976593018,-0.46409637451171876
3.315877676010132,4.190115928649902,0.6983066987991333
1.5924683809280396,3.852503538131714,-0.331371955871582
7.911196708679199,5.722904682159424,0.4653067898750305
7.1066718101501465,3.1602509021759033,-0.43673149108886716
6.6598358154296875,3.110137462615967,-0.026332069635391253
2.7594189643859863,2.8138363361358643,0.01509034037590029
4.835729598999023,6.478574752807617,0.7804443740844726
2.0423712730407715,5.84883975982666,0.5602595210075378
-1.5477200746536255,3.1382720470428467,-0.15162062644958496
7.487827777862549,3.1054930686950684,-0.5365229797363281
2.8220856189727783,4.1685261726379395,0.5379836797714234
2.284292459487915,2.3715178966522217,-0.2768614959716797
-0.3033319413661957,2.5399255752563477,-0.24834552764892578
3.0045080184936523,6.549355983734131,0.1236100947856903
8.840499877929688,3.09438157081604,0.4521876525878906
9.478106498718262,3.61515736579895,-0.5087875747680664
9.2489595413208,5.885156154632568,-0.10759194612503054
7.261993408203125,4.620810508728027,-0.1514084875583649
7.412103652954102,5.383939743041992,-0.3237322235107422
4.754711151123047,5.2994465827941895,0.2630475378036499
9.01980209350586,3.643479824066162,0.07461585044860841
0.6746234893798828,3.9865405559539795,-0.4192367935180664
4.167776107788086,4.640660762786865,0.917067198753357
3.9127092361450195,2.0788767337799072,-0.1860308074951172
3.8726260662078857,3.414482355117798,-0.5062312316894532
0.28530046343803406,8.097389221191406,0.10811726331710816
2.017580270767212,6.907481670379639,-0.07636327385902403
1.2435156106948853,4.076523303985596,-0.41106842041015623
2.0591602325439453,2.4392755031585693,0.04187960743904112
8.647135734558105,3.5564568042755127,0.42603020906448363
1.720888614654541,3.304382562637329,0.2492410850524902
3.6775872707366943,4.61707067489624,0.9679698133468628
-4.274083137512207,3.9211950302124023,0.1531141209602356
-0.8360722064971924,4.294683933258057,0.1329293143749237
7.399100303649902,5.537599563598633,0.40067076921463013
-0.9923474192619324,6.03406286239624,-0.24134307861328125
4.1029276847839355,5.6467742919921875,1.3956266927719116
9.332649230957031,4.528646469116211,0.21261311531066895
-0.5738419890403748,1.1055896282196045,0.22445109844207764
1.3299697637557983,8.537550926208496,0.3233384656906128
2.146672248840332,6.513296127319336,-0.27778833389282226
-2.442972421646118,7.797420978546143,0.018365579843521107
7.383716106414795,5.183428764343262,0.19070455312728885
2.1288511753082275,2.1148931980133057,0.06057693600654601
7.543999671936035,5.501243591308594,-0.02740821838378904
2.20688533782959,3.915851354598999,-0.1399381637573242
5.485645294189453,3.140223264694214,-0.247353458404541
9.203910827636719,4.562145709991455,0.11753933548927309
-0.12108343094587326,1.83746337890625,-0.18190666198730468
2.9943292140960693,4.292037010192871,0.6906100034713745
7.193383693695068,5.562712669372559,1.2281620931625366
7.230907440185547,3.316516876220703,0.1264298701286316
1.180933952331543,8.717421531677246,0.004858202934265143
8.946357727050781,3.5027480125427246,0.8677974605560304
6.023532390594482,3.2951951026916504,-0.18495800018310546
3.214292526245117,0.5430462956428528,-0.282665901184082
1.854066014289856,0.5789532661437988,-0.18513135910034179
2.4585952758789062,5.808884620666504,-0.41458480834960937
-0.6419781446456909,5.493135452270508,-0.08582221984863281
1.9469003677368164,2.3073980808258057,0.5551238679885864
1.679064154624939,3.2424118518829346,0.5002396893501282
8.005407333374023,3.7448065280914307,-0.13819103956222534
1.6241834163665771,6.018946647644043,0.04442964673042299
-4.290842533111572,3.4877426624298096,0.11324205994606018
-1.2405651807785034,3.5206398963928223,-0.1255973243713379
1.0216416120529175,1.8764945268630981,0.20700650930404663
4.632055282592773,3.550161361694336,-0.32892337799072263
1.320736050605774,7.531609058380127,-0.2154986572265625
2.5380845069885254,4.747889041900635,0.9225546503067017
-1.396393060684204,8.381226539611816,-0.23022504806518554
-1.2500783205032349,3.6574716567993164,0.20318334102630614
1.38869309425354,4.85822868347168,-0.28500957489013673
7.782016754150391,5.278631687164307,-0.06362300157546996
-0.5627782940864563,7.01558780670166,-0.163346004486084
2.1672396659851074,2.4231929779052734,0.09653686523437499
-4.3415207862854,2.233116388320923,-0.31286508560180665
1.0510923862457275,2.9860024452209473,-0.19546045303344728
2.981980323791504,3.5992958545684814,0.27215162754058836
2.6869866847991943,6.604715824127197,-0.221141357421875
0.009862537495791912,6.125677108764648,-0.19966575622558594
4.084925651550293,5.895296096801758,0.4287796115875244
6.7523369789123535,5.280918598175049,-0.2923581123352051
7.838059902191162,5.6429901123046875,-0.36832202911376954
3.7977962493896484,3.1149988174438477,0.37396552085876467
-2.7793381214141846,0.9781962633132935,0.47154429435729983
8.5111665725708,3.5480384826660156,-0.3844812256097794
7.661663055419922,4.306971549987793,0.2764231729507446
3.323568820953369,6.919177055358887,-0.2687535858154297
4.408876419067383,6.418189525604248,1.1051845359802246
6.873751163482666,4.829070568084717,0.5722121024131774
0.5361970663070679,9.00944709777832,0.07259875416755676
4.048987865447998,4.946876525878906,0.9022192144393921
-0.26141518354415894,3.6622626781463623,0.02310089826583861
-0.35607004165649414,2.537776470184326,-0.12110157012939453
-2.2008039951324463,3.034332752227783,-0.03127937793731689
5.163298606872559,4.663628101348877,0.3367925119400024
1.5478224754333496,3.0257210731506348,0.12427886009216307
5.466102600097656,3.2488884925842285,-0.24861998200416568
4.208661079406738,2.8561267852783203,0.07502568483352662
7.474695682525635,3.679056167602539,-0.011396927833557113
8.12614917755127,5.594845771789551,0.9320061111450195
1.4086428880691528,1.8113470077514648,-0.3272965240478516
2.891489028930664,8.522221565246582,-0.06120014548301694
1.801256537437439,8.52802562713623,0.8907151222229004
3.764618396759033,4.600597858428955,0.8445197200775146
-1.251106858253479,2.7096505165100098,-0.23662982940673827
2.755152463912964,8.516093254089355,0.2954828429222107
7.3036041259765625,2.7966628074645996,-0.15928217172622683
6.0787787437438965,3.3293488025665283,-0.15773707509040835
0.0186784565448761,8.413662910461426,-0.2571807289123535
1.879148244857788,7.004733085632324,0.07709569692611695
1.3061400651931763,3.6494016647338867,-0.24327091217041016
-2.3905515670776367,7.542905807495117,-0.41312450408935547
2.519768476486206,2.8003416061401367,0.1362099778652191
-1.296433448791504,2.8786611557006836,-0.18334774017333985
2.4207589626312256,7.321477890014648,-0.3369423294067383
0.320163756608963,4.519554138183594,-0.1410464072227478
0.5699547529220581,1.9197425842285156,0.25535393476486207
1.8626359701156616,2.065865993499756,0.1751629149913788
2.341647148132324,4.597289085388184,0.03635844707489011
5.893767356872559,4.691467761993408,-0.30127899169921873
8.707573890686035,6.2142014503479,0.7681549263000489
1.1971734762191772,-0.005998116917908192,-0.16809234619140626
3.8018665313720703,7.20565938949585,1.0053209686279296
4.635924816131592,6.478711128234863,1.1376709365844726
4.320704460144043,6.253113746643066,0.7248081541061402
7.925055980682373,5.289402008056641,1.4560769557952882
3.7080600261688232,7.0153656005859375,0.9890082454681397
3.270214557647705,4.345378398895264,0.06790562152862548
5.434601783752441,3.349764108657837,0.659040093421936
1.2294589281082153,2.6609647274017334,-0.2999835205078125
8.078897476196289,4.011508464813232,-0.1777531969547272
0.09007590264081955,1.158352017402649,0.108643159866333
2.2432985305786133,3.5768637657165527,0.004776291847228997
8.596283912658691,3.990502119064331,-0.38443997800350194
8.968762397766113,3.425685405731201,-0.39178665280342106
9.187746047973633,4.362553596496582,1.0753565740585327
1.505851149559021,-0.03882336989045143,-0.28255855560302734
-0.9308400750160217,8.104249954223633,-0.12956116676330567
-0.6002506017684937,3.1318960189819336,0.6121863412857056
-2.9020307064056396,7.227389812469482,0.16133642673492432
-0.4875883460044861,3.157968282699585,0.3565275526046753
1.0451414585113525,2.480677604675293,-0.3223345947265625
1.0552314519882202,5.2838287353515625,-0.11363491058349609
7.01238489151001,2.9172427654266357,0.5336951446533202
6.246136665344238,4.981382846832275,0.4204278016090393
1.6308640241622925,1.8181805610656738,-0.018869225978851323
1.9556047916412354,2.7651004791259766,0.660281867980957
9.234577178955078,4.936279773712158,-0.21354508459568022
8.432965278625488,4.697712421417236,0.022333973646163963
6.171873569488525,3.275717258453369,0.14281013727188108
9.19611930847168,5.73964786529541,0.0391816020011902
-3.4435746669769287,2.019421100616455,-0.18223533630371094
1.9546699523925781,2.7532687187194824,0.865587477684021
8.10932445526123,3.051762104034424,-0.1284266781806946
3.5732054710388184,3.073821783065796,-0.13059995651245118
7.700847625732422,3.7552883625030518,-0.41354679107666015
3.05458664894104,5.514824867248535,0.4824497032165527
7.368110656738281,3.1233837604522705,-0.15642595171928408
-0.1447117179632187,3.2682764530181885,0.3593720865249634
2.7032346725463867,4.2038092613220215,0.3947965669631958
2.535095453262329,4.832230091094971,-0.30457746505737304
9.74680233001709,6.124001502990723,-0.33618768990039827
1.320239782333374,3.7862353324890137,0.5441256213188171
2.7707204818725586,2.85021710395813,0.2298529005050659
0.7202416062355042,2.6250698566436768,0.2735948371887207
6.878623962402344,4.087682723999023,0.11717803597450258
2.4189624786376953,4.7833075523376465,-0.06394284367561343
6.5834269523620605,3.324237823486328,-0.3033980941772461
6.772595405578613,2.550339460372925,-0.38575962066650393
7.133025646209717,3.258985757827759,-0.02622981786727907
2.456505060195923,6.308505535125732,0.004412156343460094
7.7656073570251465,4.383225917816162,0.22112509965896604
8.425962448120117,5.428772449493408,-0.03789906740188598
-3.085935115814209,2.9079556465148926,-0.19190547943115235
6.650135517120361,4.583411693572998,-0.16830316543579102
-0.9953323006629944,2.0357565879821777,0.18307074308395385
-0.9739424586296082,2.232992172241211,0.6720022010803223
0.49470871686935425,2.3263399600982666,-0.3142544364929199
1.5914342403411865,7.986152172088623,-0.06395269751548766
3.1703057289123535,6.6151347160339355,0.0892099404335022
8.996149063110352,6.06825065612793,0.31442084789276126
-0.489155113697052,6.405462265014648,-0.32887744903564453
6.0299482345581055,3.207458734512329,-0.4111895751953125
7.61236047744751,5.585829257965088,-0.1945608901977539
2.869313955307007,4.604713439941406,0.24140449047088625
1.8017809391021729,2.2914297580718994,0.5126735687255859
-1.4092793464660645,2.664533853530884,0.2723951375484467
8.927577018737793,4.594263553619385,0.6074773168563843
2.9486591815948486,2.7921156883239746,0.20699257373809815
3.318042516708374,4.949174880981445,0.9472651481628418
0.8656960129737854,2.9710259437561035,-0.2649826431274414
-1.1590125560760498,7.65022087097168,0.42579315185546873
0.7133225202560425,8.467247009277344,0.03438344240188601
6.729543685913086,3.580996513366699,-0.12414767146110539
-0.780422568321228,2.4419636726379395,-0.16833829879760742
7.873401641845703,4.288730621337891,-0.32174766540527344
5.989043235778809,3.835495948791504,-0.08369448184967043
6.6673994064331055,2.636868715286255,-0.332540397644043
1.2732658386230469,6.1291046142578125,-0.1782175064086914
8.088887214660645,5.488094329833984,0.05682976961135866
-0.9591193199157715,5.313229560852051,-0.05890773773193359
1.15680992603302,7.421523571014404,-0.2830889892578125
-0.8938074707984924,5.582573890686035,-0.22072282791137696
5.52974796295166,3.3299858570098877,-0.07502945005893707
-1.269156575202942,0.7768445014953613,0.20326514720916747
2.2740821838378906,7.172665119171143,0.14457435131073
1.4531131982803345,2.1259515285491943,0.18991459369659425
2.8126325607299805,3.266832113265991,0.4323558807373047
-2.026623249053955,1.6683735847473145,-0.3716061401367188
8.141135215759277,4.377162933349609,0.39863627910614013
8.04832935333252,3.1520309448242188,0.06253822565078737
8.47233772277832,4.108693599700928,-0.09589786529541011
-0.12330551445484161,1.7004284858703613,-0.29833972930908204
3.1424429416656494,7.459867477416992,0.668447368144989
6.603971481323242,5.112128257751465,-0.2307724952697754
7.855493068695068,4.047060966491699,0.2943891978263855
9.26192569732666,3.4871857166290283,0.3440712308883667
1.362318992614746,4.958096504211426,0.48916203022003174
2.618994951248169,5.534122467041016,0.3986613726615906
4.538841724395752,3.5006723403930664,0.36381078243255616
9.540876388549805,3.946528911590576,0.050449907779693604
3.6090004444122314,4.4617438316345215,1.3236611843109132
3.3558285236358643,4.381434440612793,1.0335460662841798
7.7006144523620605,4.296947956085205,0.4034824752807617
4.339474678039551,4.340591907501221,0.6614358186721802
2.0883774757385254,3.5107786655426025,-0.44978530883789064
-1.7723013162612915,8.406514167785645,-0.04202803492546081
1.0473936796188354,2.847510814666748,-0.19926734924316405
1.2796800136566162,2.201014280319214,0.07653126239776609
7.266362190246582,3.1860151290893555,0.21944437503814695
7.0020751953125,4.857570648193359,0.39799713134765624
-0.3775511085987091,2.041957378387451,-0.12168204307556152
2.908763885498047,6.348586559295654,-0.3656881332397461
7.968181610107422,3.6175451278686523,-0.05142456412315366
6.667332649230957,5.274903297424316,0.21779637336730956
9.258296012878418,3.4553771018981934,0.3370363283157349
6.4191107749938965,3.818492889404297,0.367452654838562
2.6300301551818848,6.6414265632629395,0.23865715742111204
3.981788158416748,3.9797544479370117,0.4942356681823731
7.820317268371582,5.236479759216309,0.16746269464492797
1.211043119430542,7.347597599029541,-0.16906869888305665
-0.12962573766708374,5.4852800369262695,-0.26696249008178713
2.4180614948272705,7.708934783935547,-0.31002948760986326
-2.1146626472473145,5.331737995147705,0.5821311831474304
8.507793426513672,5.078150749206543,0.2538861513137818
2.550240993499756,7.888322353363037,-0.2723104095458984
7.202144145965576,3.997742176055908,-0.21117710649967192
9.89996337890625,6.341038227081299,-0.37014663696289063
7.374173164367676,3.1223957538604736,-0.23950474739074712
1.860734224319458,1.9909645318984985,-0.30961166381835936
0.23553889989852905,3.0425543785095215,0.5283127951622009
2.1461851596832275,1.4974445104599,0.19990076184272765
4.425448417663574,5.080949783325195,1.2551936101913452
4.515196323394775,6.318113327026367,0.19540826678276063
3.2170355319976807,5.841492652893066,0.4842486572265625
2.595381498336792,2.577650308609009,-0.3391942596435547
3.2123708724975586,4.844076633453369,0.6746828079223632
-1.3117611408233643,4.067739486694336,-0.19738340377807617
-3.8328585624694824,3.5154449939727783,0.3860973024368286
3.4785680770874023,5.926103115081787,0.09784661173820497
2.034059524536133,3.7938833236694336,0.8679618644714355
-0.06065019592642784,2.394376754760742,0.04101840257644651
2.826037645339966,6.5090179443359375,-0.018669376373291025
1.5645498037338257,3.6084282398223877,-0.33674346923828125
8.185978889465332,5.437756538391113,-0.5590092468261719
1.3370373249053955,7.706014156341553,-0.03118578553199769
5.504667282104492,4.15373420715332,0.6466208457946777
8.285767555236816,3.7154366970062256,-0.3872746926546097
7.850683689117432,3.735464096069336,0.3552297592163086
-1.436694860458374,2.875377655029297,-0.35290721893310545
6.0456719398498535,3.4982998371124268,-0.32880558013916017
4.113464832305908,5.747351169586182,0.6860676407814026
6.950021266937256,5.221269130706787,0.45432592868804933
-3.6354875564575195,4.368551731109619,-0.2360516929626465
7.576975345611572,4.268544673919678,-0.19097753524780273
-2.8316540718078613,4.5769548416137695,0.6506965088844299
6.892418384552002,3.7796528339385986,0.6126873874664307
4.075375080108643,3.297391653060913,0.3291388297080994
1.9636404514312744,7.208514213562012,-0.0023578763008117454
7.169693470001221,3.5728578567504883,-0.22968733191490176
8.54744815826416,5.639804840087891,-0.19803890943527225
1.3559714555740356,1.3916547298431396,0.07027148127555849
3.29488468170166,3.9994559288024902,-0.27933697700500487
8.488964080810547,3.3268375396728516,0.057899212837219216
-0.04197212681174278,2.6451799869537354,-0.20028030395507812
0.0871027410030365,2.578951835632324,-0.20422117233276368
0.8395243883132935,3.5896754264831543,0.20856336832046507
8.1859769821167,3.3590123653411865,-0.37937297821044924
1.829770565032959,8.04903507232666,0.14309061408042908
7.767614364624023,4.263803958892822,0.41454234838485715
1.3664121627807617,7.786373615264893,-0.06106326341629026
2.4561660289764404,3.7440648078918457,-0.0522244441509247
1.3924288749694824,2.0435075759887695,-0.2522644233703613
-0.38841718435287476,8.084348678588867,-0.21288543701171875
1.930641531944275,6.311921119689941,0.016133399009704563
8.633783340454102,3.820094108581543,-0.20819890022277832
-1.2870044708251953,2.4520602226257324,-0.19499822616577148
8.87873363494873,3.187845230102539,0.7319479894638061
3.287940740585327,7.064741134643555,0.05209516763687133
0.9287817478179932,3.4463613033294678,-0.3734243774414063
1.093754529953003,2.642941474914551,-0.27902673721313476
2.506474733352661,-0.6993361711502075,-0.20206155776977539
7.153584957122803,3.555781126022339,-0.5425500744581222
0.7005618214607239,2.0999515056610107,-0.20323856353759764
-1.738223910331726,5.2876129150390625,0.17062568783760068
6.37164306640625,3.739459753036499,0.07065912127494811
6.496335506439209,4.082979679107666,0.025172197818756126
-2.6352992057800293,2.655198812484741,-0.2435316848754883
3.9398744106292725,5.142193794250488,0.3958138608932495
3.3858556747436523,0.4080791771411896,0.19152492880821229
8.387674331665039,4.374284267425537,0.4264300227165222
3.0873658657073975,5.613092422485352,0.4105193114280701
2.2459919452667236,2.968493938446045,0.5657536172866822
8.341984748840332,4.435816287994385,-0.021062396764755242
-0.9787657260894775,6.69520902633667,0.19577744126319885
2.870286464691162,2.0808145999908447,0.8746158647537232
0.6441138386726379,0.3934875726699829,-0.13872804641723632
1.2993402481079102,2.769707202911377,0.1614364421367645
3.780949115753174,4.316874027252197,0.9197848701477052
-0.33013418316841125,6.541140556335449,-0.21118461608886718
1.7785086631774902,7.2591166496276855,-0.17184099197387695
1.8666871786117554,7.2403035163879395,-0.19775911331176757
0.5049771070480347,2.712796926498413,0.2572876763343811
6.124392509460449,3.9630489349365234,0.4322827339172364
3.951441526412964,5.049743175506592,1.0757265186309815
8.296607971191406,2.7340636253356934,0.014276439547538766
8.356205940246582,4.52551794052124,0.49718997955322264
3.3574180603027344,5.009211540222168,0.7406784439086914
-0.3708299994468689,1.868664026260376,-0.2545639419555664
6.075045108795166,2.9986798763275146,-0.23241334915161133
5.787050724029541,3.5045135021209717,-0.2798258590698242
7.9784722328186035,4.090773105621338,0.008602260351181057
2.889075994491577,3.6935994625091553,0.18939862728118895
8.456134796142578,5.172906875610352,0.16502640247344968
7.2764763832092285,3.8435370922088623,0.5125105476379395
8.812888145446777,3.1615450382232666,-0.3001745796203613
2.8062191009521484,4.846590518951416,0.4181071376800537
6.681061267852783,2.806913137435913,-0.3490138626098633
0.46027204394340515,8.740987777709961,-0.21443145751953124
8.68139934539795,5.492377758026123,0.4037836360931396
-0.3159492611885071,3.610996723175049,0.18545189499855042
5.538188934326172,4.380042552947998,0.21243435382843018
3.928579092025757,5.542259216308594,0.5514152860641479
-1.8481526374816895,0.19979701936244965,-0.27793385744094845
-0.9570615887641907,6.478536605834961,-0.15657176971435546
8.8876371383667,6.0419793128967285,-0.4162725067138672
9.244485855102539,3.631294012069702,-0.4320011776685715
8.491366386413574,3.4141416549682617,-0.3819911378622055
1.6527327299118042,2.791579008102417,-0.33764713287353515
-2.2822227478027344,7.042529582977295,-0.03516346216201782
-2.016676664352417,4.270115852355957,-0.25323707580566407
-2.0772504806518555,1.823659896850586,-0.3042890167236328
-0.7030636668205261,1.935888648033142,0.18567588567733764
6.450984477996826,3.1062424182891846,0.37468092918395995
4.6338982582092285,6.747661590576172,0.3309980463981629
6.126007080078125,3.1037981510162354,-0.1470375633239746
1.8450875282287598,7.987122058868408,-0.09965562105178832
8.581243515014648,5.807669162750244,0.33356568574905393
1.469541072845459,5.453858375549316,0.10939536929130556
8.300169944763184,4.903779983520508,0.7861738872528077
2.6882271766662598,3.3707327842712402,-0.03571917414665221
5.216875076293945,6.330229759216309,0.9099009895324708
3.1138253211975098,7.458376884460449,0.63325679063797
1.6310529708862305,6.765789031982422,0.6174103641510009
1.5249967575073242,7.112614154815674,0.021449397802352888
8.491044998168945,4.478310585021973,0.11437685489654542
9.380032539367676,3.6588354110717773,-0.2248929810523987
9.268112182617188,5.946167469024658,-0.2518111652135849
1.4239073991775513,7.168013095855713,0.10969706177711486
2.895665168762207,4.51516580581665,0.5702004146575927
9.760523796081543,6.310346603393555,-0.03194099068641665
0.927914023399353,2.5074968338012695,0.0935332202911377
-0.5385720133781433,6.609134674072266,-0.13198530197143554
6.675251007080078,5.345719814300537,0.8358831453323364
8.545965194702148,5.914783000946045,0.7601981878280639
2.049731731414795,4.438116550445557,0.3670268154144287
1.3747749328613281,7.688377857208252,-0.16144424021244047
0.4798095226287842,-0.06776391714811325,-0.3125646209716797
5.584416389465332,4.433647632598877,0.10622303247451781
7.620692729949951,3.8107285499572754,0.8866145706176758
3.826953887939453,4.9552717208862305,0.4574897241592407
-2.565631628036499,3.465376377105713,0.1283983111381531
2.810422420501709,0.686858594417572,0.012695636749267603
8.584311485290527,3.484067916870117,-0.061465275287628185
6.3313798904418945,4.302279949188232,0.42864925622940064
8.096428871154785,4.161526203155518,0.13436295270919799
7.458502292633057,5.647024631500244,0.8351356506347656
9.273344039916992,5.144263744354248,0.06681947112083436
4.245920658111572,6.9460015296936035,0.14708230018615723
2.037116765975952,6.667801380157471,0.33248296976089475
9.043012619018555,5.376722812652588,-0.1882829236984253
-1.533936858177185,2.9338269233703613,-0.17829500198364256
6.924236297607422,3.8958587646484375,0.18521071434020997
9.089298248291016,5.298410415649414,0.3671699953079224
6.910626411437988,4.924858570098877,0.1836867380142212
6.045022010803223,3.566941499710083,0.36465964794158934
2.1271772384643555,2.4791979789733887,-0.16540521621704102
3.2552297115325928,6.203762531280518,-0.04406951546669008
3.5572896003723145,5.289289951324463,0.8220308446884155
-0.8055367469787598,5.298583984375,0.13248820304870607
1.2354989051818848,3.0956249237060547,0.38827602624893187
0.9601286053657532,5.085016250610352,-0.15063840866088868
-0.6751842498779297,0.0871567651629448,-0.21411531448364257
1.0337227582931519,2.361402988433838,0.012090758085250841
7.584356784820557,5.240632057189941,-0.13015562415122983
8.18779468536377,3.8691093921661377,0.4337476301193237
-3.654404401779175,2.628816843032837,-0.33599224090576174
2.8873956203460693,6.4468183517456055,0.5651739478111267
2.193039894104004,5.279162406921387,-0.010078347921371467
3.1865882873535156,6.379410266876221,-0.32490001678466796
8.639518737792969,4.789708137512207,-0.15519794940948484
2.802922487258911,-1.1871756315231323,-0.2667803573608398
8.609442710876465,3.3516693115234375,-0.19212654113769534
7.124619007110596,3.7371609210968018,0.1565636920928955
0.13663627207279205,6.692025661468506,0.03171300649642944
8.806614875793457,3.8390071392059326,0.10795955657958989
7.025034427642822,3.0888423919677734,0.43114810466766357
5.076904296875,3.190049171447754,0.16786587238311768
2.072470188140869,3.481431007385254,0.5357414197921753
7.602693557739258,2.763359546661377,-0.5928846740722656
-1.0455377101898193,2.1969690322875977,-0.2297666549682617
7.279574871063232,4.44084358215332,-0.2266644287109375
-0.1564861536026001,2.502032995223999,-0.262658863067627
7.600674629211426,3.548048257827759,-0.2681496834754944
0.36678847670555115,2.7639291286468506,0.1945769214630127
6.870056629180908,5.128451347351074,-0.27929722547531133
-0.36861252784729004,3.2438178062438965,-0.12711687088012696
9.395075798034668,4.749724388122559,-0.416971321105957
3.0542781352996826,1.3195924758911133,0.5107577443122864
1.1551412343978882,3.626413583755493,-0.23486249923706054
9.35315227508545,5.019158840179443,-0.2803648495674133
8.756620407104492,3.597881555557251,-0.08536414384841917
-2.2173473834991455,8.751506805419922,0.08281136393547056
8.720897674560547,6.037990093231201,0.02209082007408142
7.930217742919922,3.2227888107299805,0.007689102888107313
1.1899417638778687,4.5643391609191895,-0.41670345306396483
-0.4334326386451721,3.291287899017334,0.18826474189758302
2.4440605640411377,8.456347465515137,0.5720775151252746
4.3409810066223145,6.4407782554626465,-0.07357481122016907
7.394907474517822,4.575594902038574,-0.35928201138973237
1.1378413438796997,8.500907897949219,-0.24788925170898438
2.445680856704712,-0.4066754877567291,0.2594539475440979
-1.0482174158096313,9.453131675720215,-0.2160625457763672
6.1453423500061035,4.868755340576172,0.33365276336669925
9.090243339538574,4.803249359130859,0.5450630283355713
0.39218494296073914,7.4336957931518555,0.36252842426300047
4.831776142120361,5.6031813621521,0.9896665287017823
-1.2552841901779175,3.3062009811401367,-0.17226703643798827
8.848660469055176,5.448068141937256,-0.10994286596775055
0.708106279373169,6.9910407066345215,-0.28052093505859377
2.450071334838867,7.610760688781738,0.9683299398422242
-0.1554456353187561,2.161891222000122,-0.18664751052856446
9.534146308898926,5.33638334274292,-0.24046601533889767
1.725725769996643,2.083696126937866,-0.29015724182128905
-0.18308143317699432,2.7142672538757324,-0.3026340103149414
2.530775547027588,-0.681410014629364,-0.2652732276916504
8.198403358459473,5.336928367614746,0.24715881586074828
2.549833059310913,3.7006542682647705,0.028031498193740845
1.510365605354309,5.581633567810059,0.8670966625213623
8.651650428771973,5.975274085998535,0.4659790730476379
-4.326511859893799,2.2045130729675293,-0.15139859199523925
9.177787780761719,3.976166009902954,0.19977744817733767
0.7081924676895142,3.103986978530884,0.10453611016273501
1.702553629875183,3.199019193649292,0.1501450514793396
-3.802727222442627,6.613112449645996,-0.18102922439575195
0.48006948828697205,2.5017402172088623,-0.1788115119934082
2.455942392349243,3.536015510559082,0.3859404993057251
7.921341419219971,5.194977283477783,0.22980378627777098
0.39504706859588623,4.3248748779296875,-0.28157020568847657
8.698741912841797,5.303365230560303,0.0913783609867096
3.2857275009155273,6.246974468231201,0.20042300939559937
1.3674817085266113,-0.791962742805481,-0.234379825592041
1.4185409545898438,5.120655536651611,0.42467140436172485
3.507005453109741,4.580183506011963,0.5965130043029785
8.694028854370117,4.22212553024292,-0.1570837610960007
2.0273733139038086,6.674873352050781,-0.2876920318603516
8.761244773864746,3.477055788040161,0.35799680471420287
0.005701571702957153,8.837474822998047,-0.3371295928955078
2.1293509006500244,4.062465190887451,-0.04381842851638795
3.463228702545166,4.648706436157227,0.6883382606506347
0.8685160875320435,2.304651975631714,0.5260592722892761
9.073655128479004,4.470612049102783,-0.6122059249877929
2.757070779800415,6.910246849060059,0.05757334470748904
7.957698345184326,3.7382335662841797,0.6706708145141602
5.726595401763916,4.8608222007751465,-0.1724073600769043
-1.8895938396453857,3.1113173961639404,-0.21092491149902343
1.01755690574646,4.968730449676514,-0.2969715690612793
1.8768852949142456,5.215906620025635,0.10031593084335327
-2.323514461517334,8.484893798828125,-0.2890872764587402
6.874919414520264,3.274076461791992,0.1062175250053406
7.684902667999268,3.599989414215088,0.2593498945236206
-0.7157161831855774,4.363498687744141,-0.20844039916992188
-3.902911424636841,2.708064079284668,-0.28680009841918946
6.786543846130371,4.621255397796631,0.23861181259155273
8.238679885864258,5.463857173919678,-0.47326068878173827
6.939210891723633,5.314813137054443,-0.27169700622558596
3.2439746856689453,4.379655361175537,0.7055283451080322
0.9237807393074036,4.305691242218018,0.5502193808555603
-3.001988649368286,3.9277994632720947,-0.15932321548461914
3.4852828979492188,6.322879314422607,0.6912749481201172
0.8551726937294006,2.729308605194092,-0.2925292587280273
2.642106771469116,8.063335418701172,0.6831425714492798
2.654147148132324,6.9940505027771,0.29066149711608885
-2.155566453933716,4.154594898223877,-0.15389376640319824
4.939090728759766,6.256009578704834,0.8833201122283936
1.9413963556289673,3.495753526687622,0.23786020159721374
8.623639106750488,3.5935416221618652,-0.3877332305908203
9.148988723754883,5.645287990570068,-0.32238895833492276
7.442605495452881,3.8176798820495605,0.011849721670150748
3.265589714050293,3.8876495361328125,0.2092471754550934
3.4815127849578857,4.5506486892700195,0.28642461061477664
0.2150149941444397,0.6235091090202332,-0.13129067420959473
-0.721220850944519,7.200433731079102,-0.2981459426879883
8.172859191894531,4.359386920928955,-0.29470487594604494
3.1661932468414307,4.988600730895996,0.055818194150924705
1.1816956996917725,8.028324127197266,0.37775556564331053
-1.9452095031738281,7.641984462738037,0.11958432793617249
0.7023691534996033,3.642498254776001,0.21106195330619815
3.4617886543273926,5.496005058288574,0.8174927091598511
-0.4303359389305115,2.0653114318847656,-0.24135189056396483
3.945324659347534,4.392459392547607,1.171442184448242
7.2116923332214355,5.467479705810547,-0.22691505432128906
0.1583041250705719,4.095656394958496,0.11939641952514646
8.706915855407715,5.868418216705322,-0.08542072176933291
7.124828338623047,4.874720573425293,-0.026951527595519997
-4.256515026092529,6.96727991104126,0.0394752299785614
0.624404788017273,3.6793899536132812,0.006152908802032453
0.9836344718933105,2.869506359100342,-0.0789335358142853
3.481320381164551,6.675764083862305,0.4386777520179749
7.81227445602417,4.3151774406433105,0.08921844959259034
2.4748318195343018,7.264894485473633,0.038941123485565166
0.7525193095207214,3.891726493835449,0.4963085770606995
1.7183222770690918,7.583312034606934,0.3083114242553711
0.2529236972332001,2.5643880367279053,0.22527798533439636
4.125035285949707,5.681527137756348,0.19627257108688356
6.741072177886963,3.641573905944824,0.2699001693725586
0.5258463025093079,4.024663925170898,-0.23610767364501953
9.35934829711914,4.660190582275391,0.2666038751602173
-1.4162092208862305,3.072782516479492,0.062042691707611064
2.6940338611602783,7.351212501525879,0.7060001134872437
3.322488784790039,2.8069796562194824,0.9414959001541138
-0.8997290134429932,2.6761655807495117,0.5626282072067261
1.1462446451187134,5.370269775390625,0.06029613971710207
7.7879557609558105,3.143598794937134,0.549859094619751
6.4932637214660645,3.230241060256958,0.09147413730621334
6.854318618774414,3.5721614360809326,0.26495110034942626
8.240639686584473,3.1332755088806152,-0.2530263900756836
8.439533233642578,4.306736946105957,0.39085759162902833
8.515214920043945,5.569642066955566,-0.18124297738075257
8.837265968322754,3.1081125736236572,-0.24311766266822815
3.3336570262908936,5.883935928344727,0.8427883577346802
5.406768321990967,3.3438405990600586,-0.3576995086669922
-0.7802937626838684,3.8570523262023926,-0.19141347885131835
3.827733039855957,5.5493950843811035,0.6573704862594605
9.084217071533203,5.198183059692383,-0.014695940017700249
2.6095962524414062,8.187530517578125,0.15650346636772156
8.136199951171875,4.255843639373779,0.03920378684997561
8.059297561645508,5.501645088195801,0.4316643142700195
1.4634586572647095,4.852928638458252,0.2131344223022461
3.990307331085205,2.2119014263153076,0.025677223205566424
7.549513816833496,3.818758726119995,-0.20758258223533632
-3.056485176086426,2.8805534839630127,-0.19891901016235353
9.482933044433594,5.333754539489746,0.6094956111907959
9.120217323303223,3.3569579124450684,0.21181869268417358
-0.37330248951911926,0.35009852051734924,-0.0005659270286559881
8.618298530578613,4.860994338989258,-0.192056348323822
0.9617717862129211,7.756149768829346,-0.36354713439941405
-1.2370004653930664,1.8634886741638184,0.11898527741432191
8.550868034362793,3.1998562812805176,0.1971148633956909
0.9146047234535217,8.74662971496582,-0.21762954711914062
2.7618279457092285,3.9776296615600586,0.3741133594512939
0.7909079790115356,1.2457797527313232,-0.3055008506774902
5.777475833892822,4.0249762535095215,1.136591658592224
0.6408532857894897,3.5290334224700928,0.0684753930568695
3.998284101486206,4.491784572601318,1.503533945083618
6.709132671356201,2.9098589420318604,0.8019776439666748
3.1500463485717773,0.054062727838754654,-0.08111254453659056
3.7735793590545654,3.9755446910858154,0.651451735496521
2.47243070602417,1.1300384998321533,0.06128503918647765
-0.41448235511779785,7.632583141326904,-0.19922784805297852
7.701066493988037,5.44042444229126,-0.059853703975677464
-0.22172893583774567,2.8070013523101807,-0.15644424438476562
-2.496072292327881,3.0498902797698975,-0.08463742256164551
9.235832214355469,4.511734485626221,-0.5082897186279297
4.001969337463379,6.904087543487549,0.16219269037246703
-2.904431104660034,7.2773823738098145,-0.2715539741516113
2.9371609687805176,4.158780097961426,0.5473704600334167
6.1108174324035645,3.1569669246673584,0.5910492777824402
6.068718910217285,3.54966139793396,0.5092588829994202
1.8759829998016357,2.2744078636169434,-0.21927410125732422
8.879668235778809,4.198214530944824,-0.04090884923934934
5.076402187347412,6.286599636077881,1.062833595275879
7.887551784515381,4.652927398681641,0.01184009909629824
0.2195010483264923,3.2988905906677246,-0.20235244750976564
6.5935564041137695,3.9179887771606445,0.4173720264434815
4.319875717163086,7.040842533111572,0.5435830140113831
2.1249523162841797,7.593761444091797,-0.2981740570068359
-0.3520687222480774,7.470441818237305,-0.17080516815185548
4.684080123901367,3.6172375679016113,-0.11599235475063324
5.587867259979248,4.07249641418457,0.8034257555007935
0.6507602334022522,3.5587222576141357,-0.2955638885498047
0.8266706466674805,5.335346221923828,0.050947411060333236
1.5583815574645996,6.549887657165527,0.18536540269851684
-0.6093618273735046,6.504401206970215,-0.24696475982666016
-0.35483914613723755,6.758662700653076,-0.17429939270019532
3.3938801288604736,4.171509265899658,0.48195958375930786
2.404747724533081,6.822309494018555,0.0595726764202118
-0.5813947319984436,5.999363422393799,-0.21037183761596678
8.23668098449707,3.4467647075653076,-0.19668949484825132
6.043427467346191,3.232992172241211,-0.2718449783325195
0.2794014811515808,7.078239917755127,0.028911401033401507
-1.2424358129501343,2.2580008506774902,-0.18161357879638673
8.920857429504395,3.7729125022888184,0.6279058933258057
1.9880642890930176,1.8667683601379395,0.6831526827812195
0.18519748747348785,4.372026443481445,0.3878039836883545
2.185159206390381,6.944708347320557,-0.008222098350524898
1.0708140134811401,1.427724003791809,0.440806131362915
3.3442811965942383,4.485737323760986,0.2951293730735779
5.046003818511963,6.457217693328857,0.44845723152160644
-0.3064342737197876,8.073369026184082,0.20463215827941894
0.6668628454208374,1.2827805280685425,0.37824173212051393
2.2804031372070312,5.861166000366211,0.7157062864303589
1.8550420999526978,0.3806808292865753,-0.30612478256225584
9.6471529006958,6.134116172790527,-0.06215116858482361
1.0507954359054565,8.1564359664917,-0.3736529159545898
7.567166328430176,5.3868818283081055,0.3601561236381531
-2.343498706817627,3.202418088912964,0.31137408256530763
-0.6831507086753845,1.5089727640151978,-0.2543925094604492
-1.4415831565856934,2.9318621158599854,0.12538169026374818
7.563416481018066,5.551856994628906,-0.27782275319099425
4.6705169677734375,3.468636989593506,-0.06439371824264528
-0.4437364339828491,3.376288890838623,0.32375990390777587
0.22762081027030945,2.9768762588500977,0.10841375946998594
-3.1015851497650146,2.1806819438934326,0.33784243583679197
8.357741355895996,4.212261199951172,0.3529464769363403
7.515222549438477,3.7586147785186768,-0.4187299728393555
1.213838815689087,2.628603935241699,-0.12245157480239865
9.190881729125977,3.982349157333374,-0.4212638854980469
3.0520434379577637,8.23117733001709,0.06785880804061889
2.7603845596313477,5.474670886993408,0.20108558535575866
0.8764105439186096,6.4238691329956055,-0.17800539016723632
0.7039164304733276,3.292587995529175,-0.18261451721191407
0.8843238949775696,5.9107770919799805,0.15247385382652281
4.460086822509766,5.618008613586426,0.9579028034210205
-0.26100972294807434,2.5489249229431152,0.0
-3.5745949745178223,2.917189359664917,0.07962805271148682
0.9980676770210266,1.5819591283798218,0.18406106829643248
4.462794303894043,5.857671737670898,0.8000081443786621
5.587263584136963,4.775090217590332,-0.31801294326782226
8.640220642089844,4.578310966491699,-0.2108104008436203
2.518216848373413,6.999504566192627,-0.22718805313110352
9.49865436553955,3.9167637825012207,-0.4205776214599609
3.693838357925415,5.821578025817871,0.794762282371521
1.0406436920166016,7.127268314361572,-0.10964386701583861
-0.9695027470588684,2.431165933609009,0.19419881105422976
7.656809329986572,5.623728275299072,0.17129479885101317
8.973217964172363,3.9105801582336426,-0.022010482549667365
3.0800437927246094,1.3070125579833984,-0.30557817459106446
7.692924976348877,4.27521276473999,1.0414857578277588
8.699713706970215,3.2219347953796387,0.20234673023223876
9.590543746948242,4.417541027069092,-0.4623136520385742
6.699642181396484,5.399762153625488,0.6705425262451172
8.002599716186523,4.326599597930908,0.6269643092155457
3.8420941829681396,6.765625476837158,0.6006619000434875
8.604912757873535,4.243322372436523,-0.39490585327148436
2.216823101043701,7.607055187225342,-0.13259632110595704
5.609668731689453,3.2064647674560547,-0.051353995800018315
2.5418949127197266,3.097146987915039,-0.14716891467571258
3.2590932846069336,6.623910427093506,0.11878007650375366
-0.9014449119567871,3.538308620452881,-0.2375352668762207
0.9085812568664551,5.663276672363281,0.10273886322975159
7.45003604888916,2.7009336948394775,-0.19964254498481748
0.5573689341545105,7.109302997589111,0.1755380380153656
7.017592430114746,3.4816441535949707,-0.41331928312778476
3.1296396255493164,2.9195287227630615,0.4507078909873963
8.420873641967773,5.279043197631836,-0.2987491911649704
6.628905773162842,4.593338489532471,-0.16077232360839844
3.609816074371338,7.064061641693115,0.1248241901397705
9.480226516723633,5.061213970184326,-0.3662355586886406
0.6032277941703796,2.1423161029815674,-0.04422075033187867
9.2105131149292,4.289607048034668,-0.41033644855022433
2.8721871376037598,4.665560722351074,-0.3382706069946289
8.293099403381348,5.158071517944336,0.2775192356109619
0.35423532128334045,2.121699333190918,-0.30181715011596677
5.1091203689575195,5.984577178955078,0.9130752086639404
-2.8037428855895996,4.382582187652588,-0.19732322692871093
0.6084378361701965,1.2707117795944214,-0.03459558010101316
0.2938477396965027,2.3803794384002686,-0.2860522079467773
-1.7014634609222412,1.7340781688690186,-0.09054718971252441
2.155367136001587,3.0608627796173096,0.07540248990058898
9.766234397888184,6.242387294769287,-0.04025691509246826
7.840194225311279,3.0151665210723877,-0.4904058837890625
0.7541183233261108,5.763399124145508,-0.27491590499877927
8.749062538146973,4.681228160858154,0.3797759938240052
9.23878288269043,3.637282371520996,0.355585880279541
0.002677850192412734,2.4808006286621094,-0.20159019470214845
1.4662775993347168,1.7227373123168945,0.14089352369308472
7.4248504638671875,3.2007689476013184,0.2661789631843567
-1.0606014728546143,2.053555965423584,-0.2744237327575684
3.46159029006958,4.5567946434021,0.08760828852653502
-1.0162016153335571,3.2119834423065186,0.4023750638961792
-1.3103899955749512,6.976681709289551,0.13780921339988708
2.626052141189575,6.216494560241699,-0.395521240234375
8.96284008026123,5.236182689666748,-0.37123583018779754
0.09848667681217194,3.4037249088287354,0.47005472183227537
3.9525809288024902,2.1618473529815674,-0.2391277503967285
2.0527710914611816,1.253536581993103,0.47786056756973266
2.0473639965057373,3.5722930431365967,-0.3667427062988281
3.008122444152832,3.909712076187134,0.6516758060455322
2.9683284759521484,2.6716880798339844,0.6591375398635864
-0.24900442361831665,2.276200532913208,0.24792865991592405
1.5591967105865479,2.778839111328125,-0.2202337646484375
5.776585578918457,3.42350435256958,-0.20969655096530915
2.1803841590881348,2.583339214324951,0.41078392028808597
3.638982057571411,4.408430576324463,0.6621613049507141
0.060263462364673615,3.2737579345703125,0.8973066234588623
0.5863257050514221,-0.01972487010061741,-0.2815657997131348
3.7411422729492188,3.0036656856536865,-0.01186006188392641
-1.194851040840149,2.6033668518066406,0.2455967676639557
0.4475986957550049,2.072425603866577,-0.15101510047912597
-1.6685566902160645,2.4805541038513184,0.11107720255851744
-3.3911335468292236,5.462583541870117,-0.11734064102172852
2.7275333404541016,7.917495250701904,0.2945695424079895
0.5962508916854858,2.304455280303955,-0.35179141998291014
9.476140022277832,3.675466299057007,-0.43538383483886717
-1.659522533416748,6.790742874145508,-0.1906768798828125
8.382505416870117,3.673851490020752,-0.4954302978515625
3.040499210357666,-0.6437618732452393,-0.008519089221954323
2.801208734512329,3.373835563659668,0.3618484401702881
7.6861653327941895,5.684299945831299,0.23226205110549925
4.019354820251465,4.506179332733154,0.9871468019485474
-2.7900071144104004,2.2266111373901367,-0.3828509521484375
3.969486951828003,2.923537254333496,-0.16409797668457032
0.6753219962120056,8.971717834472656,-0.24255195617675782
3.050734281539917,5.668834686279297,-0.1667948341369629
0.22682718932628632,3.118856191635132,0.2379351055622101
2.1681203842163086,0.2162572592496872,-0.14648375511169434
4.68808126449585,5.750482082366943,0.7798672580718995
8.782482147216797,3.378612518310547,-0.025560820102691673
-1.4103583097457886,4.709285736083984,-0.14865612030029296
3.228492498397827,5.639508247375488,0.50350825548172
8.41482162475586,3.1971275806427,0.2230137062072754
2.4322707653045654,2.820786476135254,0.5741706991195679
9.24356460571289,5.067417621612549,-0.06663087964057923
8.318621635437012,4.622008323669434,-0.17122890830039977
0.9673502445220947,4.277597904205322,-0.18030664443969727
3.8410143852233887,4.618317604064941,0.8219656372070312
0.22136026620864868,3.5227198600769043,-0.12162883758544922
0.3241114914417267,4.384603977203369,0.5780712509155274
-0.8705946207046509,8.63542366027832,-0.33666664123535156
7.995749473571777,4.153655052185059,-0.19037003397941588
6.66241455078125,4.441089153289795,-0.4067252731323242
1.453573226928711,2.9969642162323,-0.11051740646362304
3.4225480556488037,7.01789665222168,0.8066451549530029
4.46126127243042,6.687945365905762,-0.3810924530029297
7.811252117156982,2.8627238273620605,0.22803617477416993
6.457775592803955,2.771573066711426,-0.14515444755554197
2.2706592082977295,4.635966777801514,0.42336937427520754
1.4210689067840576,5.1099629402160645,0.04259036898612978
7.132000923156738,2.944498300552368,-0.3909574890136719
1.5454298257827759,4.954545021057129,-0.18924720764160155
4.366995811462402,5.441020488739014,0.827403450012207
5.98040771484375,4.778662204742432,0.1264276146888733
8.368584632873535,4.449997425079346,0.24866380453109743
9.218934059143066,4.393433094024658,-0.027680983543395987
8.512457847595215,5.656304359436035,0.24140944480895998
2.1851887702941895,6.270722389221191,-0.001928257942199696
0.6104421019554138,2.23345685005188,0.23851113200187685
-2.505202531814575,2.6848974227905273,-0.27627155303955075
8.283185958862305,4.08958625793457,-0.17287122666835786
2.4010696411132812,5.856101989746094,-0.27088090002536774
1.0488730669021606,4.520053863525391,0.1119101095199585
3.5513734817504883,5.862403869628906,0.532956657409668
1.6503620147705078,6.527096748352051,0.4314576053619385
2.3526411056518555,3.091386556625366,-0.19294498443603517
7.898804664611816,3.7040023803710938,-0.48684349060058596
8.207696914672852,5.069088459014893,0.4479587984085083
8.740779876708984,4.320003509521484,-0.05662478685379024
3.543816328048706,7.810188293457031,0.2962539887428284
-5.484988689422607,3.286426544189453,-0.18902988433837892
9.132017135620117,3.569715976715088,-0.261589298248291
1.5213133096694946,6.802637100219727,-0.4124717712402344
3.6443607807159424,6.387452125549316,0.3085301828384399
2.2870304584503174,5.009887218475342,0.8907344341278076
4.942575454711914,3.821197032928467,-0.0675692903995514
3.762247085571289,6.315413475036621,1.191916217803955
-0.2604489028453827,3.0632448196411133,-0.2782947540283203
1.4324121475219727,7.02777099609375,-0.2276897621154785
0.5577181577682495,8.741328239440918,0.19092779874801635
7.915550231933594,3.1218526363372803,-0.29455937564373014
9.540117263793945,3.8732147216796875,0.035363671779632566
2.1345596313476562,7.096754550933838,-0.254827995300293
5.890961170196533,4.787966728210449,-0.18497489929199218
8.988268852233887,6.17160701751709,-0.002779918909072865
2.092628002166748,4.660762310028076,-0.2980633163452148
9.12214183807373,4.748101711273193,-0.4402106475830078
1.967190146446228,4.802924156188965,-0.3524855804443359
8.66671371459961,5.795289039611816,-0.33556152164936065
8.777769088745117,4.785669803619385,-0.16303500413894656
0.8943105936050415,3.2065987586975098,-0.16274126052856444
-3.091977596282959,2.725612163543701,-0.30871047973632815
1.7888869047164917,3.088284492492676,0.0860876214504242
1.7631808519363403,2.869466781616211,0.09470481634140016
6.581180095672607,4.298682689666748,-0.10055242538452148
7.731862545013428,4.104720592498779,0.36478353023529053
2.923757791519165,2.0896856784820557,-0.326600341796875
4.329205513000488,5.166048049926758,1.2838569974899292
2.2921290397644043,-0.7073130011558533,-0.3322226333618164
1.53877854347229,2.8703348636627197,0.6189585208892823
-1.4018162488937378,5.5027594566345215,0.1297011375427246
1.1586699485778809,1.6679013967514038,1.0549170684814453
3.399329662322998,5.622337818145752,0.6925548553466797
3.6618189811706543,3.5449705123901367,-0.2130824851989746
6.55924654006958,2.6822540760040283,-0.38993450164794924
1.150348424911499,1.23348867893219,-0.25161651611328123
1.1393702030181885,2.2547504901885986,-0.25532333374023436
-0.9825431108474731,7.314573764801025,-0.27180419921875
1.3665134906768799,4.685237884521484,0.08470769882202148
0.36630651354789734,2.736081600189209,0.9580338668823243
0.8401113748550415,7.964350700378418,-0.27717731475830076
-1.3686249256134033,2.441598653793335,0.33639015674591066
4.200098037719727,2.970040798187256,-0.05220964252948762
-0.407406747341156,2.329963207244873,0.11644107103347778
8.727110862731934,5.855185508728027,-0.32340086400508883
2.6942169666290283,6.5793843269348145,0.011100720167160016
3.7292187213897705,4.980453968048096,0.313882155418396
8.31623363494873,5.550365924835205,-0.40928432464599607
0.4693948030471802,3.027097463607788,0.5922290253639221
-0.805947482585907,5.259390830993652,0.5159581804275513
9.096027374267578,3.634443759918213,0.4891776704788208
2.530207395553589,6.753711223602295,0.0260533320903778
4.538456439971924,4.995816707611084,1.5534134054183961
0.6029853820800781,3.700011968612671,-0.029925413131713874
-1.6443380117416382,9.77134895324707,-0.2521981239318848
6.352916240692139,3.1582844257354736,0.4400486135482788
4.440033435821533,2.3136653900146484,-0.35926265716552735
7.985602378845215,4.056293964385986,-0.28401420593261717
4.203606605529785,5.9113688468933105,0.4007421875
8.328289031982422,5.302243232727051,0.3081601881980896
7.60030460357666,3.0942630767822266,0.03448875308036803
6.116752624511719,3.1136507987976074,-0.10735170245170594
8.70305061340332,4.610658168792725,-0.07475334882736206
1.2097673416137695,1.1721501350402832,0.2690232586860657
4.043550968170166,4.132983207702637,0.2701132869720459
0.9724120497703552,3.8479621410369873,-0.3165473175048828
1.7070798873901367,-0.864011824131012,-0.40542274475097656
8.025283813476562,3.217517137527466,0.750037431716919
2.2433886528015137,6.408406734466553,0.08109566807746887
-2.3491177558898926,2.8026928901672363,0.24816046953201293
0.8529259562492371,3.153047800064087,0.27695833683013915
8.632712364196777,6.0278215408325195,-0.325578498840332
8.780468940734863,5.157797813415527,-0.5228921037912369
4.223306179046631,5.216769218444824,0.3903147077560425
2.582658290863037,2.972604990005493,0.13015609979629517
2.6220309734344482,6.919875144958496,-0.43019004821777346
4.671824932098389,3.390993595123291,0.07048849344253541
2.603494882583618,5.148859977722168,-0.22819194793701172
-0.9922868013381958,3.450594663619995,-0.2489610481262207
9.778794288635254,6.152610778808594,0.638176031112671
9.508962631225586,4.6245574951171875,-0.6233227157592773
2.912069797515869,0.07994785159826279,-0.0376149797439575
8.986640930175781,5.888706207275391,0.16160916566848754
0.5689324736595154,5.9297003746032715,0.12618863105773925
2.35099196434021,3.5742905139923096,-0.24580032348632813
8.937633514404297,4.568734169006348,0.935164966583252
7.174674987792969,2.7294042110443115,-0.3288207244873047
0.9854224324226379,0.9484478831291199,0.10130129098892213
4.090825080871582,5.640153884887695,1.4283529281616212
-2.1051745414733887,0.9145084619522095,-0.20301280975341796
1.4766284227371216,2.105522394180298,-0.1804322624206543
2.235236406326294,1.4193556308746338,0.023249514102935798
6.68199348449707,3.7875781059265137,0.1226515793800354
0.19239316880702972,1.4076958894729614,-0.2868521308898926
3.7611231803894043,5.107265472412109,0.03004249811172488
0.26292893290519714,3.7391552925109863,-0.1731344985961914
5.840725898742676,3.5446455478668213,0.20749857902526858
0.8205781579017639,6.58801794052124,0.015170568227767967
-2.243389844894409,4.715367794036865,0.1711177396774292
9.299769401550293,4.424208641052246,0.1459726476669312
3.6197922229766846,5.897661209106445,1.0763631010055543
0.4505021274089813,3.0316293239593506,-0.35273677825927735
7.7098774909973145,4.356438159942627,-0.0580003559589386
8.807613372802734,4.34710168838501,-0.3897079345583916
8.601831436157227,4.002988815307617,0.3025476264953613
4.045117378234863,2.24227237701416,0.030654475688934313
0.023310735821723938,4.70286226272583,-0.1599043083190918
8.891805648803711,4.163707733154297,-0.006732335090637198
2.0656931400299072,-0.11193744838237762,-0.14402717590332031
3.718686819076538,5.480501651763916,0.303664824962616
2.266371726989746,3.53979229927063,-0.23091262817382813
9.24725341796875,5.491828441619873,0.6348588395118713
6.757762432098389,5.0757575035095215,0.11605479478836059
9.063437461853027,4.512811183929443,0.7022338843345641
6.655092716217041,3.970975399017334,-0.3923498153686523
3.0421342849731445,2.5551085472106934,-0.36177711486816405
-1.2270714044570923,0.6412692666053772,0.2347355890274048
4.433931350708008,4.148012638092041,0.1832926845550537
0.39033636450767517,2.4359004497528076,-0.18453189849853516
2.693744659423828,0.4151937961578369,0.17877398014068605
-4.090078353881836,3.3869969844818115,-0.21105575561523438
8.178633689880371,5.7303690910339355,-0.46834075927734375
6.669656753540039,3.6805055141448975,-0.3517289733886719
6.793637752532959,4.677941799163818,-0.3579684066772461
2.1028285026550293,5.00020170211792,0.9591762828826904
8.484471321105957,5.94305944442749,-0.36891952514648435
1.649201512336731,1.9890183210372925,-0.12839482307434083
2.543175458908081,7.7258172035217285,-0.1637916576862335
7.415399551391602,2.8906948566436768,0.3498575735092163
6.8611531257629395,2.7852747440338135,0.6753930759429931
-1.0512200593948364,2.3913300037384033,-0.1570414447784424
7.537367820739746,4.587443828582764,0.05003454923629763
5.933452606201172,3.496321201324463,-0.4118690490722656
8.952485084533691,3.277458429336548,0.4150102710723877
8.853803634643555,3.863288164138794,0.3616188049316406
-1.6535815000534058,3.0880126953125,-0.2560845184326172
-3.0918054580688477,1.9167839288711548,0.4781368279457092
7.948574542999268,3.9450721740722656,-0.09685497760772704
2.531256914138794,5.628798484802246,-0.39821510314941405
3.499619722366333,6.303752422332764,0.2804813599586487
3.0601348876953125,8.17847728729248,0.45334152460098265
1.8150629997253418,0.7964860796928406,-0.28791975021362304
0.11460372060537338,3.030613660812378,0.11722397089004516
8.71743392944336,3.2557129859924316,-0.25556722044944763
8.238028526306152,4.220787048339844,-0.208821205496788
2.0358173847198486,3.0703251361846924,-0.0061776041984558105
0.7503483295440674,9.005611419677734,0.05671080589294436
3.8004610538482666,5.33499813079834,0.35928943634033206
2.917048931121826,3.174767255783081,0.11777611851692199
-0.40406036376953125,2.8628339767456055,0.13561596751213073
2.2390260696411133,6.094701290130615,0.21710682511329651
7.863127708435059,4.472100734710693,0.6092415308952331
4.366414546966553,2.617687940597534,0.17704083204269408
6.668703079223633,3.716658353805542,0.03674243927001952
7.0460591316223145,3.7424581050872803,-0.46475242614746093
8.673354148864746,3.54819917678833,-0.4125680923461914
-2.3063201904296875,2.8592467308044434,0.3666436290740967
7.6725263595581055,2.6762516498565674,0.43199111461639406
1.7980356216430664,2.490884304046631,0.3681292963027954
-2.1395859718322754,0.662566602230072,0.5719595909118652
1.1446242332458496,3.610269784927368,1.011315565109253
9.210391998291016,5.869266986846924,0.03464964985847474
2.5718159675598145,-0.9703435301780701,-0.2523044967651367
9.06757640838623,4.016468524932861,-0.21726890325546266
1.309749722480774,6.387792587280273,-0.2496452522277832
5.213943958282471,3.819171905517578,0.21557640075683593
3.1278951168060303,2.8599863052368164,-0.4143168258666992
-0.10671161115169525,3.200307607650757,-0.19495849609375
7.139021396636963,5.249407768249512,0.671226782798767
-2.5378997325897217,2.3402087688446045,0.07969962239265443
8.884162902832031,6.099989891052246,0.23562425613403315
0.14584773778915405,4.423603057861328,0.030120532512664777
-0.12387660145759583,3.167543411254883,-0.13844290733337403
8.586418151855469,5.572534084320068,0.5931110620498657
0.2549237310886383,1.0748887062072754,-0.18642459869384764
7.985445976257324,5.391510963439941,0.15100266456604006
8.720194816589355,4.607283592224121,-0.24281341433525083
-0.39911264181137085,5.275235176086426,0.13011182069778443
8.306333541870117,5.710752964019775,0.3730468916893005
2.0493946075439453,3.965223789215088,0.488237190246582
9.487421035766602,6.124680042266846,-0.3546045857667923
-3.3020873069763184,3.060520887374878,-0.3898526382446289
4.814391613006592,7.050307750701904,-0.2740353202819824
2.06623911857605,4.741964340209961,0.17542174935340882
8.564152717590332,3.6884753704071045,-0.21664109945297239
5.778466701507568,4.341381072998047,0.2412338447570801
3.3191659450531006,4.0220561027526855,0.360619375705719
3.732607841491699,0.6819299459457397,-0.41385990142822265
6.1302032470703125,3.1854426860809326,-0.4003224563598633
1.9276905059814453,2.5743281841278076,-0.18164024353027344
3.0520293712615967,-0.673147976398468,0.4526364850997925
7.597907543182373,5.372100830078125,-0.026592253446579006
3.040544271469116,-1.4854512214660645,-0.22350698471069336
8.53155517578125,3.481898307800293,-0.2282210159301758
8.288278579711914,5.12789249420166,-0.16060511589050291
8.766461372375488,3.792656421661377,-0.4077970194816589
3.4574472904205322,4.646246433258057,0.4618411064147949
-0.3726544678211212,2.4953725337982178,-0.14158543586730957
8.192803382873535,4.578407287597656,0.6323128461837768
-1.6292674541473389,3.6546976566314697,0.5469702410697936
9.718974113464355,6.193238735198975,-0.011722245216369609
7.8908843994140625,3.5060181617736816,0.2634293651580811
-1.1150680780410767,2.1915650367736816,-0.23308038711547852
7.680143356323242,4.1237335205078125,0.24309323549270628
1.5159258842468262,6.48651123046875,0.31865151166915895
4.523585319519043,6.281310558319092,1.4020912408828736
6.862155437469482,3.9878532886505127,0.5082354164123535
0.05733795091509819,3.075687885284424,0.27148675441741943
-1.876487135887146,3.261242389678955,-0.3171444320678711
1.4175660610198975,-0.10725937783718109,-0.21762956619262697
6.818657398223877,3.5042307376861572,0.7899379777908325
2.790616750717163,6.99069356918335,1.0142066764831543
6.313093662261963,2.9739317893981934,-0.2562154054641724
4.377861022949219,6.526684284210205,0.9980034160614013
8.499038696289062,4.737355709075928,-0.16199493408203125
-1.9945214986801147,0.4433180093765259,-0.2014579963684082
1.989031195640564,5.588626384735107,0.08234701991081239
9.704536437988281,5.267494201660156,0.07957600474357607
2.316873788833618,7.491020202636719,-0.308668270111084
2.6730122566223145,5.63509464263916,-0.3443375778198242
4.3731184005737305,6.571806907653809,0.2153776741027832
8.264963150024414,3.172321081161499,-0.01913048505783077
3.8434107303619385,6.801192760467529,0.7217294120788574
6.128747463226318,4.973318576812744,0.2925873589515686
3.641432523727417,6.05307149887085,0.7175936102867126
3.266026020050049,4.43296480178833,0.7865550470352173
4.870855331420898,3.681948661804199,-0.4300635528564453
5.7346343994140625,3.970255136489868,0.40982503414154053
5.20440149307251,3.6409740447998047,-0.2510573387145996
9.08548641204834,3.339160919189453,0.761262435913086
1.3697292804718018,7.491524696350098,0.4291894030570984
8.008052825927734,5.572107791900635,0.8651504135131836
6.767940998077393,2.900190591812134,-0.3349995803833008
9.045161247253418,4.148343563079834,-0.457347412109375
1.6687383651733398,7.3758392333984375,0.5510315608978271
6.898309230804443,4.130706310272217,-0.2276907157897949
2.444202184677124,6.636514663696289,0.03823641419410706
8.585464477539062,4.565872669219971,0.31406325578689576
7.770263195037842,5.092974662780762,0.6123240232467652
1.8265881538391113,-0.10296282172203064,0.1544057559967041
2.2815604209899902,6.861250400543213,-0.3024635314941406
8.307357788085938,4.512585639953613,-0.19278383255004883
5.560174942016602,4.012949466705322,0.3399374532699585
1.6439640522003174,5.996280670166016,0.09375545859336853
2.5086183547973633,7.542848587036133,0.09508618831634519
7.135498046875,3.079491138458252,-0.21062962472438812
2.116001844406128,7.785329341888428,0.39095039844512935
3.6172616481781006,5.714032173156738,0.3855302429199219
2.0386734008789062,4.439467430114746,-0.1692118787765503
7.434619426727295,3.4945359230041504,0.5340716648101806
-0.5243515968322754,6.42839241027832,-0.22125743865966796
4.044018268585205,3.626455783843994,0.16981056451797483
-2.1115224361419678,5.000974655151367,0.27319308280944826
0.47959280014038086,2.733150005340576,0.05189169526100157
3.661651372909546,5.674355983734131,0.7714078903198243
7.522846221923828,5.519392967224121,0.16725022792816163
7.1903510093688965,4.259399890899658,-0.4930084991455078
0.602289617061615,7.817683696746826,0.21078629970550536
1.3603566884994507,5.496177673339844,-0.21096015930175782
2.8280293941497803,7.131349086761475,0.5739309787750244
0.5000532865524292,6.183913230895996,0.2849925911426544
2.538051128387451,7.563247203826904,0.3555386853218079
0.15244416892528534,8.993907928466797,-0.010934545993804945
2.3326170444488525,6.017133712768555,0.19485758066177367
8.999785423278809,5.925541877746582,-0.04083159565925598
8.288766860961914,5.937227249145508,0.5155337810516357
-0.8260430097579956,2.141282796859741,0.08347955942153928
0.8576619625091553,8.511911392211914,0.1211923837661743
2.0423851013183594,9.179731369018555,0.06015844583511354
7.959482669830322,3.2567319869995117,0.6235209321975708
0.823942244052887,6.615550518035889,-0.277463321685791
8.022700309753418,3.420717477798462,0.21361751317977906
-0.17836011946201324,5.203474521636963,-0.23772914886474608
2.5358357429504395,4.593774318695068,-0.1904171371459961
0.3430270850658417,9.573376655578613,-0.19287033081054689
8.525983810424805,5.735494613647461,0.6020257806777954
-0.858397364616394,2.1322474479675293,0.18341589570045472
8.243962287902832,4.427441596984863,0.03807934641838073
9.270548820495605,5.1772236824035645,-0.18939357876777652
9.213696479797363,3.4632017612457275,0.5003616070747375
2.133812427520752,7.311525821685791,-0.25164003372192384
7.461073875427246,3.6415343284606934,0.7837428283691407
-0.060272034257650375,8.218900680541992,0.17156590819358825
-0.830848753452301,6.4206390380859375,0.24816293597221376
2.318202257156372,3.2306759357452393,0.923528037071228
5.103788375854492,4.229083061218262,-0.3873093032836914
1.7229784727096558,4.368305206298828,0.5209420204162598
3.6111366748809814,7.546168804168701,0.8569444751739502
7.628498554229736,3.131268262863159,-0.19847369968891143
1.7420153617858887,4.344601154327393,0.14346545815467837
7.613356113433838,2.9272735118865967,-0.09326621770858767
2.514096260070801,2.7175025939941406,0.6993395185470581
3.006549119949341,5.581265449523926,0.5353005051612854
1.011274814605713,4.649130821228027,-0.21803651809692381
0.9259009957313538,3.807023763656616,-0.3220284652709961
1.1683624982833862,4.116455078125,-0.36622802734375
6.9011149406433105,5.154247283935547,-0.2756320714950562
3.0704360008239746,5.511460304260254,0.7506709480285645
8.100196838378906,5.48246431350708,-0.060666191577911366
9.368901252746582,5.127562046051025,0.5363410449028014
1.4428611993789673,1.525590181350708,-0.1877099645137787
-0.5610504746437073,1.8846834897994995,0.6556230783462524
3.390928030014038,7.338493824005127,0.8263627099990845
0.46861279010772705,2.9400153160095215,-0.1231972599029541
7.506804466247559,2.742426872253418,-0.18220209658145903
2.190232753753662,7.203147888183594,-0.14210078239440918
-0.07183697819709778,1.3664113283157349,0.3952432942390442
6.118411540985107,3.7585859298706055,0.09120104551315306
4.837896347045898,3.8602471351623535,0.5411938452720642
2.986950397491455,0.44864875078201294,-0.20021472930908202
7.4670820236206055,3.686753988265991,-0.11948286414146425
1.8685860633850098,-0.23647484183311462,-0.15603851318359374
-1.8014612197875977,2.458040952682495,0.5147684621810913
0.14359267055988312,2.0979509353637695,-0.18907228469848633
7.581455707550049,3.6831459999084473,0.40865856409072876
8.115429878234863,5.763725757598877,-0.04032997608184813
-0.6867260336875916,2.2703800201416016,0.16787198543548584
9.1782865524292,4.66252326965332,0.0005228078365325795
7.996359348297119,4.862057685852051,0.05199983596801758
0.5341612100601196,4.397368431091309,-0.2599794006347656
8.599016189575195,3.307847023010254,0.3914817881584167
1.890192985534668,7.9556965827941895,0.09105685949325562
-0.3613293766975403,7.092225074768066,-0.06443230628967285
1.1943479776382446,2.7739078998565674,0.24016033411026
4.035141944885254,4.344813346862793,0.4959870958328247
8.415663719177246,5.27441930770874,-0.3429528045654297
-1.0823445320129395,2.6719651222229004,-0.21890790939331053
5.040160179138184,3.7743115425109863,-5.414485931398705e-05
7.357568264007568,4.003686904907227,-0.5385212707519531
8.967879295349121,4.706050872802734,0.4796583604812622
7.107499599456787,3.197782278060913,-0.09100000143051146
0.765596330165863,3.6525838375091553,0.589077377319336
2.3268184661865234,7.953721046447754,0.7418586730957031
4.046252250671387,5.242369651794434,0.7561459541320801
-0.1730452924966812,2.24344539642334,0.1426573622226715
1.6616007089614868,4.290637493133545,0.5812590265274048
3.66741681098938,6.7019734382629395,0.2701626622676849
-2.490981101989746,2.2204179763793945,-0.2579085922241211
8.918292999267578,4.509695053100586,0.72150137424469
1.4017162322998047,4.4372429847717285,0.261648588180542
0.060287293046712875,2.592667579650879,0.15395800709724428
8.624808311462402,5.082703113555908,0.5998942637443543
8.236343383789062,3.4675590991973877,0.33084835529327394
0.7184852361679077,1.2885916233062744,0.22486274242401122
8.245734214782715,3.5192301273345947,-0.5202715682983399
1.1030482053756714,3.4397990703582764,-0.30176185607910155
8.12917709350586,4.571747779846191,0.32525197982788084
1.3084213733673096,8.581653594970703,0.08548508763313295
8.564645767211914,5.149743556976318,-0.42386613190174105
2.137655258178711,3.556220054626465,0.3563674020767212
3.351447820663452,5.293639659881592,0.7523970508575439
0.413189172744751,1.917012333869934,-0.2928463363647461
1.8821625709533691,-0.8579162359237671,-0.08945902824401855
2.246934413909912,3.627312660217285,0.014007370471954328
1.4108120203018188,6.6554765701293945,-0.2349449348449707
-1.1886827945709229,6.302178382873535,-0.3472367095947266
7.8987603187561035,5.6451334953308105,-0.16830316543579102
8.401616096496582,4.03583288192749,-0.32268084049224854
7.816187381744385,3.047403335571289,-0.24628112494945525
4.0829691886901855,2.320885181427002,0.19352806806564332
-3.4103736877441406,3.7236056327819824,-0.2200084686279297
7.342775344848633,2.7935729026794434,0.09277599334716796
4.4504714012146,6.215363502502441,0.5985396337509155
8.96391487121582,6.17371940612793,0.06521965265274049
-0.9863152503967285,2.7551157474517822,0.03951402664184572
6.359113693237305,3.3150229454040527,0.6116717910766601
8.30080795288086,3.4218764305114746,-0.30327568054199217
-3.2927632331848145,7.203453540802002,0.05121849417686464
-1.6354777812957764,2.566340923309326,-0.1792976188659668
9.663290977478027,4.280078411102295,0.3208473682403564
0.26657000184059143,2.1639225482940674,-0.4818904495239258
8.211971282958984,3.2530598640441895,-0.4702707672119141
8.000348091125488,5.46146821975708,0.13456064939498902
1.734903335571289,6.698938369750977,-0.0655068224668503
7.360523223876953,3.4661917686462402,-0.3604890918731689
0.09280656278133392,6.339998722076416,0.20993377447128295
0.0967305526137352,3.1221554279327393,0.12061037182807921
1.6182856559753418,3.4846301078796387,-0.1389629364013672
8.782094955444336,5.842831611633301,-0.3434336853027344
5.759199142456055,3.4918224811553955,-0.3989556121826172
1.2346724271774292,2.547219753265381,-0.004696404933929421
8.959944725036621,3.993574857711792,0.07455943584442137
6.026259899139404,3.4624431133270264,0.9319348478317261
9.04261589050293,3.9991414546966553,-0.15946782171726226
8.085165977478027,3.510014772415161,-0.2825809800624848
0.13610202074050903,4.256714820861816,0.5451635336875915
9.082262992858887,3.8095316886901855,0.5100506734848023
3.365748882293701,6.209293842315674,0.6197910976409913
1.6853766441345215,6.109569072723389,-0.13987459659576418
2.766590118408203,6.62565803527832,0.2596010446548462
7.444609642028809,4.729842185974121,-0.06675699710845945
5.3568949699401855,4.465490818023682,-0.30071804046630857
1.0442547798156738,2.135610342025757,0.5659153938293457
-1.6440391540527344,4.427552700042725,0.2229466986656189
2.6150217056274414,5.594174385070801,0.7802818965911865
1.3057518005371094,7.355158805847168,0.583645670413971
-2.3137686252593994,2.5025200843811035,0.0526463198661804
3.1241235733032227,4.716248512268066,-0.20677413940429687
9.563611030578613,6.321056842803955,0.02621415734291077
6.293405055999756,3.302096128463745,-0.08620463013648988
7.1886186599731445,3.578958034515381,0.40402018547058105
-1.060907244682312,2.602752208709717,-0.21772600173950196
4.243420600891113,5.997309684753418,1.1947796535491944
1.6774044036865234,9.28251838684082,0.14632316112518312
0.7555598020553589,2.650620222091675,1.3148686504364013
7.084508895874023,4.8927202224731445,0.5378658699989318
8.841913223266602,4.802793979644775,1.005730137825012
3.99725341796875,4.676239013671875,0.8167180061340332
2.4895663261413574,0.8508733510971069,-0.32343368530273436
4.358421802520752,5.1471147537231445,0.7827568912506104
0.5074229836463928,5.224198818206787,-0.21784320831298828
2.736673355102539,8.868986129760742,0.5523512721061706
-0.19053222239017487,1.3954023122787476,-0.16231718063354492
9.205864906311035,6.180630207061768,0.3529407835006714
3.467251777648926,7.18350076675415,0.15370469212532042
8.310453414916992,3.868779420852661,-0.14333687305450438
4.655663013458252,3.380770683288574,0.039683686494827286
3.2129783630371094,7.536345958709717,0.40134219884872435
0.9644986987113953,0.7178811430931091,0.15434717297554015
5.794813632965088,3.4094293117523193,-0.37055976867675783
2.0884501934051514,3.223463535308838,-0.2187868118286133
4.06638240814209,6.138375282287598,0.6855110025405884
1.5121958255767822,3.688683032989502,-0.18688247680664063
7.611105442047119,3.716430187225342,0.5456724739074708
7.971545696258545,5.651261806488037,0.4190545201301575
2.668640613555908,6.430840492248535,-0.32448837280273435
8.089082717895508,5.257225036621094,0.17735955476760862
9.033914566040039,4.307461738586426,0.01247363924980166
0.6272319555282593,1.0084785223007202,-0.18658161163330078
-1.4653667211532593,1.8936420679092407,-0.17089649200439452
7.044642925262451,3.3731484413146973,-0.049238013029098526
6.821499824523926,2.9144034385681152,-0.24257623553276064
6.325349807739258,4.550764560699463,-0.29256385803222656
2.112201452255249,6.15553092956543,-0.42277286529541014
2.1129941940307617,7.688477993011475,0.3985535383224487
0.9331905841827393,2.9932312965393066,0.7715535354614258
5.594783782958984,3.3130741119384766,0.1594564056396484
4.034418106079102,6.158440113067627,0.8755836391448975
-0.9320363998413086,6.867231369018555,0.19819250345230102
4.040677547454834,4.448302268981934,0.735542151927948
7.150693416595459,4.587916374206543,0.3127850341796875
2.0171704292297363,6.523866176605225,0.08324674367904664
6.6309895515441895,3.7301926612854004,-0.4141193771362305
5.669123649597168,5.480771064758301,1.3842139530181885
3.7541663646698,2.156111717224121,-0.16299439668655397
0.388031542301178,3.6145951747894287,-0.26650047302246094
3.058837652206421,5.019854545593262,0.5571946382522583
1.7499655485153198,5.763358116149902,-0.18915102005004883
2.221001625061035,7.372847080230713,-0.29601593017578126
1.477663278579712,-0.11389145255088806,-0.05966674685478213
3.8797600269317627,6.3374762535095215,0.04552363872528076
0.21224138140678406,2.4195854663848877,-0.18415092468261718
8.75443172454834,5.2580389976501465,-0.07284689962863922
-2.6998398303985596,3.0895836353302,0.1746554136276245
2.7667272090911865,7.880814075469971,0.7466650295257569
1.4223169088363647,3.0775911808013916,-0.2399229621887207
1.728948712348938,-0.12462104111909866,0.3696901202201843
8.105403900146484,5.166289329528809,0.7621878623962403
-0.6902868151664734,6.0117926597595215,-0.3217752456665039
2.16675066947937,3.665881633758545,-0.18920852661132812
9.414135932922363,4.733487129211426,-0.49015666961669924
7.969596862792969,5.964075088500977,-0.31709243774414064
8.908994674682617,5.939153671264648,-0.4662890243530273
-0.7952665090560913,6.162309169769287,-0.17852813720703126
1.649200677871704,7.182854652404785,0.1131157422065735
7.439263820648193,4.018019199371338,-0.3908832931518555
0.7264770865440369,1.7606083154678345,0.565484390258789
4.240940570831299,2.8116934299468994,0.39327370166778564
4.8009443283081055,6.636266231536865,0.8329203772544861
1.3505054712295532,7.150264263153076,-0.2481951904296875
0.6772787570953369,4.887353897094727,-0.16424501419067383
0.9827994108200073,2.7557308673858643,0.07973715901374817
1.245722770690918,0.6326301693916321,-0.11676445603370667
1.5067082643508911,3.4023663997650146,0.10954880714416504
7.457831859588623,4.26722526550293,-0.5990031814575195
-0.0443144291639328,2.9946534633636475,0.10273021578788757
5.822723865509033,3.0755109786987305,-0.15527272343635556
8.857328414916992,3.79707932472229,-0.013002563714981097
8.899863243103027,4.088674068450928,0.08486883878707885
-0.704105794429779,4.014610290527344,0.08722005128860472
8.772099494934082,3.859578847885132,0.2755022144317627
0.34800615906715393,0.9784623980522156,-0.15658441543579102
0.13581326603889465,1.6191625595092773,0.06074889659881591
0.9686726331710815,5.960597991943359,-0.3433683776855469
3.3670244216918945,5.938077926635742,0.5551876282691955
6.472703456878662,3.182074546813965,0.4477814531326294
0.3138500154018402,9.268006324768066,-0.1937539482116699
-1.3245803117752075,7.207376480102539,-0.19830320358276368
8.59224796295166,3.8294267654418945,0.14975632667541505
4.059388637542725,5.592360019683838,0.006080294847488399
8.180232048034668,3.3526418209075928,-0.3449066925048828
-0.7108672261238098,3.6084113121032715,-0.15519819259643555
-0.9533675312995911,2.0567455291748047,-0.186023006439209
1.0697158575057983,1.6794750690460205,-0.24185020446777344
5.606961250305176,4.415411472320557,0.16217383980751038
0.009122991934418678,3.282477378845215,-0.14153122305870058
7.3411149978637695,5.616977214813232,-0.39879493713378905
0.6362541317939758,4.533702373504639,-0.24112873077392577
4.8440961837768555,6.458308219909668,0.8100424718856811
5.266979694366455,3.9408085346221924,-0.14358908236026763
4.924823760986328,3.4078757762908936,-0.2513779783248901
0.8011020421981812,8.511433601379395,-0.11064727425575255
1.625540852546692,3.253994941711426,0.1820104694366455
1.441137433052063,3.19989013671875,-0.13695088386535645
6.5681257247924805,3.5235791206359863,0.7751442193984985
8.614831924438477,4.521596908569336,-0.23999300539493562
0.3448687195777893,2.1615402698516846,-0.17127298355102538
3.8326375484466553,4.835628509521484,0.3805802345275879
-0.9479143619537354,3.2680253982543945,0.41029446125030516
-0.4555630385875702,3.592881441116333,-0.3195772552490234
7.101837635040283,5.4808268547058105,-0.3029054832458496
0.29942938685417175,8.266740798950195,0.43864969491958616
0.20291320979595184,2.3092305660247803,0.4644426989555359
-3.3758633136749268,6.159942626953125,-0.2338511848449707
7.989890098571777,5.8526291847229,-0.014022870063781723
7.722089767456055,3.855803966522217,-0.5013651275634765
2.4654176235198975,7.122603416442871,-0.42829341888427735
1.4994521141052246,3.124912977218628,1.0098223209381103
9.710949897766113,6.075991630554199,-0.24473694086074826
1.1094883680343628,1.5526821613311768,-0.17117313385009766
3.9462409019470215,3.170820474624634,-0.30814035415649416
4.2060346603393555,5.388361930847168,0.7886893367767334
5.881153583526611,4.96657657623291,-0.4969318389892578
5.451345443725586,4.858213901519775,-0.18257007598876954
5.356181621551514,3.433706521987915,-0.06550154685974119
9.420185089111328,5.301853656768799,-0.42596199035644533
1.413400411605835,7.69235897064209,-0.19155948638916015
7.814589023590088,3.883977174758911,-0.0837428367137909
0.2855948209762573,0.7506226897239685,-0.11761120796203613
9.113409042358398,4.884578704833984,0.09905857801437379
6.010274410247803,3.207953691482544,-0.38010415852069857
-0.13766084611415863,2.154794692993164,0.22206621527671813
3.408485174179077,7.103769302368164,0.10349875688552856
0.8615855574607849,3.203962802886963,0.16284857153892518
1.4187322854995728,1.8834233283996582,-0.28641136169433595
3.609407901763916,6.139639854431152,0.07708565950393675
3.946526050567627,6.3311614990234375,0.3171088147163391
3.3453731536865234,2.6330783367156982,-0.04954735875129701
0.7238302230834961,3.8883421421051025,-0.083692809343338
3.5445752143859863,5.013464450836182,0.856481204032898
4.536883354187012,6.670804500579834,1.2020038890838622
5.8003644943237305,3.4423813819885254,-0.01983260631561279
4.696106910705566,6.176565170288086,0.890647554397583
3.561570644378662,1.9775868654251099,-0.2151296043395996
9.159032821655273,3.7446556091308594,0.4104441070556641
0.8101805448532104,7.248049259185791,0.12795368313789368
3.2964155673980713,6.903622150421143,0.1558950102329254
1.7061785459518433,4.000940799713135,-0.24955711364746094
1.0763932466506958,3.187422037124634,-0.3418988037109375
3.302867889404297,5.389376163482666,0.32602547883987426
4.99938440322876,3.6554131507873535,-0.3206931686401367
2.4659264087677,2.5460026264190674,-0.41445289611816405
7.979998588562012,5.997649192810059,-0.31084672927856444
-0.7830039858818054,2.9298181533813477,0.27928474903106687
-1.3077391386032104,6.9847822189331055,0.03416857481002805
2.5463173389434814,2.235707998275757,-0.1956672477722168
2.1390695571899414,5.331013202667236,-0.21667388916015626
-3.3479416370391846,5.278894901275635,-0.22778018951416015
0.9182453751564026,3.7604427337646484,0.16494254469871522
-1.1007989645004272,9.075891494750977,-0.34657711029052735
6.9081807136535645,5.303256988525391,0.7373115491867066
-3.988410711288452,7.095756530761719,-0.15056611061096192
3.0021111965179443,4.600703716278076,1.056561117172241
1.0735161304473877,3.2967567443847656,-0.09021614074707031
8.884421348571777,5.99232816696167,0.33955351829528807
4.572725296020508,4.127245903015137,0.45148234128952025
1.8582111597061157,5.341036319732666,-0.24980031967163085
1.185095191001892,6.8613128662109375,0.16013847351074217
-0.18397565186023712,7.4572858810424805,-0.29193653106689454
6.259158611297607,3.1070170402526855,-0.07561178326606749
4.710478782653809,4.072948932647705,0.841838984489441
4.163498878479004,1.9021365642547607,-0.31857105255126955
1.7743148803710938,7.390632152557373,-0.2538433456420898
-0.6926785707473755,4.578380584716797,0.007533781528472894
7.756241798400879,2.812312364578247,-0.3147197037935257
7.416231632232666,2.8601229190826416,-0.16588097274303437
-0.05838114395737648,4.248621463775635,-0.012548243999481179
2.572885036468506,4.92206335067749,0.14602331757545473
1.257684350013733,2.3864634037017822,-0.2217142677307129
6.125545024871826,3.754930019378662,0.5055217742919922
1.039413332939148,2.145394802093506,0.2013167119026184
0.9921548366546631,2.4588613510131836,0.3747751259803772
4.445254325866699,6.775594711303711,0.8978221607208252
1.9216774702072144,6.763332843780518,0.25553843021392825
0.9166363477706909,7.77775239944458,-0.28046401977539065
8.355202674865723,4.256009101867676,-0.4134120559692383
0.7293227314949036,2.250756025314331,-0.2508945846557617
2.17797589302063,2.8881659507751465,0.4933354330062866
2.2802493572235107,4.798740386962891,0.8997744750976562
3.20778751373291,4.344946384429932,1.1629314422607422
0.46259206533432007,3.300086498260498,-0.3122014045715332
8.850597381591797,3.688629388809204,-0.11157419323921203
1.2391070127487183,2.308842182159424,0.42716417789459227
9.214791297912598,5.178192138671875,0.7861629009246827
3.5438144207000732,5.283199310302734,1.2092255783081054
7.85453987121582,5.621630668640137,0.49564955711364744
7.933617115020752,5.812961578369141,-0.22438720703125
2.2450151443481445,5.031715393066406,-0.2729170799255371
5.169562816619873,6.665266036987305,1.3466093063354492
-0.003143711481243372,2.839587688446045,0.09247095584869386
1.4733272790908813,2.8270633220672607,0.05843952298164368
2.645925760269165,7.4421000480651855,-0.2188113212585449
1.389888048171997,2.988417863845825,-0.1292570114135742
2.4317049980163574,2.9879937171936035,0.075804181098938
8.85864543914795,4.550114154815674,0.7591990089416504
8.729419708251953,4.568509101867676,-0.43391563415527346
9.150351524353027,4.644375801086426,-0.38254296183586123
3.595841407775879,4.3266496658325195,0.7137980127334596
-3.248694896697998,7.116286277770996,-0.26554630279541014
1.3490593433380127,7.5619988441467285,-0.22968484878540038
-0.9682677388191223,7.268930912017822,-0.004466333389282207
-0.09649118781089783,3.119593858718872,-0.257322826385498
1.0908253192901611,3.0761826038360596,-0.24666046142578124
1.382607340812683,1.7818756103515625,-0.23671798706054686
7.34956169128418,4.701287746429443,-0.3521569430828094
8.087427139282227,4.928689002990723,0.13359076738357545
-0.2813652753829956,8.805987358093262,-0.32562057495117186
-1.3671258687973022,2.6009254455566406,-0.18965559005737304
0.24898234009742737,2.6258881092071533,-0.35151798248291016
3.6555628776550293,4.408539295196533,1.537640109062195
9.453265190124512,4.248078346252441,-0.22017221808433535
-0.36620813608169556,3.5205225944519043,1.429791955947876
2.265063762664795,1.64259934425354,-0.20681968688964844
4.551825046539307,5.340379238128662,1.2323637104034424
0.7227367162704468,1.6860822439193726,0.3088839852809906
0.4476059377193451,2.789095401763916,0.43708746433258056
9.028465270996094,3.5154638290405273,0.1253915095329285
5.245413303375244,3.6059672832489014,-0.0926018965244293
2.2752349376678467,2.057436943054199,-0.26110574722290036
-2.050562858581543,2.501868963241577,-0.13328222274780274
-3.9584856033325195,7.817479610443115,-0.12741358757019042
4.343194961547852,6.523274898529053,1.0597662496566773
9.809602737426758,6.222256183624268,0.003201275467872633
2.705045223236084,7.20578145980835,0.8755956268310547
8.981192588806152,5.4178338050842285,1.3981526374816895
3.394932270050049,6.752941608428955,0.24154608249664306
2.2580435276031494,6.812071800231934,-0.21991701126098634
8.71053409576416,3.808514356613159,-0.2926137775182724
1.5528497695922852,2.983421564102173,-0.21075956344604493
0.27861377596855164,2.625027894973755,-0.39941978454589844
-0.28346022963523865,3.5111448764801025,-0.05466644644737245
2.7600667476654053,-1.0239055156707764,-0.12761597216129306
1.9845601320266724,3.2438974380493164,-0.2592303657531738
0.3036404252052307,2.385709047317505,-0.27620281219482423
2.407851219177246,2.378692626953125,-0.32102920532226564
3.34016489982605,4.340091228485107,1.1754702997207642
4.259919166564941,5.405527114868164,1.5489938640594483
4.294056415557861,5.413917064666748,0.49733285427093504
9.212091445922852,4.330273628234863,-0.08607398509979247
1.2810113430023193,2.9070632457733154,-0.39325359344482425
2.4343509674072266,4.315299987792969,-0.08627568960189819
3.345475673675537,0.47574710845947266,-0.39612052917480467
1.5853619575500488,2.9885153770446777,0.42472378015518186
3.851555109024048,4.565286636352539,0.04073691487312317
-0.950535774230957,3.369898557662964,-0.10400215148925782
6.48868465423584,3.103687286376953,0.2140149927139282
-1.2509928941726685,3.492546558380127,-0.23307806015014648
3.363335609436035,5.227499961853027,0.879867057800293
1.5820530652999878,-0.872379720211029,-0.27428977966308593
2.8621208667755127,3.79921293258667,-0.36719432830810544
2.242579936981201,5.598718166351318,-0.11769004821777344
-1.12444007396698,5.527099132537842,-0.2513086152076721
-3.6139798164367676,6.1976118087768555,-0.035340172052383434
-1.5594103336334229,5.177285194396973,-0.3853591537475586
4.378389358520508,5.732314109802246,0.8164279794692992
0.9258930683135986,5.102749347686768,-0.3493541717529297
0.710668683052063,4.641836643218994,-0.21740978240966796
1.9789831638336182,5.829993724822998,-0.032834783792495714
3.4732654094696045,4.992002010345459,0.8637443923950195
7.652854919433594,4.842894554138184,-0.033855677843093845
-0.8916032314300537,4.975734233856201,-0.1806789779663086
-3.048966884613037,7.4742536544799805,0.13321064949035644
1.680851936340332,0.404316782951355,-0.11107110977172852
7.181979656219482,3.1824145317077637,-0.31051389157772064
3.876152753829956,3.599240303039551,0.3289987754821777
1.667810320854187,3.696655035018921,-0.33176258087158206
0.7413511872291565,1.6371742486953735,-0.27458906173706055
2.87924861907959,-1.0969932079315186,-0.3558623123168945
-1.927287220954895,4.242069721221924,-0.14060657501220702
-1.3510257005691528,1.4304081201553345,-0.40014808654785156
-0.8135355114936829,0.9383103251457214,-0.2467753219604492
-1.2299399375915527,1.0719681978225708,-0.2854659652709961
1.9723412990570068,1.7312308549880981,-0.328409423828125
2.0912740230560303,1.259867787361145,0.13601407289505005
-3.430171012878418,3.3468480110168457,-0.28966537475585935
1.0742652416229248,3.214836359024048,-0.3264520263671875
7.7223639488220215,5.766146659851074,-0.49627845764160156
-0.12667173147201538,7.815690994262695,-0.29301733016967774
0.8218908309936523,5.086240768432617,-0.2923170280456543
-0.5708928108215332,2.4557723999023438,-0.21694265365600585
1.8446898460388184,7.3120012283325195,-0.2630475616455078
1.0227364301681519,3.1166296005249023,-0.2539189910888672
-1.930173397064209,5.265921115875244,-0.3079657936096191
9.345874786376953,6.093196868896484,-0.28937856733798983
8.432018280029297,5.026619911193848,-0.3763127899169922
-0.2136862576007843,1.3589248657226562,-0.29730072021484377
5.061987400054932,6.6375908851623535,0.6607114219665527
6.506625652313232,4.032322406768799,0.3516226267814636
-0.31144797801971436,3.375401496887207,0.1064252233505249
2.415461301803589,-0.48417505621910095,-0.27165454864501953
-1.2714353799819946,5.23393440246582,-0.286456413269043
8.71436595916748,5.587136745452881,-0.48789505362510677
-2.8082408905029297,2.3175437450408936,0.014499721527099607
1.968321442604065,-0.8534043431282043,-0.26552501678466794
2.6277453899383545,2.1386163234710693,0.034870195388793934
3.3714306354522705,4.326779842376709,0.3202601766586304
-0.1377457082271576,1.680345058441162,-0.30375539779663085
1.3750550746917725,2.8247616291046143,-0.08456681489944456
1.9708398580551147,2.4954614639282227,0.12054881811141968
0.22035743296146393,2.100114345550537,-0.27660188674926756
3.3283088207244873,6.76910400390625,0.634334580898285
-0.3505694270133972,2.297485828399658,0.02816074252128603
8.600858688354492,3.6302051544189453,-0.32119068145751956
-1.8608955144882202,6.4038286209106445,0.38015395402908325
6.73477840423584,4.500187397003174,-0.065434889793396
2.9174506664276123,3.5370891094207764,0.04690038919448852
2.7740678787231445,7.115681171417236,0.5039282083511353
-2.510965585708618,5.379931449890137,0.3448300290107727
2.052493095397949,-1.5395556688308716,0.20431893229484557
8.235648155212402,5.368690013885498,-0.22481908321380617
-3.012181282043457,7.119277000427246,-0.3481214141845703
3.0149388313293457,7.28917121887207,0.24864336490631103
-0.9400302767753601,2.632537603378296,-0.24848899841308594
3.7642242908477783,6.65466833114624,-0.1589560604095459
4.249394416809082,6.084112167358398,1.6544382381439209
1.4068623781204224,0.5376951694488525,-0.1345269775390625
1.252243995666504,3.265148639678955,0.05078772544860838
-0.07849404960870743,4.066671848297119,0.035678522586822525
1.4746973514556885,4.197056293487549,-0.1856454086303711
9.488980293273926,4.4615912437438965,-0.5738309097290039
0.2529725134372711,2.2141363620758057,-0.3240047836303711
-0.08734060078859329,4.583772659301758,-0.26378324508666995
0.9959591627120972,5.301474094390869,0.06269956469535826
2.905167818069458,-1.3483909368515015,-0.38944976806640624
-0.1458956003189087,1.597151517868042,-0.2427419662475586
1.849576473236084,3.0213890075683594,-0.28424901962280275
0.7615581154823303,0.4362112283706665,-0.2956827545166016
-1.6569825410842896,0.8987016081809998,0.15549264192581175
-4.313760280609131,3.4787096977233887,-0.3419139862060547
4.681365966796875,5.626830577850342,0.45608752727508545
1.3364107608795166,8.917604446411133,0.04898349404335023
0.5029764771461487,0.9789661169052124,-0.35767536163330077
1.2745602130889893,7.084780693054199,-0.2466401481628418
4.511122703552246,3.378013849258423,-0.10277984738349916
2.2000486850738525,2.7170567512512207,-0.3181485366821289
4.676656723022461,4.986105918884277,1.1154647541046143
7.224964618682861,4.515422821044922,0.18643392324447633
-0.7817234396934509,6.295735836029053,0.23686383843421935
2.009877920150757,-0.6925235390663147,-0.31399337768554686
-2.527430534362793,8.714190483093262,-0.1572781753540039
-0.6088646054267883,2.516359806060791,-0.14465756416320802
4.245253086090088,2.636986255645752,0.6253066444396973
1.5437560081481934,2.2568607330322266,-0.007683334350585935
-0.30989953875541687,3.6115763187408447,0.2219360899925232
3.0907740592956543,6.750026226043701,0.6500546979904175
6.664129257202148,3.200792074203491,0.10753126859664919
9.238404273986816,5.938910007476807,-0.3354177874326706
2.3683300018310547,5.6376776695251465,0.08199224472045896
-0.7865943908691406,2.9884564876556396,-0.09634822845458985
5.766746520996094,4.369716167449951,-0.3659636306762695
-1.1898218393325806,5.989821910858154,-0.1094511580467224
1.0701093673706055,1.4190033674240112,-0.35946083068847656
3.476893901824951,3.8747966289520264,0.9214244890213013
2.7994985580444336,0.7522472143173218,0.08380066752433776
-2.562453269958496,2.9158575534820557,-0.2353746432065964
1.2407326698303223,6.665467739105225,-0.2833231735229492
1.1141395568847656,7.740536689758301,0.14374899625778198
3.706400156021118,3.5888242721557617,-0.3300518798828125
6.3259124755859375,3.389134645462036,-0.12372166752815245
-3.550194025039673,7.2390851974487305,-0.08192799568176269
4.4787983894348145,5.686531066894531,0.5093439221382141
2.0216736793518066,-1.1359140872955322,-0.35142791748046875
3.321807384490967,5.042576313018799,0.7940396213531494
3.2639946937561035,2.788881301879883,0.3819437980651855
-2.914177656173706,2.2653491497039795,-0.39072391510009763
7.142728328704834,2.6511924266815186,-0.4015177965164185
1.0127445459365845,3.1140599250793457,-0.2268060302734375
6.999091625213623,4.426549434661865,-0.2752033734321594
3.066399335861206,6.031759738922119,-0.03500527560710909
1.429428219795227,0.3028865158557892,-0.3018013000488281
2.4749443531036377,6.303324222564697,0.10333848953247071
8.950738906860352,3.6275930404663086,-0.21129628181457516
8.603763580322266,5.782810211181641,-0.14326410472393036
3.574657440185547,5.808320999145508,0.6519827508926391
7.911744594573975,2.843763828277588,0.7002890872955323
2.2815966606140137,-1.6784594058990479,0.06301262021064757
3.974205493927002,4.548867225646973,1.6758211708068846
-2.573617696762085,8.21728515625,0.33792293548583985
0.4204891324043274,1.9458644390106201,0.49407182693481444
3.63236665725708,4.264326095581055,1.1668021869659424
2.279446840286255,0.2530896067619324,-0.18482404708862304
-0.7061681747436523,7.5236968994140625,0.07447361111640932
2.7805593013763428,4.024397850036621,0.6060838460922241
2.902024984359741,0.6804737448692322,-0.21159648895263672
3.4109928607940674,4.252750396728516,0.156432226896286
-2.343904972076416,2.835167407989502,-0.3687951278686523
-1.3134710788726807,3.6105048656463623,-0.1886252212524414
2.4910218715667725,4.235017776489258,0.3566490030288696
-2.970449209213257,7.136972427368164,-0.31666036605834963
4.215390682220459,5.266092300415039,0.8026026773452759
0.5145986080169678,4.091091156005859,-0.017589073181152326
4.202989101409912,4.908891201019287,0.08879188299179075
0.14375492930412292,2.136723279953003,0.2700180160999298
1.4449235200881958,3.832148313522339,-0.3515745162963867
3.6927804946899414,4.9457244873046875,0.558116672039032
-0.29133233428001404,2.8433961868286133,0.22951597332954407
2.7243940830230713,2.601196765899658,0.1491111373901367
0.0647028312087059,4.9935455322265625,0.17582806944847107
-1.873854398727417,7.518961429595947,-0.07033468365669249
1.3822976350784302,1.6976404190063477,0.4039867234230041
1.9155426025390625,5.286334991455078,0.09037710428237916
1.1350054740905762,0.4840563237667084,-0.23039474487304687
5.983395576477051,4.294921398162842,-0.22530435562133788
3.1207056045532227,3.0987708568573,0.004630535244941725
8.995675086975098,5.5323333740234375,-0.2261993515491486
2.1940269470214844,4.385632514953613,-0.16772260665893557
3.489105224609375,3.7992918491363525,-0.1034254193305969
0.5350342988967896,0.9714145064353943,0.43367407083511356
1.1998060941696167,2.3910984992980957,-0.24742835998535156
0.3778204619884491,1.8364919424057007,0.3113779056072235
4.317848205566406,5.025141716003418,0.5700199317932129
1.0287718772888184,2.4963314533233643,-0.2259033203125
2.2653982639312744,0.3178737461566925,-0.30535430908203126
6.069120407104492,3.5121521949768066,0.6992089319229127
0.6740923523902893,2.5688939094543457,-0.3090998077392578
5.850325584411621,3.2973153591156006,-0.5019122314453125
1.7996342182159424,3.820580244064331,-0.09000908136367797
-0.13987590372562408,2.5564217567443848,-0.24028800964355468
1.744123935699463,2.5309886932373047,-0.27390838623046876
-0.07354793697595596,3.028153419494629,-0.023282785415649432
-1.8431479930877686,6.097753047943115,-0.05449675559997558
0.6510289907455444,2.3597707748413086,-0.2555525207519531
6.668645858764648,4.0003790855407715,-0.5606931686401367
6.507508754730225,3.8546478748321533,0.2080711483955383
1.3870302438735962,1.5160473585128784,-0.12138507843017578
3.9409849643707275,5.138222694396973,0.8275663328170777
3.735987901687622,0.4621758759021759,-0.1831972885131836
-3.0667898654937744,7.322092533111572,0.012581924200057992
3.304025411605835,5.449753284454346,0.6822351598739624
-2.9055469036102295,6.105545997619629,0.06884212255477906
3.324690580368042,1.4118088483810425,0.04925026893615722
8.044220924377441,4.706430912017822,-0.04776676774024963
0.0008643477922305465,3.1725285053253174,-0.3569073867797852
2.157230854034424,6.396793365478516,-0.3085294723510742
-1.68101966381073,6.685463905334473,-0.30153650283813477
2.2688400745391846,0.2903858423233032,-0.12946269452571868
2.4137771129608154,-1.2840213775634766,-0.14793502807617187
-3.4724690914154053,2.5921857357025146,-0.308780632019043
-0.8937029242515564,2.8403971195220947,-0.22864677429199218
3.7703263759613037,6.130582332611084,0.5837549877166748
1.1476563215255737,0.38992834091186523,-0.22326093673706054
2.0703647136688232,2.835210084915161,0.05184725046157834
-0.5773231983184814,1.4316054582595825,-0.23377304077148436
3.7615225315093994,4.619811534881592,0.6064050579071045
-0.24493086338043213,4.056117534637451,-0.2387761116027832
0.07142706960439682,3.3566782474517822,-0.3081784248352051
8.657227516174316,5.886362075805664,0.5614795398712158
-1.507523536682129,2.0525062084198,-0.2190272903442383
1.765717625617981,5.526332855224609,-0.21381269454956053
3.629636526107788,6.290964603424072,0.18387004137039187
5.834976673126221,4.779847621917725,-0.15104767262935637
2.7394683361053467,3.1345949172973633,0.13058594465255735
2.6623785495758057,1.1778478622436523,0.06889019250869749
8.99933910369873,3.5499651432037354,-0.4463416290283203
2.588881731033325,3.354192018508911,0.2429719090461731
3.0656769275665283,5.032151222229004,0.17275475740432739
4.998368740081787,6.734098434448242,1.0180292797088624
2.8693695068359375,5.811214923858643,-0.13463735699653623
-1.8112947940826416,3.7202391624450684,0.008921146392822266
1.1366477012634277,7.760537147521973,-0.34965415954589846
1.9330745935440063,2.5998270511627197,-0.411691780090332
-1.595326542854309,0.36542603373527527,-0.27690414428710936
5.139564037322998,3.1429388523101807,-0.008272346258163477
-0.31733572483062744,3.1567800045013428,0.07879049420356751
5.786681652069092,4.766390800476074,-0.22830364227294922
6.80241060256958,2.1076667308807373,-0.5063514539599419
2.2746477127075195,1.9656521081924438,0.1657881736755371
3.102609395980835,5.641406536102295,-0.07792836070060732
4.887096405029297,5.752723217010498,1.078896336555481
0.2659556269645691,2.366037368774414,-0.2820037651062012
5.711090087890625,3.2467329502105713,-0.2295528793334961
-0.10829510539770126,0.02509476989507675,0.2542265236377716
-1.1644974946975708,2.5766773223876953,-0.15233471870422363
7.148805141448975,4.118590354919434,-0.5536028915643691
-2.139908790588379,1.0940176248550415,-0.27840198516845704
1.8099948167800903,2.4725899696350098,0.17685528039932252
-2.4562389850616455,4.9682207107543945,-0.3849155426025391
0.47662198543548584,0.5556737184524536,-0.09837580680847167
0.8803954720497131,0.4460218548774719,-0.36577136993408205
-2.836350679397583,5.409180641174316,-0.2884469795227051
3.7733635902404785,2.608560800552368,-0.32606170654296873
7.2777018547058105,4.71479606628418,-0.30894126057624816
-2.184602975845337,7.653291702270508,-0.3270029830932617
4.813009262084961,6.268223285675049,0.7625564956665039
3.6165504455566406,4.775599479675293,-0.12996121406555175
0.2798709571361542,3.033613920211792,-0.17291797637939454
-1.716190218925476,7.739259243011475,-0.17817850708961486
2.0078606605529785,7.2138543128967285,0.3432524466514587
6.403443813323975,2.8440661430358887,0.05604216337203982
2.4184069633483887,4.336383819580078,-0.2035652542114258
3.882420778274536,1.952365756034851,0.07892048478126526
2.366132974624634,4.988128662109375,0.3691463184356689
1.7421406507492065,0.42189523577690125,-0.11836591720581055
1.074223279953003,7.337371349334717,-0.3387328338623047
-0.7281981706619263,4.123969554901123,-0.25153509140014646
7.119822978973389,3.099332809448242,-0.043801121115684516
1.1779475212097168,1.9934394359588623,-0.29511787414550783
0.48869574069976807,0.8781415820121765,0.07876977920532224
0.8845627307891846,1.5228991508483887,-0.3355330657958984
-3.4027152061462402,3.6234500408172607,-0.17545799255371095
2.15104079246521,-0.4201148748397827,-0.19021862030029296
0.6203076243400574,1.2558104991912842,-0.1284324836730957
2.105405807495117,-0.7901519536972046,-0.10253852844238281
1.603558897972107,-0.5067494511604309,-0.09167501449584961
2.1909356117248535,3.625898838043213,0.09699011683464051
-0.5394598841667175,3.223062753677368,-0.16671438217163087
1.9814493656158447,1.1110526323318481,-0.34112651824951173
8.374847412109375,4.990575313568115,0.008761436939239475
0.11975172162055969,3.750511646270752,-0.12427843093872071
2.5761640071868896,2.569620370864868,-0.22985260009765626
2.689265251159668,5.475359916687012,-0.044341285228729266
-1.436638593673706,0.6184642910957336,0.815530686378479
3.761667490005493,6.948334693908691,0.4036276006698608
1.1917641162872314,2.968477964401245,-0.18649559020996093
-0.4117386043071747,2.019585609436035,0.07930984616279602
-0.029645517468452454,2.4572179317474365,-0.1879608917236328
2.681853771209717,6.802732467651367,-0.21270042419433594
0.9853450655937195,4.7941365242004395,-0.10935214757919309
1.1726582050323486,2.4053585529327393,0.2214427161216736
2.7662930488586426,4.2272796630859375,-0.19549802780151368
1.9443455934524536,6.425732612609863,-0.34504878997802735
-2.675642251968384,2.9958202838897705,-0.05564279377460479
3.1020660400390625,0.6341936588287354,-0.04407086968421936
7.236138820648193,5.556066989898682,-0.06069075703620913
1.384779691696167,3.5116701126098633,-0.1412957000732422
1.49678373336792,2.9556312561035156,0.06834946990013124
0.13561265170574188,2.146599769592285,-0.2935943603515625
2.3420445919036865,3.144270181655884,-0.028767716884613048
3.2255144119262695,4.974985599517822,0.031024476289749137
1.9833072423934937,2.416241407394409,-0.18890548706054688
-0.6662082076072693,1.4684271812438965,-0.2576887512207031
3.506042718887329,4.06962251663208,-0.3912207794189453
-3.632990837097168,2.6677589416503906,-0.28632471084594724
3.105477809906006,-1.4056204557418823,-0.2679307556152344
2.894425392150879,-0.3051501214504242,-0.19987895965576172
-3.700828790664673,6.379845142364502,-0.3869036865234375
1.8514926433563232,5.161643981933594,-0.2927817726135254
4.29224157333374,6.629396915435791,0.6492933988571167
1.7739132642745972,2.419576406478882,-0.19151357650756837
2.5541789531707764,3.7334728240966797,0.5465299773216248
2.320585250854492,0.4488857686519623,0.4355170702934265
0.4590485095977783,2.3484742641448975,-0.4289492416381836
0.12897330522537231,3.4820010662078857,-0.1925872230529785
1.5306824445724487,0.4283689856529236,0.029278891086578385
-1.5450100898742676,2.7291977405548096,0.1100097405910492
-2.2424674034118652,2.38374400138855,0.31584278106689456
-1.5263421535491943,3.1330599784851074,-0.3132494354248047
3.1310744285583496,5.631339073181152,0.26992178440093995
2.304668426513672,-1.6974849700927734,-0.28189739227294924
2.3057167530059814,2.979971408843994,-0.2519243621826172
1.8453938961029053,2.6831798553466797,-0.4111264038085938
6.357008457183838,4.6066107749938965,-0.33856094360351563
3.7854161262512207,4.689859867095947,0.37602733373641967
2.3305585384368896,1.416768193244934,0.3697758150100708
-2.233192205429077,1.7519996166229248,-0.3902212905883789
1.1954201459884644,2.7769112586975098,0.004689558744430555
-0.9399287104606628,6.311641216278076,-0.3146296310424805
9.171975135803223,5.2469377517700195,0.4530052137374878
-1.6643822193145752,-0.0128240454941988,0.09533702611923217
2.6254024505615234,2.792323589324951,0.17746755123138427
1.8684132099151611,6.2647552490234375,-0.29352258682250976
2.023029088973999,2.4364140033721924,0.09363453149795531
2.8972156047821045,3.0523505210876465,-0.304934139251709
4.240482330322266,6.43037748336792,0.6215479469299316
3.0386879444122314,4.085782051086426,-0.07466386795043944
0.12859830260276794,2.800264835357666,-0.33057743072509765
1.1764135360717773,7.228753566741943,-0.06153499960899356
-1.8949964046478271,0.4521600604057312,0.13920964002609254
4.368899345397949,4.532537460327148,1.0284622430801391
4.727512359619141,2.454695463180542,0.1048057508468628
-0.205566868185997,4.052145004272461,0.2325500237941742
3.0474843978881836,-1.5130442380905151,-0.323823127746582
3.057504892349243,5.498996257781982,0.7594349336624145
2.6823012828826904,3.197688579559326,0.6274559283256531
0.8061302900314331,2.4630887508392334,-0.22063106536865235
2.412670612335205,2.800508499145508,-0.1469157886505127
9.045889854431152,3.439340353012085,-0.4470364761352539
-0.5524179935455322,2.493068218231201,0.25379700064659116
-0.9060341119766235,2.4601399898529053,0.08193458795547484
-2.3766798973083496,2.457698106765747,-0.19967819213867188
0.9986161589622498,1.6908016204833984,0.3537377405166626
2.3961575031280518,3.338534116744995,0.3854483675956726
7.901495456695557,3.2047688961029053,0.0006262385845184348
9.242936134338379,5.371942043304443,0.22498924255371094
1.7986211776733398,5.387139797210693,-0.24204633712768556
-0.4790010452270508,2.8749196529388428,-0.19959739685058595
3.0251569747924805,2.8709323406219482,-0.007994006872177106
7.252864837646484,2.629288911819458,0.1502424955368042
0.2839508056640625,1.037949562072754,-0.15681882858276366
1.8867740631103516,-0.16897177696228027,-0.2540727424621582
3.824383497238159,5.522404670715332,0.7844636964797973
8.578975677490234,3.6424639225006104,-0.11672162652015688
8.402055740356445,4.021653175354004,-0.3702214050292969
6.635353088378906,3.549733877182007,-0.46946248412132263
4.12322998046875,2.609492301940918,0.23243898153305054
3.353301525115967,3.7160654067993164,0.737618761062622
1.5826956033706665,1.2577431201934814,0.08695986747741699
0.4202177822589874,2.301335334777832,-0.2290040397644043
-0.37016376852989197,2.915478229522705,0.2705854570865631
-4.200534343719482,6.799086093902588,-0.15167691230773925
0.21464481949806213,4.059874057769775,-0.35563838958740235
1.2580434083938599,1.1055599451065063,-0.29211145401000976
9.642108917236328,5.309621334075928,0.19629894733428954
0.8331417441368103,6.877560615539551,-0.16925947189331056
-1.906557559967041,7.035543441772461,0.013144421577453602
-1.4402835369110107,2.3505380153656006,-0.30853519439697263
-0.19422705471515656,4.04429817199707,-0.22641441345214844
1.7853113412857056,-0.316567987203598,-0.21667068481445312
0.03449331223964691,0.9853335022926331,-0.16751752853393553
2.1627933979034424,5.803524494171143,-0.05820282578468322
-2.299809217453003,7.664035320281982,-0.2995482635498047
1.2159152030944824,2.171290636062622,-0.308462028503418
3.7917799949645996,6.0001912117004395,0.8255886268615722
3.591054916381836,5.269020080566406,0.31931477069854736
4.844388484954834,5.952247619628906,1.257652006149292
-2.2425248622894287,3.321833610534668,-0.27384994506835936
0.22557573020458221,2.021873950958252,-0.25063112258911135
3.516326904296875,5.256920337677002,0.5609749889373778
2.623605728149414,7.044935703277588,0.19068015813827516
2.1848413944244385,2.5932955741882324,-0.10787670016288758
1.0792937278747559,0.9062289595603943,-0.14997466087341307
-0.23764538764953613,2.8105850219726562,-0.23154293060302733
2.149996042251587,0.6371805667877197,0.565732433795929
0.49354344606399536,2.4643683433532715,-0.20081361770629882
3.2985165119171143,6.057155609130859,0.46678489685058594
2.58004093170166,5.083064556121826,0.35227289915084836
2.493411064147949,2.3170418739318848,0.3819926905632019
4.329310894012451,5.299982070922852,0.5511932373046875
5.4915947914123535,3.426079750061035,0.16551020860671994
3.8772573471069336,5.6454973220825195,0.4215267586708069
3.021937847137451,3.840240716934204,0.2513747692108154
8.872657775878906,3.583688735961914,0.11178275108337404
2.624591827392578,5.498805999755859,-0.4346683120727539
-2.0728001594543457,1.9605565071105957,0.003837095499038712
9.655582427978516,6.344593524932861,-0.035560683012008654
3.7331383228302,4.660756587982178,0.2510351073741913
2.4321329593658447,2.3896987438201904,0.0029462385177612127
-0.4543311893939972,6.179400444030762,-0.20001375198364257
-0.3307429254055023,1.6999167203903198,-0.20707780838012696
2.524223804473877,0.5019983053207397,-0.27770467758178713
1.7294855117797852,7.4063286781311035,0.06972141146659852
-0.6197307109832764,1.7046042680740356,-0.3758056640625
-3.4478814601898193,6.8460469245910645,0.08306996226310731
0.9147967100143433,1.3906877040863037,-0.1794512939453125
3.0580718517303467,2.6491689682006836,0.26288959980010984
1.8819013833999634,3.2780017852783203,-0.2957467269897461
-2.0845048427581787,10.07531452178955,0.16438811302185058
0.409676194190979,3.1796953678131104,-0.35271583557128905
-0.8245853781700134,7.609810829162598,-0.38726966857910156
3.2303130626678467,3.4427530765533447,0.16739779949188233
-0.09802554547786713,2.93430757522583,0.06776471972465514
2.46885085105896,4.028822898864746,-0.11839481472969055
3.9628350734710693,3.334883451461792,0.2645249402523041
2.4950294494628906,6.823525905609131,0.2745070004463196
1.7037208080291748,8.131935119628906,-0.35144977569580077
1.1465065479278564,3.2708446979522705,-0.2167109489440918
-0.5366625785827637,5.639117240905762,-0.06222968339920043
1.4953516721725464,5.414217472076416,-0.14279510498046874
1.5627360343933105,1.9627199172973633,0.3108122420310974
3.9253547191619873,4.697103023529053,0.7164285755157471
1.91673743724823,6.853670597076416,-0.41091869354248045
3.438322067260742,5.724034309387207,0.5367309379577636
2.897124767303467,4.363184452056885,0.2915783977508545
-0.6392015218734741,7.737287521362305,-0.07196851015090944
1.4013599157333374,9.787128448486328,-0.41306400299072266
1.6460100412368774,6.756886005401611,-0.1368929547071457
2.0548782348632812,9.282309532165527,-0.05873619854450224
0.45506349205970764,2.91915225982666,-0.026824496984481805
0.9545502066612244,7.5116777420043945,-0.10919568955898284
-0.9734939336776733,6.359401702880859,-0.35796092987060546
1.8141454458236694,5.172339916229248,0.14380027294158937
1.8586684465408325,8.228241920471191,-0.030262821316719035
1.9124715328216553,2.0555789470672607,-0.27626182556152346
-0.5140069127082825,4.656284809112549,-0.25626659393310547
3.0599288940429688,6.095435619354248,0.42306742429733274
-1.6778814792633057,6.923183441162109,-0.047152049541473395
0.5905874967575073,7.396142482757568,-0.22604686737060548
0.06131390854716301,7.527037620544434,-0.047553702592849745
3.951441526412964,4.460677146911621,0.04740704774856569
0.1124873235821724,2.7288053035736084,0.17329792976379393
1.2001739740371704,8.56003475189209,0.06972349643707276
1.1248693466186523,7.397409439086914,-0.22024803161621093
1.304390549659729,4.892202377319336,-0.16534032821655273
-0.3388899564743042,2.6447665691375732,0.4967396855354309
-2.7364554405212402,8.417581558227539,-0.1313532829284668
1.5159692764282227,6.410382270812988,-0.08303560793399811
2.2504148483276367,8.384993553161621,-0.2720644760131836
3.020536422729492,8.444175720214844,-0.17096151649951935
-1.2408277988433838,2.1340832710266113,0.13083410382270813
3.1112704277038574,4.738008975982666,-0.04786078274250033
3.0929226875305176,6.0209856033325195,0.015187834501266484
1.0823168754577637,6.672064304351807,-0.05457105040550231
1.3027470111846924,8.333106994628906,-0.0022083711624145685
1.0881904363632202,8.501583099365234,0.8220644187927246
2.5945980548858643,-1.8270033597946167,-0.42758224487304686
1.641708254814148,7.504096508026123,-0.27966554641723634
2.8717799186706543,6.756780624389648,-0.36972698211669924
3.182027578353882,5.4252166748046875,0.401617693901062
2.174736499786377,4.560364723205566,-0.4591117095947266
0.41449669003486633,2.9429755210876465,-0.2905533218383789
0.9906699061393738,7.196052074432373,-0.3987484359741211
2.7388527393341064,7.565171718597412,-0.24389698028564452
0.9237944483757019,2.2455270290374756,-0.3430793762207031
-1.7020578384399414,0.2512483298778534,-0.04441420793533324
-1.2660390138626099,7.578779697418213,-0.3108499526977539
6.4746904373168945,2.950437068939209,-0.5597233581542969
-0.7752211689949036,9.882591247558594,-0.4892138671875
1.969995141029358,7.83778190612793,0.016568329334259058
1.2291505336761475,2.0568020343780518,-0.21591684341430664
1.9271210432052612,8.145537376403809,0.027084300518035898
-1.8237465620040894,7.9904303550720215,0.11965242028236389
1.0274747610092163,4.325058460235596,0.01012386679649352
0.9444782137870789,0.9028551578521729,-0.10685254096984863
0.2912563681602478,2.4229896068573,0.14712258100509643
-0.39639803767204285,8.038440704345703,-0.09572355747222899
2.822875738143921,-0.8917126059532166,-0.21331649780273437
0.5145559310913086,2.3254191875457764,-0.15258809089660644
1.6722921133041382,6.208406925201416,-0.24512611389160155
1.493552327156067,4.532968044281006,0.03635844707489011
3.4471168518066406,2.432723045349121,0.051347553730010986
0.07252583652734756,1.5454471111297607,-0.08711078643798828
-0.40460851788520813,5.786291122436523,-0.08554409980773926
0.5431602597236633,7.08753776550293,-0.28493221282958986
-1.5990979671478271,3.9355428218841553,-0.27223060607910154
-1.8319718837738037,0.54340660572052,0.18259257078170776
1.7382444143295288,8.594289779663086,-0.3543460464477539
2.494830369949341,7.859348773956299,-0.42329753875732423
0.03623324632644653,4.502089977264404,-0.40818401336669924
-0.29539015889167786,7.795114040374756,-0.38669662475585936
0.9176636934280396,3.5376832485198975,-0.035302824974060065
1.9195636510849,6.673709869384766,0.0060748064517974765
0.6361497044563293,5.364908218383789,-0.08657831192016602
1.7779746055603027,8.248435974121094,-0.2373193359375
1.692478060722351,7.441961765289307,-0.37020374298095704
-0.8978675007820129,8.050246238708496,-0.04323500573635103
-0.15391021966934204,5.859904766082764,-0.3159677124023437
2.873737096786499,3.9740378856658936,-0.2851194953918457
2.5902860164642334,3.181535482406616,-0.16593604981899263
-0.29358258843421936,9.704475402832031,-0.2509810948371887
2.111421823501587,6.415448188781738,-0.03642628908157347
2.5462443828582764,4.789642810821533,-0.22899166107177735
1.678963541984558,2.5412075519561768,-0.14210647583007813
2.506387710571289,5.158802509307861,-0.19681308746337892
1.5957846641540527,5.020843505859375,-0.4021201324462891
-0.23282046616077423,8.916255950927734,0.1591873610019684
0.3313000202178955,7.768800258636475,-0.17142265319824218
3.0549163818359375,1.0891791582107544,-0.3520893859863281
-0.6806623935699463,4.704801559448242,-0.1650010108947754
0.5689958930015564,9.504990577697754,0.1162562370300293
1.4377501010894775,2.3429110050201416,0.28573164343833923
0.8877658247947693,4.297170639038086,0.02670202016830442
1.466442584991455,6.608887672424316,-0.28603086471557615
0.20418031513690948,6.799434185028076,-0.21140514373779296
4.214682102203369,6.729211330413818,0.5551772975921632
-0.07728535681962967,7.990458011627197,-0.03863059401512148
2.5781545639038086,8.03751277923584,-0.062459922432899495
-0.3797016441822052,8.137636184692383,-0.3613923645019531
-3.4272971153259277,6.998466491699219,-0.4825535202026367
4.640508651733398,2.8319475650787354,0.036978018283844005
-1.713732361793518,9.52934455871582,-0.23200355529785155
1.5580874681472778,3.891216278076172,-0.008738240003585807
0.23496867716312408,6.494675636291504,-0.0476837658882141
-0.27065929770469666,8.626394271850586,0.26184745073318483
-2.8611655235290527,10.56028938293457,-0.24282470703125
1.2574578523635864,6.24858283996582,0.39245890855789184
1.042067050933838,10.028467178344727,-0.08745151996612549
1.1896554231643677,7.04191780090332,0.10874445438385011
0.5209510922431946,7.936408042907715,-0.048008859157562256
3.31066632270813,5.265140533447266,-0.10798130869865419
1.8802764415740967,7.57825231552124,-0.0024139916896819824
4.070663928985596,2.2367379665374756,0.016749633550643933
-0.6134884357452393,2.8148486614227295,-0.17343225479125976
-1.742836356163025,6.298213481903076,-0.25553337097167966
2.7516260147094727,6.934013843536377,-0.25659374237060545
0.3037574589252472,3.7741448879241943,-0.03639955043792725
1.9429959058761597,8.895029067993164,0.13675142526626588
-0.16716532409191132,8.000585556030273,-0.2480750274658203
0.531690239906311,7.879668235778809,-0.19522212982177733
0.35897770524024963,5.833418846130371,0.015371744632720952
-1.4971208572387695,3.10862398147583,-0.24969491958618165
0.7040528059005737,3.967957019805908,0.2691973257064819
0.5219980478286743,7.695347309112549,-0.3667213821411133
-2.3514444828033447,7.108059883117676,-0.014788246154785134
0.6335468888282776,4.358896255493164,-0.3595878601074219
-1.24839186668396,2.749906063079834,-0.05918325424194336
-0.07995805889368057,7.9465556144714355,-0.2317402458190918
1.6801589727401733,9.603693962097168,-0.14408024787902834
1.7795724868774414,1.117562174797058,0.004338687658309914
0.9072190523147583,8.783589363098145,-0.1724730634689331
2.085844039916992,2.225945234298706,-0.213417911529541
2.333174228668213,5.716346263885498,0.3014440870285034
1.315914511680603,6.095355033874512,0.5240602350234985
1.3842002153396606,1.3706543445587158,-0.23601190567016603
1.299997329711914,4.846157073974609,-0.11778313636779786
3.866448402404785,3.6197690963745117,0.04306717395782472
-2.2809855937957764,4.032505512237549,-0.2480470085144043
3.148026704788208,7.508639812469482,0.936456561088562
0.8468437194824219,2.640289545059204,-0.2215721893310547
3.6505610942840576,0.6963862180709839,-0.2614378356933594
0.6410590410232544,1.3957428932189941,-0.24256130218505859
3.5465400218963623,8.235208511352539,0.3747949528694153
2.308868408203125,3.142199993133545,0.15568054914474488
0.26336970925331116,4.794775485992432,-0.41687568664550784
3.753629446029663,2.095897912979126,-0.030476995706558208
3.3382456302642822,6.634566783905029,0.2931397032737732
0.7946596145629883,6.549834728240967,-0.20785743713378907
2.087087631225586,4.128274440765381,-0.18103700637817383
-0.8604709506034851,1.973736047744751,0.3552151823043823
1.640978455543518,3.1026875972747803,-0.1567936956882477
0.19340156018733978,8.946944236755371,-0.34374576568603515
1.5672414302825928,9.72301197052002,-0.507639274597168
0.8227006196975708,4.875809192657471,0.0023485970497131303
2.635468006134033,6.384500980377197,0.20068520545959473
1.9317246675491333,8.75466537475586,-0.3602566909790039
-0.10557931661605835,1.742407202720642,-0.17031410217285156
-3.3377773761749268,9.607752799987793,-0.04056160926818847
2.2732133865356445,5.562344551086426,0.1313124942779541
1.7650387287139893,6.849833965301514,-0.3721733093261719
1.300852656364441,8.433377265930176,-0.3215699768066406
-0.9786384105682373,7.921523094177246,-0.3141621208190918
-0.297000527381897,9.666775703430176,-0.19868155419826505
2.7488324642181396,6.554542541503906,0.05692322731018068
-1.1793535947799683,9.443220138549805,-0.4327953338623047
2.725147008895874,8.231258392333984,-0.04870361447334287
-1.9071670770645142,7.095614433288574,0.08360987901687622
-0.5430665016174316,5.047532558441162,-0.011461366415023821
1.7003262042999268,7.434202671051025,0.2829843044281006
1.4842182397842407,2.8285531997680664,0.11731798887252809
2.766878843307495,7.272313117980957,-0.2598800849914551
0.2523030638694763,6.633034706115723,-0.25034725189208984
3.075336217880249,3.3399057388305664,0.20463096141815185
-0.9204028248786926,4.060996055603027,-0.1901795768737793
-2.636610269546509,10.100118637084961,-0.06808850646018982
1.164801001548767,4.913120269775391,0.06409650325775146
2.5842223167419434,8.034109115600586,-0.15599909126758577
2.5345582962036133,7.181880950927734,0.14974512457847594
2.673954963684082,6.371571063995361,-0.2768815231323242
3.679447889328003,2.628087043762207,0.35293524265289306
0.4950236678123474,9.265310287475586,-0.32843441009521485
-0.7161897420883179,8.049633026123047,-0.21283670425415038
7.8333635330200195,3.022127389907837,-0.2863210701942444
1.9298592805862427,7.7056074142456055,-0.21883630752563477
2.6126902103424072,3.7373743057250977,-0.17078094482421874
1.2473084926605225,4.162743091583252,-0.3580966567993164
0.9308667778968811,4.048058032989502,-0.05618940472602846
-2.3134639263153076,8.381518363952637,-0.1583660888671875
3.482199192047119,5.497859477996826,0.2328682065010071
1.2768831253051758,5.436797618865967,-0.21223997116088866
1.524315595626831,5.473349571228027,-0.30663381576538085
1.7737865447998047,9.02641487121582,-0.326394185423851
-0.717994749546051,1.7956756353378296,0.1536097025871277
1.693127155303955,7.367676258087158,-0.10043877601623535
3.0216782093048096,3.7568137645721436,-0.23879846572875976
-0.4829566478729248,4.562294960021973,-0.28471680700778956
2.2228946685791016,4.548417091369629,-0.3060133743286133
-1.0084736347198486,6.9229254722595215,-0.2839939498901367
1.718248724937439,9.654540061950684,-0.04289362728595736
3.902651786804199,5.031469821929932,0.08251823186874391
0.85390305519104,6.586918830871582,-0.3661631011962891
1.9207122325897217,0.30033254623413086,-0.39934669494628905
3.668867588043213,2.38661789894104,-0.07977699160575868
-0.25863179564476013,0.9584563970565796,-0.21433801651000978
3.0110726356506348,5.4637651443481445,0.00931326031684876
0.663557231426239,3.103619337081909,-0.2801035308837891
0.5341395139694214,8.72115707397461,-0.3309060668945312
2.356215476989746,6.789112091064453,0.2076211404800415
4.2796478271484375,3.1579344272613525,-0.36025653839111327
1.6963025331497192,5.049499034881592,-0.3350522232055664
1.5954631567001343,2.941218376159668,-0.29425399780273437
2.5753819942474365,8.520527839660645,0.43850241661071776
0.5277733206748962,4.887876510620117,-0.27678466796875
2.5861685276031494,4.324404239654541,-0.2585881996154785
1.2613517045974731,1.6426647901535034,0.17658474326133727
3.495147466659546,0.5330612659454346,-0.42945114135742185
2.2070233821868896,2.8762624263763428,-0.2719050407409668
-1.6953885555267334,10.378089904785156,-0.2676947593688965
2.440617561340332,3.2623651027679443,-0.018219712972640967
6.626216411590576,3.049699068069458,-0.4645987319946289
-0.1658569723367691,1.7297322750091553,0.050120999813079825
1.186460256576538,8.293974876403809,-0.09343405783176423
-0.22395530343055725,3.120152473449707,-0.21632225036621094
0.4855988919734955,8.803552627563477,-0.35992839813232425
2.764390707015991,3.9395365715026855,-0.5208071136474609
3.5628952980041504,4.803376197814941,-0.3171993255615234
2.891099452972412,8.03877067565918,0.17093064785003664
0.5124251842498779,5.878498077392578,0.07560336470603943
0.5864711403846741,0.16081613302230835,-0.17145837783813478
-1.1664986610412598,7.727575302124023,-0.24238096237182616
1.580397367477417,6.90300178527832,-0.23776918411254883
2.0938432216644287,2.4782562255859375,-0.0792719757556915
2.2975823879241943,1.66657555103302,-0.05706706047058108
1.3614081144332886,3.864515781402588,-0.27382365345954895
1.7220637798309326,5.729855537414551,0.03827836513519289
1.8088512420654297,8.419489860534668,-0.32469993591308594
2.5143771171569824,-1.9495667219161987,0.06716217160224913
-1.7314146757125854,3.8460958003997803,-0.1739094352722168
-0.4981364607810974,8.495177268981934,-0.09905464231967925
7.415767669677734,2.8822505474090576,-0.42639140725135805
1.641290545463562,7.5832743644714355,-0.44745014190673826
2.1454315185546875,9.02133560180664,-0.36686996459960936
3.661526679992676,6.282622814178467,0.07131837129592894
2.9137728214263916,6.967005729675293,-0.018369721174240128
3.9108564853668213,5.027749061584473,0.18334680318832397
3.353379726409912,7.806399822235107,-0.12814440846443176
-0.9693757891654968,3.0532472133636475,0.060590722560882576
4.320651054382324,3.0641634464263916,-0.11087945938110351
2.2342278957366943,3.3574788570404053,0.3878816318511963
0.08441933989524841,5.161800384521484,0.38890536069869996
0.6637839674949646,5.889931678771973,-0.19128519415855405
0.7465486526489258,6.44486665725708,0.03273645758628846
-0.8206639289855957,6.215118408203125,-0.1364558982849121
-0.3075043261051178,2.8774592876434326,-0.22334285736083984
0.33460351824760437,7.81801176071167,-0.23672016143798827
1.6551237106323242,7.355047702789307,-0.2751496505737305
1.8240966796875,2.534973382949829,0.11491427540779114
0.2266329973936081,8.835317611694336,0.015122594833374026
4.285787105560303,6.139671802520752,0.28916162967681885
-1.7854074239730835,0.0212669987231493,-0.35721019744873045
1.3075040578842163,8.757673263549805,-0.1008152377605438
-1.4978063106536865,10.340877532958984,-0.33373924255371096
0.027944834902882576,9.39827823638916,-0.3315009689331055
7.88883113861084,4.383596420288086,-0.04339467525482177
-0.12203053385019302,4.258355140686035,-0.04507746815681457
0.1492341011762619,9.425570487976074,0.02366076588630675
1.2495523691177368,8.2087984085083,-0.36924842834472654
0.7859776020050049,6.486741542816162,-0.03989834904670714
-0.10971275717020035,8.75003719329834,0.04951743125915528
3.171560764312744,6.0130085945129395,-0.1197932529449463
0.794140636920929,2.737966775894165,-0.24153923034667968
4.190026760101318,6.315927982330322,0.4958004426956177
1.5930598974227905,7.764802932739258,-0.038005087375640845
2.5520455837249756,3.9608688354492188,0.10754071950912475
0.3048265874385834,9.3695650100708,-0.23862981796264648
-2.0952348709106445,7.71451997756958,-0.06219861626625062
-0.3685016930103302,2.7815115451812744,-0.13910233378410342
0.3769207000732422,4.709043979644775,-0.3132712173461914
-3.25913405418396,8.576519966125488,-0.37364036560058594
-0.6424403190612793,6.698122501373291,0.051447327136993404
2.4526047706604004,7.748422622680664,-0.42272655487060545
-0.5172145962715149,3.776287317276001,-0.13729061126708986
1.9680851697921753,9.121045112609863,-0.23421177864074705
-0.32548439502716064,3.78959584236145,0.014100646972656228
3.6551337242126465,7.009453296661377,0.43876670360565184
-2.923128128051758,6.128305435180664,-0.008508810997009286
1.3852757215499878,6.252317428588867,-0.02392231941223144
1.267840027809143,5.718200206756592,0.11612951040267944
3.6714670658111572,5.023716926574707,1.0854959869384766
-2.161656618118286,9.646052360534668,-0.5453168869018554
1.3311724662780762,1.2191815376281738,-0.2191469383239746
8.024824142456055,5.196446895599365,-0.2026906967163086
-3.4464282989501953,3.6749892234802246,-0.37470569610595705
7.66745662689209,5.905322074890137,-0.3704688262939453
1.8424608707427979,0.6899167895317078,-0.23116033554077148
-0.5372669696807861,4.524119853973389,0.3576548647880554
1.4208996295928955,-0.25476276874542236,-0.2565981101989746
-0.6733066439628601,2.8150997161865234,-0.22234561920166016
-0.7674410939216614,3.3320257663726807,-0.2502550888061523
7.384740829467773,2.8492093086242676,-0.057062611579895006
3.288710117340088,4.180426120758057,-0.041982609033584584
0.37531617283821106,3.80785870552063,-0.2934714317321777
0.11560371518135071,3.062535524368286,-0.2487375831604004
1.0742595195770264,3.227487564086914,-0.2724749183654785
0.06430110335350037,4.2846856117248535,0.14308430194854738
8.757332801818848,5.068294525146484,-0.4560991668701172
9.524150848388672,5.143056392669678,-0.29575334548950194
-0.28842127323150635,3.2110369205474854,0.42720829248428344
0.29590749740600586,9.133017539978027,-0.3434459686279297
8.85726547241211,3.3041932582855225,-0.15270247220993044
6.179595947265625,2.9856038093566895,-0.12382070362567904
9.3694429397583,5.335559844970703,-0.24707468032836913
0.886009156703949,1.7066713571548462,0.10671042799949645
8.665005683898926,3.3250112533569336,-0.3645920491218567
8.360313415527344,3.514768123626709,-0.2663501334190369
0.4334615170955658,2.9793717861175537,0.1466628873348236
-1.008558988571167,3.074751615524292,-0.2114845848083496
-0.920444130897522,2.72285532951355,0.16060633659362794
-0.46487662196159363,4.191401481628418,-0.41440555572509763
1.4501490592956543,6.176484107971191,-0.41219478607177734
-3.526489019393921,4.044900417327881,-0.12871613979339602
-0.8978952169418335,2.412733793258667,-0.2174098014831543
3.545494318008423,2.4912891387939453,-0.09616715908050538
0.477495014667511,1.5289802551269531,-0.15294572830200195
0.23624473810195923,5.337721347808838,-0.22052215576171874
9.279047966003418,5.8596086502075195,0.1998076629638672
0.2578686475753784,3.728994846343994,0.5399578619003296
1.214518427848816,4.033869743347168,-0.23247016906738283
6.644688129425049,5.065718173980713,-0.2620606803894043
9.264275550842285,4.777459144592285,-0.12962392807006837
4.387618541717529,6.294371128082275,0.9293551063537597
6.355146408081055,3.796607255935669,-0.31934568405151365
-0.9761794209480286,2.047041416168213,-0.2407776641845703
0.9231890439987183,4.151827812194824,-0.08156174063682559
-4.579440116882324,6.722578525543213,-0.2726140975952148
-1.368615746498108,5.44072151184082,-0.2341374397277832
4.289455413818359,3.4752731323242188,-0.23741792678833007
0.5248470902442932,6.606774806976318,-0.08064735531806944
1.8438745737075806,5.879868984222412,-0.3884584045410156
2.2201642990112305,6.718337535858154,0.05222444653511049
0.9322671294212341,6.521787643432617,-0.31184410095214843
4.391244888305664,6.386967182159424,0.23289689064025876
0.29750558733940125,4.2327752113342285,-0.120142240524292
-3.5860230922698975,3.823575735092163,-0.30902456283569335
3.073991298675537,6.428683280944824,0.2019068729877472
8.351743698120117,3.629260540008545,-0.17275661289691924
-0.36742672324180603,2.853759288787842,-0.2492080307006836
1.99530827999115,6.9826836585998535,0.03441463947296142
3.4613983631134033,5.294426441192627,0.7519649362564087
3.80899715423584,4.131282806396484,0.08606082558631897
3.2034294605255127,7.672697067260742,0.5286200189590454
5.724725246429443,3.3223586082458496,-0.34206432342529297
3.159048557281494,-0.2591417729854584,-0.283323860168457
1.4403066635131836,8.292313575744629,-0.38506858825683593
-2.840513229370117,7.3105058670043945,-0.295837345123291
5.920767307281494,4.199199676513672,-0.13581512451171876
-2.761059284210205,9.511816024780273,0.007048218250274685
2.683933734893799,2.833585500717163,-0.20407958984375
7.366518974304199,5.266848087310791,-0.24634864807128906
-0.2663205862045288,6.448359489440918,-0.4800257110595703
3.7241673469543457,4.187078952789307,-0.20836549758911133
0.8658736944198608,6.845980167388916,-0.3156722831726074
1.9187780618667603,5.085242748260498,-0.2416401672363281
8.98560905456543,3.4694132804870605,-0.34658263027668
2.1598684787750244,8.722107887268066,0.13855089187622072
8.212600708007812,4.640565872192383,-0.3200172805786133
-2.815349578857422,8.568594932556152,0.45097400665283205
3.260803699493408,5.70924186706543,0.6244412231445313
2.048583984375,2.713651180267334,-0.30049251556396483
8.739547729492188,3.7291769981384277,-0.38467384338378907
0.661418616771698,4.478524208068848,-0.31961563110351565
5.901225566864014,3.133759021759033,-0.3598438262939453
7.3409271240234375,4.3305559158325195,-0.21338747024536134
-1.7953392267227173,6.996242046356201,0.1219982171058655
4.553608417510986,6.800856590270996,0.22603419303894046
3.034682035446167,7.157832622528076,0.42689354181289674
7.14456033706665,3.1971356868743896,-0.3565743637084961
0.3533969521522522,4.113766670227051,-0.232220401763916
0.863215446472168,4.613188743591309,0.10429003238677978
1.4926522970199585,9.079744338989258,-0.36181739807128904
2.019620180130005,5.290144443511963,-0.3894486999511719
5.043531894683838,6.607239246368408,1.488469262123108
1.1499587297439575,5.498165130615234,-0.21483495712280273
-0.01086659636348486,2.129828691482544,0.06522118210792544
7.422293663024902,5.377353668212891,-0.44929286956787107
7.143154144287109,4.671277046203613,0.15853788256645202
0.832537829875946,8.241133689880371,-0.1745644760131836
1.685196042060852,4.605891704559326,0.10475481033325196
0.49816134572029114,8.377960205078125,-0.05644912958145143
3.2962663173675537,1.9712388515472412,0.01398278951644899
4.866245746612549,6.057168960571289,0.2832246088981628
-1.6413830518722534,4.165536403656006,0.26003334045410154
9.10246753692627,3.9204766750335693,0.9701947784423828
8.633095741271973,6.071767807006836,0.47113448143005376
4.647518634796143,5.49147367477417,1.1586167430877685
1.9845157861709595,1.8820902109146118,-0.0892839026451111
1.834019660949707,0.7466889023780823,-0.26815954148769383
0.8526028990745544,3.3715734481811523,0.07526244401931764
-2.407763719558716,5.310881614685059,0.0807832384109497
1.2253936529159546,2.959472894668579,0.2265944051742554
-1.3323109149932861,2.4878103733062744,0.04436966180801394
2.6037964820861816,2.60205340385437,0.05498747229576112
-0.11287009716033936,2.588047981262207,0.06167495250701904
-0.4875172972679138,4.875373840332031,-0.17203951358795166
3.904975414276123,4.659665107727051,1.2110098218917846
-4.316983699798584,3.015584945678711,-0.27820906400680545
0.8171792030334473,2.355952739715576,-0.20008390188217162
0.23705022037029266,3.9193661212921143,-0.28189275741577147
1.936926245689392,0.17433112859725952,0.25746142864227295
-2.9976565837860107,2.537984848022461,0.06333491325378415
-2.7954676151275635,8.002863883972168,0.08150119304656983
-0.59488445520401,7.200674057006836,-0.30835567355155946
-4.666243553161621,3.0038561820983887,-0.20435304522514341
-1.6255334615707397,1.7999591827392578,-0.1919996690750122
-2.7243728637695312,3.4530181884765625,-0.2504571914672852
-2.3719635009765625,4.610621929168701,-0.11114354133605958
-3.4575369358062744,5.644270896911621,-0.055389518737792964
2.0334959030151367,4.281888008117676,0.8199191570281983
0.7831799983978271,2.7508842945098877,0.005978868007659899
1.301048994064331,2.811997890472412,-0.24129060745239259
4.689694881439209,5.117501258850098,1.027786045074463
2.6928281784057617,-1.1681004762649536,-0.44383819580078127
4.5414228439331055,5.329872131347656,1.6329414749145508
-1.0945254564285278,0.33786043524742126,0.22904883861541747
0.7323001623153687,2.849668502807617,-0.16883900165557864
-0.932622492313385,3.609890937805176,-0.1868179702758789
0.801514744758606,3.7288429737091064,-0.40455806732177735
-0.30088913440704346,1.770473837852478,0.008711532354354845
0.5629858374595642,4.180174827575684,-0.09711777925491333
-2.0035407543182373,7.746572494506836,-0.38267299652099607
1.6678686141967773,7.617110729217529,-0.11409020781517026
2.7995097637176514,3.4498677253723145,-0.07335228681564332
9.23112964630127,3.120584726333618,-0.167136470079422
1.1353858709335327,0.5084847211837769,0.25923561573028564
3.4212398529052734,6.183687686920166,0.6455727863311768
0.2826559543609619,1.6694620847702026,-0.48251354217529296
-1.0838078260421753,3.5792930126190186,-0.11182117462158203
1.1371865272521973,4.582245349884033,-0.39823699951171876
-0.1834687739610672,1.0703412294387817,-0.11102807998657227
7.836148738861084,2.590484380722046,0.4189520359039307
1.1344406604766846,3.1958415508270264,0.05092155575752261
2.612187623977661,-1.5487509965896606,-0.2577955710887909
2.1993138790130615,3.1353092193603516,-0.16477294087409972
5.689647674560547,4.2582926750183105,0.40605625629425046
0.7721601724624634,2.1941070556640625,-0.4554827880859375
0.19124901294708252,4.206883430480957,-0.32012256622314456
0.7657760381698608,8.037997245788574,-0.5263631439208984
3.378539800643921,4.690942287445068,-0.1789697444438934
-1.0817605257034302,2.5535833835601807,-0.15563250541687013
3.110748767852783,2.289013147354126,-0.40875877380371095
1.1662899255752563,5.62816047668457,-0.2864678955078125
-4.206630229949951,4.172468185424805,0.08650025725364685
4.573693752288818,6.2931084632873535,1.121593132019043
-0.18400712311267853,1.8017269372940063,-0.2762319183349609
1.6486254930496216,4.859560012817383,0.34350330591201783
3.183274984359741,6.667525768280029,0.3671052694320679
4.319757461547852,4.7711381912231445,0.7616225004196167
0.2534051239490509,2.5324859619140625,-0.374879264831543
-2.341348648071289,7.687839031219482,-0.32526424407958987
-1.6859889030456543,3.3512630462646484,-0.4604829788208008
4.6869797706604,4.507828712463379,1.202077531814575
-0.23275896906852722,-0.08704548329114914,-0.1756509292125702
-4.09647274017334,3.2953622341156006,-0.3053258323669434
3.6135196685791016,4.604259490966797,0.33394967555999755
0.5198354721069336,5.037653923034668,1.2006687831878662
8.055032730102539,5.4023590087890625,-0.09578681468963623
-3.852416753768921,3.859039545059204,-0.43238555908203125
-3.1375114917755127,6.827183246612549,-0.32301016390323634
-3.532252550125122,7.6351470947265625,-0.4981721878051758
4.550238609313965,2.9713454246520996,-0.3978412282466889
4.018259525299072,2.521252393722534,0.21587285041809084
-0.7398483157157898,0.42953935265541077,0.2094256019592285
3.7480757236480713,3.9875354766845703,0.08306526660919189
-1.969544529914856,7.328145980834961,-0.4236616516113281
7.7024245262146,5.629390716552734,-0.01326808571815491
0.23741252720355988,4.813952922821045,0.5260514259338379
-1.4591467380523682,3.451413154602051,-0.1089305329322815
2.074371814727783,5.608577728271484,0.23871804714202882
1.1748734712600708,1.594820499420166,0.00351987004280091
1.7166870832443237,4.894465446472168,0.3954102635383606
-4.244929790496826,2.4201228618621826,-0.23144174814224244
3.161212205886841,4.315939903259277,0.13731620788574217
1.4824715852737427,3.282320022583008,-0.42183212280273436
4.052908897399902,2.3639438152313232,0.1523224115371704
2.5162482261657715,1.7175145149230957,0.20336056232452393
3.6458992958068848,4.61284875869751,0.8057528495788574
-3.5475914478302,2.9709224700927734,-0.22078248977661133
2.719372510910034,3.2483787536621094,-0.1001054215431213
2.4167251586914062,2.458237409591675,-0.3300031661987305
-1.0680177211761475,3.2862608432769775,-0.2677080726623535
3.615722179412842,2.077824592590332,-0.26655203640460967
-1.3021519184112549,1.9810842275619507,-0.3553170394897461
6.245117664337158,4.703317642211914,0.29706133365631104
-4.465287685394287,2.689175844192505,-0.12481029748916628
2.691521406173706,4.099494457244873,0.8300759315490722
-3.023948907852173,5.805800914764404,-0.39420291900634763
3.2947545051574707,-1.697519302368164,-0.4962859344482422
-3.751976728439331,3.544145345687866,-0.1628309440612793
1.8866301774978638,1.9892607927322388,-0.06905278682708738
-0.9035807847976685,1.7513686418533325,-0.4212944030761719
4.001705169677734,4.994751453399658,0.8510018730163574
7.578315258026123,4.868499279022217,-0.03997931241989133
3.0275490283966064,2.559319019317627,-0.34564689636230467
6.92070198059082,4.500986576080322,0.2120004737377167
2.876980781555176,5.286358833312988,0.7710747337341308
-4.1725969314575195,2.4897425174713135,0.3010559368133545
1.6526906490325928,2.6791114807128906,-0.3500626373291016
-4.296203136444092,3.601375102996826,-0.1672364139556885
2.701204299926758,2.819220781326294,0.8858573865890502
3.495746374130249,4.806694030761719,0.474481360912323
4.306468963623047,5.660834312438965,0.7013964176177978
2.946258068084717,0.45535269379615784,-0.14375221788883208
-2.943997621536255,8.944701194763184,0.6185358214378357
-1.542771816253662,2.0029420852661133,0.2374253273010254
1.0761289596557617,2.038736581802368,0.1124432134628296
-2.4876949787139893,2.3671579360961914,0.10217491388320923
3.643663167953491,4.040440082550049,0.9267285776138305
-3.727060079574585,2.3047444820404053,-0.31865282893180846
3.0914900302886963,3.9596285820007324,1.2287380695343018
6.397768020629883,3.2640388011932373,0.0018854928016662775
-2.690697193145752,8.767993927001953,-0.3000659942626953
2.067878007888794,5.053631782531738,-0.22190949201583865
-2.794504404067993,8.6192626953125,-0.36746902465820314
4.064110279083252,7.510402679443359,0.5726108455657959
3.661043643951416,3.740112066268921,-0.2875592815876007
0.6873753666877747,1.1088457107543945,-0.549835319519043
-1.6371924877166748,0.36923328042030334,-0.15775802850723264
2.912527084350586,-0.3025401830673218,-0.2664806568622589
4.031019687652588,2.8292250633239746,0.62910236120224
2.2541403770446777,2.5663387775421143,-0.47697628021240235
1.196163535118103,5.5559983253479,-0.28111140966415404
3.800835371017456,5.44870662689209,0.42378087520599367
-2.6322481632232666,6.6836161613464355,-0.04058907747268675
-2.235255479812622,3.1071932315826416,0.0008090114593505837
-3.3665378093719482,5.2735676765441895,-0.2484111839532852
1.8416000604629517,-0.490259051322937,-0.033970994949340805
4.682377815246582,5.46510124206543,0.9452149629592895
-3.1359686851501465,3.0043272972106934,-0.24902338027954102
4.240049839019775,5.149656772613525,1.5200360774993897
3.2699878215789795,2.5056207180023193,-0.2847441244125366
2.6107091903686523,7.773405075073242,0.2943399858474731
1.3279967308044434,1.0776584148406982,-0.3879181671142578
-2.4786176681518555,1.9131360054016113,-0.3679643249511719
1.591592788696289,-0.2160235345363617,-0.49840015411376953
-4.0191168785095215,2.5629096031188965,-0.23426436483860014
0.5310209393501282,2.133153200149536,-0.3025413131713867
0.824583888053894,2.119317054748535,-0.06113247990608217
1.559337854385376,2.3216328620910645,-0.19613600134849546
1.4049732685089111,4.9219279289245605,0.7628235626220703
-3.1965529918670654,7.458417892456055,0.3854335880279541
4.078191757202148,5.257288455963135,0.5977932357788086
-0.22375988960266113,2.5400431156158447,-0.37754215240478517
1.8875983953475952,3.88230299949646,0.17313232183456423
-0.4307335317134857,4.465391159057617,-0.28161885738372805
1.7429707050323486,2.1307857036590576,0.21046878576278688
-3.491196393966675,2.848675012588501,-0.29351306915283204
4.074540615081787,6.343169689178467,0.3467832088470459
-2.900843620300293,8.514302253723145,-0.2395446276664734
2.0916972160339355,5.927557945251465,-0.2088156479597092
7.750877857208252,5.39813756942749,-0.2843514060974121
2.7170305252075195,1.9931994676589966,-0.07173108220100399
3.2452776432037354,4.904183387756348,0.03945800781249997
4.451722145080566,3.2039737701416016,-0.31088741302490236
1.8577321767807007,3.0304150581359863,0.5263126420974731
-2.562678098678589,3.6400561332702637,-0.15543187260627744
-4.985050678253174,3.305457592010498,-0.12030326604843139
1.7045202255249023,1.37861967086792,-0.38364681243896487
4.0893754959106445,3.7950987815856934,1.1161121368408202
-2.1673007011413574,3.1935412883758545,-0.16204103469848632
0.09580513834953308,2.324239492416382,-0.1360160553455353
-2.669621706008911,3.3821630477905273,0.28056090116500854
5.2159104347229,5.533618450164795,1.1055226993560792
-1.929882526397705,3.909714698791504,-0.37318313598632813
-1.6813278198242188,4.10844087600708,-0.3281465148925781
2.8656575679779053,4.103671073913574,0.3637975478172302
3.3699071407318115,3.2530019283294678,0.16431224942207334
3.8020637035369873,4.671494483947754,0.884106674194336
2.1613757610321045,4.367048740386963,-0.004264404773712149
6.962843894958496,4.557560443878174,-0.2021627616882324
-0.1774108111858368,2.7341361045837402,-0.4860009765625
1.563055157661438,2.5742673873901367,-0.11873671174049377
2.0107476711273193,1.772759199142456,-0.09593254804611206
-2.513140916824341,4.072908401489258,-0.05980156362056732
7.979548931121826,2.6827328205108643,0.02021108150482176
4.066323280334473,4.984396457672119,0.9493331670761108
2.03031325340271,3.139394521713257,-0.39786510467529296
-0.28886082768440247,0.8905474543571472,-0.14302479147911074
-1.7396385669708252,1.6268846988677979,-0.07029559135437013
-3.407165765762329,7.086435794830322,-0.16407384991645813
-5.234434604644775,2.607343912124634,-0.267082941532135
3.4842941761016846,3.9149439334869385,0.07850777626037597
2.095038414001465,4.0894317626953125,-0.23545292496681214
3.034503698348999,2.435767412185669,-0.25560807347297665
0.250820517539978,4.059670925140381,-0.03046882987022398
-1.8580037355422974,6.573758602142334,0.05092757701873779
3.2480227947235107,2.8797788619995117,-0.17428986191749574
-0.4559224247932434,4.962023735046387,0.4256923198699951
4.085512638092041,5.224399089813232,0.8583960676193237
-3.0703768730163574,6.310848236083984,0.18783767700195314
4.1029133796691895,2.2616465091705322,-0.15661667227745057
2.9826581478118896,4.817375659942627,0.09239454984664919
2.9964776039123535,4.457106113433838,0.6763180160522462
-4.585968017578125,7.434910774230957,-0.004587379693984983
-2.290184259414673,9.227006912231445,0.3396059846878052
2.588832378387451,2.2824223041534424,-0.5812557220458985
8.487988471984863,4.323437213897705,0.6594665193557739
-1.4011976718902588,2.752526044845581,-0.1485335719585419
-0.6188482046127319,3.173698902130127,-0.09298353672027587
5.688697338104248,4.564973831176758,-0.3415155029296875
-2.479168653488159,2.916198492050171,-0.19182663917541504
2.2595388889312744,7.327739238739014,-0.0756887400150299
3.897427558898926,4.570422172546387,1.5162534141540527
-1.0142176151275635,2.953644037246704,-0.28896537780761716
1.568332314491272,2.6307263374328613,-0.1327933520078659
3.2832272052764893,5.610794544219971,1.2729467916488648
-4.782530307769775,2.538306951522827,-0.3825641632080078
2.958258867263794,4.029240608215332,-0.06146031618118286
3.9090006351470947,4.710197925567627,0.7185798025131225
-1.2891484498977661,2.6637651920318604,-0.1343608796596527
-4.319178581237793,3.7969417572021484,-0.18027091026306152
-4.181726455688477,2.3904213905334473,-0.3822238159179687
3.191852331161499,2.79072642326355,0.037392685413360605
-1.7958765029907227,2.6398067474365234,-0.18048797607421874
-3.1977016925811768,6.479005336761475,-0.35076683044433593
6.901457786560059,3.0318069458007812,-0.007084558010101327
-3.3699727058410645,1.8816816806793213,-0.11668236911296842
1.8893394470214844,2.7740256786346436,-0.2548495900630951
0.46597379446029663,2.5353124141693115,-0.36732379913330077
2.0464439392089844,3.8144726753234863,-0.3803470230102539
-0.4580579996109009,5.698288440704346,0.07664841890335083
9.871387481689453,5.2654924392700195,-0.33058266460895536
0.674791693687439,3.1593470573425293,0.054533674716949476
-2.4052746295928955,5.235739707946777,0.11302170276641843
-1.5481438636779785,3.3653476238250732,-0.4279170608520508
3.809936761856079,4.676029205322266,0.6766059923171996
2.9908761978149414,2.364816427230835,-0.031758444309234635
3.1482906341552734,4.2644524574279785,-0.4140747833251953
-1.959917664527893,9.742193222045898,0.39833750247955324
1.0123274326324463,0.44732359051704407,-0.44307823181152345
2.177271604537964,4.829360485076904,-0.22487582206726076
-1.9454271793365479,10.466744422912598,0.18212735414505005
-1.9905667304992676,4.021152019500732,0.08070521950721743
7.756402015686035,5.187578201293945,-0.37300987243652345
-2.8130300045013428,3.833371162414551,1.3158453464508058
2.018554210662842,1.5754903554916382,-0.06724102258682252
-3.8215935230255127,6.454184055328369,0.07762781620025636
2.690136194229126,3.6490108966827393,-0.1922567653656006
-1.4250984191894531,2.6431729793548584,-0.15453729271888733
-3.6082804203033447,7.029603004455566,-0.3271978759765625
4.098994255065918,5.647730350494385,0.9044229125976563
-0.5455343127250671,2.1331136226654053,-0.23610112071037292
-2.6309244632720947,3.8859071731567383,0.41005034923553463
-0.010712089948356152,-0.06502795964479446,-0.12998523712158203
-4.759026050567627,3.089447259902954,0.07517436981201175
-0.24191612005233765,3.7242016792297363,-0.4323651123046875
1.3042856454849243,4.477579116821289,-0.12646348237991334
4.078863620758057,5.034079551696777,1.1076485013961792
1.2306668758392334,-0.09315911680459976,0.14979187846183778
-2.168325901031494,3.378260850906372,-0.25712377548217774
3.3081514835357666,3.405672550201416,0.030983986854553225
4.7022705078125,5.317318439483643,0.8180010461807251
-2.408135414123535,2.70702862739563,0.242463219165802
3.080479621887207,3.612555980682373,-0.030824314355850202
0.5497542023658752,4.094104290008545,-0.268238525390625
2.952687978744507,5.1285080909729,-0.015993890762329155
1.25649094581604,4.186054229736328,0.0487689244747162
0.36130544543266296,2.6405420303344727,-0.46752410888671875
-3.6432478427886963,8.13243293762207,0.02268277645111083
-0.7605034708976746,3.4567928314208984,0.08241870522499084
1.3435609340667725,0.051487997174263,-0.29326051712036133
-0.5034369826316833,1.256129503250122,-0.21581697463989258
1.5227596759796143,2.596501350402832,-0.09700459361076352
-1.7785762548446655,5.699573993682861,-0.42207233428955077
-0.0019596803467720747,3.291184902191162,-0.299712085723877
0.5579955577850342,2.3303234577178955,-0.408974723815918
-0.19204819202423096,1.4881236553192139,-0.35776354432106017
-1.2428351640701294,2.347458839416504,-0.5153293609619141
9.188751220703125,3.046175956726074,-0.034341754913330025
-1.4315476417541504,6.897925853729248,0.06611772060394289
3.2479617595672607,1.7564136981964111,-0.04568859100341799
2.9338722229003906,2.677767753601074,-0.13557853996753694
-2.6859235763549805,6.7025017738342285,-0.10431644439697263
4.149682998657227,2.276280403137207,-0.010606232881545996
1.8394440412521362,0.5777482986450195,0.21156233310699463
2.7313761711120605,2.3115506172180176,-0.034993959665298446
-1.0326237678527832,3.2183632850646973,-0.3890647888183594
-5.123692512512207,3.014254093170166,-0.4115117645263672
2.6470563411712646,4.906742095947266,0.17103502035140994
4.145143032073975,5.157778263092041,1.6651186561584472
0.2854258120059967,2.9574992656707764,-0.4997763824462891
-3.1115031242370605,6.6526899337768555,-0.37673276394605637
4.753787040710449,2.310142755508423,-0.3464443969726563
-4.477750301361084,7.112416744232178,-0.31496238708496094
3.5605483055114746,5.0814528465271,0.20248624563217166
-0.21301795542240143,2.609919786453247,-0.3800518798828125
-0.2362247258424759,2.3855888843536377,-0.18859127044677734
-1.328679084777832,8.402788162231445,0.0494031286239624
0.1677776575088501,1.6795704364776611,0.7762253284454346
-2.6880617141723633,8.456938743591309,-0.47133544921875
3.2819433212280273,3.4374217987060547,0.2153086805343628
-3.5438098907470703,8.4534273147583,0.015227298736572248
3.213167905807495,5.526504039764404,0.3361100769042969
-2.2830095291137695,8.675628662109375,0.33071199893951414
-0.8160327672958374,0.6392059922218323,0.025567667484283463
0.10209839791059494,1.4951196908950806,-0.2960459518432617
-2.734107494354248,8.69775104522705,-0.26318020522594454
-2.007467031478882,2.373980760574341,-0.058967410326004055
1.9398343563079834,5.996407508850098,-0.11109455943107605
5.353174686431885,6.227217197418213,1.4640635204315187
1.3995471000671387,2.9041223526000977,-0.2983049201965332
5.1242451667785645,6.757874488830566,0.9940426874160766
5.862067222595215,3.0871310234069824,0.4254883337020874
0.4406076967716217,3.2601447105407715,0.06092836022377013
-3.977993965148926,6.002902507781982,-0.4220491027832031
-4.275894641876221,7.280257225036621,0.1815693271160126
4.178445816040039,5.728009223937988,0.9323238611221314
4.1850810050964355,5.1845011711120605,0.6351094961166381
-5.185096740722656,3.6596548557281494,-0.18949814677238463
4.206642150878906,6.178430557250977,0.7375325441360474
1.8803584575653076,2.598939895629883,-0.19261508464813232
4.760025978088379,6.141456604003906,0.5993408679962158
3.277125120162964,3.0307583808898926,0.45417925596237185
-3.4395291805267334,5.806200981140137,-0.4106716537475586
4.585009574890137,3.953019380569458,0.9075712871551513
0.4865643084049225,3.876850128173828,-0.43952667236328125
-2.311795473098755,5.110768795013428,-0.3761412048339844
2.713489055633545,-1.8121321201324463,-0.054360017776489244
2.451809883117676,-0.4596400558948517,-0.10076119005680084
0.1095859631896019,2.6677215099334717,0.09197266459465026
-1.4528543949127197,2.3174519538879395,-0.27488859176635744
2.78955340385437,6.986846446990967,-0.10026823401451113
0.8828216791152954,0.3341442346572876,0.20989365458488465
4.667411804199219,2.302938938140869,0.18497435569763182
9.651086807250977,5.345160007476807,0.14264616966247556
7.44398832321167,4.5502119064331055,-0.421347541809082
5.399453639984131,6.083107948303223,1.177714195251465
0.2464490681886673,1.5369032621383667,-0.40936042785644533
-3.6720223426818848,2.6250863075256348,-0.23397036075592037
2.8407039642333984,3.349123477935791,-0.02233435869216921
2.0695250034332275,2.8780460357666016,-0.12758493065834048
-1.723763346672058,3.809900999069214,-0.006577857732772807
0.36485859751701355,2.6305954456329346,0.026136637926101658
-3.1796393394470215,3.6530723571777344,0.8260054779052735
3.7019615173339844,2.0437254905700684,0.36821038722991944
-1.0660274028778076,2.927431583404541,-0.3833502960205078
4.293868541717529,6.1475043296813965,1.1927074909210205
-1.9167077541351318,4.71890926361084,-0.25281118869781494
3.027191638946533,2.130223274230957,0.3451100254058838
-3.313305616378784,6.36281156539917,0.4284568023681641
2.580008029937744,4.849654197692871,0.5482927036285401
2.8116214275360107,3.1819281578063965,0.7303273105621337
0.6335314512252808,1.9229966402053833,-0.32206973731517796
2.2334394454956055,-1.4575916528701782,-0.39009517669677735
3.426405191421509,7.777143955230713,0.33246856689453125
-2.799171209335327,3.9588682651519775,-0.44854724884033204
0.88443523645401,0.43038928508758545,-0.10800695896148682
-4.458400249481201,7.606321811676025,-0.020064281225204456
-0.5819778442382812,3.120882511138916,-0.3967085647583008
-2.6011557579040527,8.93405818939209,-0.023487652540206905
-3.189474105834961,4.674235820770264,-0.45182846069335936
-3.9376254081726074,6.372568130493164,-0.43849472045898436
1.8906854391098022,-0.6840280294418335,-0.23369233489036562
1.1594302654266357,1.3938782215118408,-0.22129965603351592
0.9467683434486389,0.7739672660827637,0.10535067081451416
0.670943021774292,2.571721315383911,0.041399558782577506
-4.714596271514893,3.657543897628784,0.9101544857025147
0.8195317983627319,1.5655393600463867,0.04532082796096801
-1.3016891479492188,5.727794647216797,0.1548636555671692
2.5165369510650635,-0.7484651803970337,-0.441784553527832
1.5544850826263428,4.402516841888428,-0.4007670211791992
-4.450887680053711,7.167594909667969,-0.3336154556274414
3.286412477493286,3.8216261863708496,-0.09299031138420105
3.407918930053711,4.628436088562012,-0.27356964349746704
-1.2667714357376099,0.3534960448741913,-0.25363597869873045
8.004182815551758,5.3483662605285645,-0.10704772114753724
-1.1826103925704956,3.0079431533813477,-0.4409290313720703
-4.255610466003418,3.9268620014190674,-0.005935859680175792
5.973015308380127,4.621613502502441,-0.0015480291843414373
1.5633825063705444,2.8463964462280273,-0.2444944101572037
-2.4791371822357178,5.250375270843506,-0.08052410721778869
-3.666419506072998,6.43682336807251,-0.4966326904296875
-2.1078977584838867,3.058326005935669,0.12355403542518617
3.4709908962249756,2.113085985183716,0.299190616607666
1.240012526512146,2.682558059692383,-0.12960115194320676
-3.714960813522339,9.19810962677002,-0.19819572806358338
7.37025260925293,3.3512372970581055,-0.3739292526245117
0.47228607535362244,2.5998902320861816,-0.4255188751220703
4.391739845275879,4.999653339385986,0.5554308032989502
-3.1053428649902344,7.300835132598877,-0.08209178686141971
4.46964168548584,5.487717628479004,0.9882005214691162
-2.4656693935394287,2.5230040550231934,-0.22579690456390378
-2.6308228969573975,3.673793315887451,0.014052107334136976
2.154061794281006,3.3779990673065186,-0.2514670091867447
6.008984088897705,3.6228644847869873,0.7259846591949463
1.2881144285202026,2.134195327758789,-0.17106759786605835
7.448144435882568,4.183142185211182,-0.268766918182373
2.959345817565918,5.876552581787109,-0.06442623615264897
4.34110164642334,5.643572807312012,1.5329785871505737
-2.5542140007019043,2.4628984928131104,-0.5341601181030273
3.685476541519165,2.3665518760681152,-0.26919187426567076
-3.5373730659484863,8.284497261047363,-0.45437145233154297
0.911543071269989,2.839430570602417,-0.3531020736694336
-2.754518747329712,3.044356346130371,-0.1873863559961319
-1.897232174873352,5.146574974060059,-0.03633289337158202
-2.860063076019287,2.795564889907837,0.06390449523925779
3.9174230098724365,2.10164737701416,-0.29780060589313506
4.798529148101807,6.203237533569336,1.5111791133880614
3.385425090789795,5.235468864440918,1.0128977870941163
2.198120594024658,3.6930103302001953,0.1680896782875061
1.5982517004013062,2.525028705596924,-0.14147092938423156
2.5592691898345947,2.7313008308410645,0.1787894821166992
-1.303836703300476,2.4881842136383057,-0.19318283438682554
-2.974332332611084,2.9051759243011475,-0.12486995995044708
0.5480279326438904,0.029935816302895546,-0.2643019151687622
3.2969906330108643,2.9621119499206543,0.09465389966964721
3.764056921005249,5.838366985321045,0.7504354667663574
0.7464373111724854,2.244041919708252,-0.06214139461517332
-2.413640260696411,1.5747274160385132,-0.47066656708717347
-0.2042853832244873,2.2495615482330322,-0.3887321853637695
3.005476713180542,0.1251581609249115,-0.19012056708335878
0.10659889131784439,0.7425076365470886,-0.011708183288574203
2.9280757904052734,4.389054775238037,1.2136215209960937
3.9155044555664062,2.0887787342071533,-0.021978273391723646
3.233250379562378,5.316290378570557,0.2090062189102173
3.9592549800872803,2.235110282897949,-0.3135236740112305
-3.400648355484009,7.706482410430908,-0.28050641536712645
2.6084465980529785,4.388601779937744,0.943180079460144
7.422216415405273,2.8003954887390137,0.29244805812835695
-2.3461759090423584,5.183101177215576,-0.1261894428730011
4.271177291870117,3.292205572128296,0.7986057281494141
7.807369709014893,5.205478668212891,-0.10007137298583985
-3.8248770236968994,3.5312273502349854,-0.12670494794845583
-2.8635377883911133,7.410045623779297,-0.34727203369140625
-0.30966195464134216,1.7880192995071411,-0.09117261826992035
-3.7891077995300293,6.933181285858154,-0.2874909168481827
7.522968292236328,4.4150390625,-0.3490346145629883
-3.69216251373291,6.451959609985352,-0.3761180877685547
2.222278356552124,1.8812865018844604,-0.38813804626464843
4.737685203552246,4.928178787231445,0.8784970617294312
1.349802851676941,-0.07653038203716278,-0.305233268737793
-0.6491384506225586,2.6859517097473145,-0.3311573028564453
-2.5539321899414062,3.1128993034362793,-0.3496060562133789
2.0693328380584717,2.5856359004974365,0.18054102897644042
0.7363362908363342,3.4804162979125977,-0.3624732208251953
-1.2573914527893066,1.558130145072937,-0.23868798375129702
-4.535346984863281,7.228142261505127,-0.3538199996948242
5.347438335418701,4.379928112030029,0.897463412284851
4.298226833343506,5.048267841339111,0.9793014669418335
3.4066178798675537,3.179333209991455,0.5055304527282715
4.953612327575684,6.518572807312012,1.0620348834991455
1.2115503549575806,1.4571149349212646,-0.3392162704467773
-1.7813503742218018,0.2500000596046448,-0.24351539492607116
5.480266094207764,5.123692512512207,0.5990962266921998
0.7723684310913086,3.1644554138183594,-0.06098811984062197
-3.881247043609619,3.7845966815948486,0.039447578191757204
3.6576786041259766,5.578022003173828,0.3926434326171875
-2.5999457836151123,9.542963027954102,0.3017553639411926
1.6677480936050415,2.6717875003814697,-0.5147622680664062
1.8135818243026733,5.110040664672852,0.6583441019058227
0.42514070868492126,2.2635905742645264,-0.4174576950073242
3.3349733352661133,1.9851908683776855,-0.3737537384033203
1.2881532907485962,2.1660172939300537,0.11466540336608888
-3.676708221435547,3.5469369888305664,0.40653710365295415
5.262567520141602,5.8261542320251465,1.5503192329406739
0.4802204966545105,1.910614013671875,-0.17453121900558471
2.4198594093322754,3.0684423446655273,-0.2411123979091644
3.6671864986419678,2.8149607181549072,-0.09087851643562317
0.21666565537452698,4.41103458404541,-0.40467838287353514
4.092711448669434,3.844815492630005,0.2826123905181884
4.2465291023254395,4.709691047668457,0.20535269021987917
3.8851068019866943,7.722630500793457,-0.21046070218086244
0.7541623115539551,4.484098434448242,-0.30050973773002626
2.815483331680298,1.8353877067565918,-0.05629937767982485
-1.0395987033843994,1.303287386894226,-0.26251633405685426
-3.9844298362731934,3.1415321826934814,-0.3990218353271484
-3.822275400161743,8.178874015808105,-0.07682306647300718
-1.7515301704406738,2.4997732639312744,-0.325987663269043
4.89480447769165,6.529553413391113,0.13383433341979978
5.2831854820251465,5.812981605529785,1.287879147529602
-0.7299959659576416,3.052137851715088,-0.4341075897216797
7.101944923400879,3.978423595428467,0.07080883860588072
2.2900779247283936,2.230320930480957,-0.1601043689250946
2.3105363845825195,2.404670000076294,-0.3616810989379883
-0.15735457837581635,0.6192094087600708,0.46034749269485475
-0.9557521343231201,3.0783135890960693,0.27671446800231936
3.3076305389404297,3.775949716567993,-0.18038719177246093
3.9721972942352295,2.019686222076416,0.5465050840377808
2.298217535018921,2.2093679904937744,-0.3332040786743164
0.7898091077804565,3.8296990394592285,-0.4813038635253906
-2.164844036102295,8.761643409729004,0.024734139442443848
4.221004486083984,5.849498271942139,0.68721519947052
-3.710275650024414,6.673227787017822,-0.013575934171676629
-3.3644487857818604,2.450779676437378,-0.17525570034980775
4.307097434997559,5.52440071105957,0.2711089301109314
-3.162999391555786,2.3841872215270996,0.4215205931663513
3.460024356842041,5.375511169433594,0.501826467514038
4.752326488494873,5.909554481506348,1.2417481803894044
0.3462328016757965,1.522524118423462,0.2443516147136688
-3.2933716773986816,3.9373221397399902,0.07635098576545718
2.494426965713501,4.282491683959961,-0.2192894572019577
4.684269428253174,4.912144660949707,0.9400352668762206
2.838113784790039,1.4315896034240723,-0.24362933874130244
2.0315639972686768,2.245039463043213,-0.394727897644043
-2.381789207458496,2.573753833770752,-0.42422077178955075
-1.2186810970306396,2.373776435852051,-0.029465861320495612
4.458637714385986,2.5135161876678467,-0.19486757397651672
3.2940025329589844,4.228731632232666,0.8632330417633056
-0.042402833700180054,2.3965694904327393,-0.17812597513198852
0.44824108481407166,2.2545180320739746,-0.22590027749538422
-0.13626332581043243,2.96164870262146,-0.06662473201751706
1.4105981588363647,2.2623565196990967,-0.5014476013183594
3.850865602493286,5.557600021362305,1.2392669677734376
5.248200416564941,3.304636001586914,-0.12402239322662356
0.9910850524902344,0.3979371190071106,-0.33602615356445314
1.5775028467178345,1.9929429292678833,-0.3880366897583008
3.403848648071289,4.802271842956543,1.1588390636444093
2.0134685039520264,3.0971968173980713,-0.39547138214111327
1.6654843091964722,2.754626989364624,-0.1935127931833267
3.501248836517334,4.8560357093811035,-0.30626775503158565
1.4643492698669434,2.7207067012786865,-0.02979577660560606
3.7181782722473145,6.374176025390625,0.849662857055664
0.577096700668335,3.2184152603149414,0.213707172870636
1.4906624555587769,2.672447443008423,-0.18316697776317598
3.257875442504883,5.213979244232178,0.19476150035858153
3.6581015586853027,6.056220531463623,1.103669605255127
-1.9960159063339233,3.3289339542388916,0.1268629741668701
1.8256983757019043,4.618880271911621,-0.008953222036361674
1.6020915508270264,3.517148971557617,-0.390043830871582
-1.3315105438232422,2.594160318374634,-0.14463662266731264
7.970372676849365,4.9202046394348145,-0.3662587356567383
-1.3832648992538452,5.131032943725586,-0.10248002052307129
0.1383921504020691,3.702845335006714,-0.00294991016387941
1.0040918588638306,3.587238311767578,0.18057196855545044
-1.6928393840789795,6.483119487762451,-0.08178394794464111
2.604794502258301,0.06404023617506027,-0.5338435745239258
2.7299177646636963,2.153726577758789,-0.03366013884544372
2.205071449279785,1.8586668968200684,0.010484982728958148
3.5506319999694824,3.9357047080993652,0.854256739616394
1.8845232725143433,3.213222026824951,0.009127430915832513
-2.0678391456604004,9.507475852966309,-0.3788542938232422
2.1313202381134033,4.245447158813477,0.47724146366119385
-3.3035671710968018,6.80663537979126,-0.04125249505043027
0.19389355182647705,3.0618674755096436,-0.11704909086227416
0.24526286125183105,0.8876161575317383,0.2621361255645752
-1.8001677989959717,4.7396416664123535,-0.6132582092285156
-3.152095079421997,2.3662943840026855,0.03098167419433595
-3.9867608547210693,7.739226818084717,-0.4004769134521484
1.747900128364563,6.7798357009887695,-0.4434340286254883
0.16355881094932556,3.30846905708313,-0.33886482238769533
0.8331038355827332,4.05509090423584,-0.011813256740570044
7.862875938415527,4.26396369934082,-0.1947992515563965
4.141141891479492,6.730059623718262,0.9748255634307861
7.763053894042969,4.3804802894592285,-0.1350307559967041
0.30569779872894287,0.38449931144714355,-0.20103169441223145
-2.813701868057251,9.226675987243652,0.04578465461730957
3.324483633041382,-0.802963137626648,-0.41732948303222656
4.6761980056762695,5.212009906768799,1.283829116821289
1.3744100332260132,2.601282835006714,-0.25442722320556643
-0.5420477986335754,2.0434935092926025,-0.4065416717529297
1.760805606842041,3.4516897201538086,-0.1706527531147003
-3.95194673538208,7.292422294616699,-0.461729850769043
4.788202285766602,5.1204609870910645,0.8488858032226563
-2.085400342941284,1.8642759323120117,0.0385882580280304
2.326430320739746,-1.4690325260162354,-0.09310522079467776
3.8978075981140137,4.635941028594971,0.5730641746520997
3.3125696182250977,3.033482551574707,-0.2926159906387329
2.072324514389038,3.764519453048706,0.26514813423156736
-1.2273972034454346,3.3854141235351562,0.20048704862594602
1.940294623374939,3.3771002292633057,0.1702150177955627
1.8089594841003418,1.8298288583755493,-0.4510605621337891
0.7657275199890137,1.230696439743042,0.26618959426879885
-3.4250030517578125,4.1937360763549805,-0.3692511689662933
4.128431797027588,6.151800155639648,0.9924912071228027
6.162022113800049,3.052851676940918,0.00983491659164426
1.6774675846099854,-0.14313143491744995,-0.1975090330839157
1.0506123304367065,2.4183928966522217,-0.021025019884109486
-2.297168016433716,2.9543793201446533,-0.38500377655029294
3.1242687702178955,4.203902244567871,0.3800260877609253
4.688904285430908,5.114993095397949,0.8301981830596924
7.578284740447998,4.216104030609131,-0.11531017303466796
2.192786693572998,-1.2444639205932617,-0.33691246032714844
5.220821857452393,3.939034938812256,0.3656868267059326
3.339296579360962,4.0664262771606445,-0.07466688990592957
0.20907706022262573,4.189533710479736,-0.36645484924316407
4.50934362411499,2.263657808303833,-0.08631205320358276
4.022101402282715,2.079909324645996,-0.055680490732193
2.7436068058013916,3.5189692974090576,0.2102597987651825
3.1200544834136963,2.0019657611846924,-0.26680747509002684
0.48100027441978455,2.0542938709259033,-0.43222637176513673
0.3073568344116211,0.1504250168800354,0.31748807668685913
1.6603540182113647,4.200594902038574,0.35769603490829466
-0.6439291834831238,1.8459436893463135,-0.46459232330322264
-1.4871281385421753,9.097067832946777,-0.06438768267631528
1.8759182691574097,1.762980580329895,0.7301252937316894
2.363830089569092,0.14673976600170135,0.16788022994995117
0.9725621342658997,1.3604025840759277,-0.3428205490112305
-1.5423705577850342,9.722723960876465,-0.11396437406539917
3.1867661476135254,4.649998664855957,0.6932602262496947
0.6385317444801331,2.4850711822509766,-0.30378028869628904
4.993995666503906,5.365758419036865,1.1750102519989014
-3.414123773574829,6.810447692871094,0.006727077960967998
-2.2053542137145996,1.74173903465271,-0.35039562582969663
3.5472049713134766,4.194993019104004,1.0437478351593017
0.3754580318927765,2.6554970741271973,0.08742504596710204
3.374744176864624,4.890688896179199,0.7238823127746582
-1.6213690042495728,1.4178954362869263,0.08399827718734743
2.3786325454711914,3.861006498336792,0.46291730642318724
-3.0968167781829834,2.874746561050415,-0.38005802154541013
1.9347094297409058,5.78115701675415,0.4722495746612549
-1.3094968795776367,0.3393997550010681,0.19112540245056153
-3.418215751647949,5.8458571434021,-0.36438392639160155
1.4652864933013916,2.5117907524108887,0.09054821133613589
-0.20954233407974243,6.132312774658203,-0.39519821166992186
-3.4284915924072266,6.313752174377441,0.06290585041046143
2.573955535888672,4.331168174743652,0.11588245868682862
1.5430048704147339,0.7644087076187134,-0.3226827621459961
0.024756764993071556,4.9425368309021,-0.39991976857185363
-4.010760307312012,7.86240291595459,-0.49480571746826174
-0.36925429105758667,0.8061118721961975,-0.4819609069824219
4.795559406280518,5.91526460647583,0.6356582260131836
-4.612349510192871,2.8446755409240723,-0.0466426473855972
1.784635066986084,2.860358953475952,0.032217357158660864
2.867241382598877,1.1330244541168213,-0.5587845611572265
1.8544342517852783,1.5036524534225464,0.15001065492630006
-2.373932123184204,9.727034568786621,0.18203775405883788
0.4263685345649719,3.8854246139526367,-0.2796161460876465
3.3004369735717773,4.886445045471191,0.4827435898780823
2.265403985977173,3.3580379486083984,-0.07370571732521058
3.5750768184661865,4.4447526931762695,0.3518578195571899
-3.4104793071746826,6.655472278594971,-0.04355304121971132
2.224452257156372,2.3592872619628906,-0.3995924377441406
-4.0246100425720215,6.647891521453857,-0.15915966689586641
-0.48598456382751465,3.6964995861053467,-0.4486890029907227
-0.526580810546875,5.916208267211914,-0.3576092529296875
3.578090190887451,4.485341548919678,1.2150203609466552
-2.665477752685547,3.467576742172241,-0.2325951623916626
1.4586747884750366,3.891749143600464,-0.3559067916870117
3.288083076477051,-1.3798454999923706,-0.2707644844055176
-2.334285259246826,9.74657917022705,0.09680713176727296
-0.017980849370360374,4.774625778198242,-0.05429518580436704
3.439465045928955,4.000678062438965,-0.22806687116622926
1.4477028846740723,0.3830830156803131,-0.2994332122802734
0.5294945240020752,2.5588457584381104,0.16236409783363343
5.420263767242432,7.227103233337402,1.0640194606781006
2.7811126708984375,4.1328911781311035,0.4256748104095459
1.751443862915039,2.3764257431030273,-0.30656211853027343
-2.1423542499542236,2.7551376819610596,0.5289901280403138
-0.21810366213321686,1.99351167678833,-0.2190328598022461
0.17881128191947937,1.5415481328964233,-0.10320473492145538
4.6608123779296875,5.615869045257568,0.820153980255127
3.301877021789551,5.114914894104004,0.8433080863952637
4.3806633949279785,4.861018180847168,0.12248736381530761
1.9832755327224731,5.9280853271484375,-0.07144567430019377
1.653021216392517,3.1690945625305176,-0.44788078308105467
3.4534761905670166,6.120489597320557,0.4039397048950195
-0.8915449380874634,3.297619581222534,-0.12643367230892183
2.3786990642547607,4.510369300842285,0.9626910591125488
3.3295981884002686,-1.0220907926559448,-0.45441505432128904
2.9495930671691895,4.769706726074219,-0.06072995662689207
2.5832574367523193,3.9675230979919434,-0.12078042745590212
0.7554466724395752,3.4300034046173096,-0.3367899972200393
6.951226234436035,4.897401332855225,-0.11981830835342405
7.708893299102783,5.377863883972168,-0.3049527430534362
1.5823171138763428,1.785873532295227,-0.42278667449951174
2.337111234664917,3.828099012374878,-0.06255002856254577
3.089552402496338,4.54097843170166,0.9372181749343872
-4.004581928253174,6.721290588378906,-0.09773602366447448
2.977353096008301,6.24575662612915,0.10608987331390385
4.6069231033325195,6.611788749694824,0.8300607919692993
-4.082846641540527,8.852080345153809,-0.20478662848472595
5.220629692077637,5.4797797203063965,0.8720909309387207
2.6105942726135254,-0.04185784235596657,-0.1250687003135681
-1.0124642848968506,3.6732962131500244,-0.10988368749618532
2.8135194778442383,3.4710922241210938,-0.5038273239135742
-2.810793399810791,2.5620949268341064,-0.3193247985839844
-2.47238826751709,3.472676992416382,-0.15626795411109928
1.3875023126602173,3.0644032955169678,-0.20942997217178344
-0.5464462041854858,5.833054065704346,0.0988777208328247
1.3879948854446411,3.666560411453247,-0.004681373834609981
1.674968957901001,2.4731931686401367,-0.2292186552286148
1.403564453125,2.927952289581299,-0.20667305469512942
0.6216792464256287,3.1305973529815674,-0.33023895263671876
2.186607837677002,6.119202136993408,-0.41348114013671877
-1.2855077981948853,5.329118251800537,-0.3359787750244141
-0.035815149545669556,2.3298845291137695,-0.0651357710361481
3.1292953491210938,3.3023576736450195,-0.04985326051712036
2.2878503799438477,2.8990206718444824,0.11287510037422183
1.5243842601776123,5.655097961425781,-0.10816328167915346
0.8701657056808472,3.3459954261779785,-0.31402782440185545
-4.217099666595459,4.336439609527588,-0.3727593994140625
0.6533318758010864,1.289437174797058,-0.09058480739593505
0.2421545684337616,3.3529891967773438,-0.38617481231689454
-0.03199978917837143,1.6630899906158447,-0.37497901916503906
0.6176446080207825,3.6864066123962402,0.03886284351348879
1.0452845096588135,2.0068390369415283,-0.20212484359741212
1.104752540588379,5.447023868560791,-0.4785497283935547
-3.0699374675750732,2.9032256603240967,-0.16401973664760588
1.8261628150939941,9.494098663330078,-0.3010321569442749
0.7606398463249207,1.9541081190109253,-0.309080867767334
1.582623839378357,4.834881782531738,-0.35977787017822266
4.1772918701171875,6.630565166473389,1.3105958414077759
1.7747645378112793,2.864344596862793,-0.44506492614746096
4.017126083374023,4.421928405761719,0.5729912281036377
1.0103904008865356,4.427962303161621,-0.40497520446777346
-3.727734088897705,8.036900520324707,-0.3481793212890625
-0.7954720258712769,1.9773601293563843,-0.4032691192626953
-0.7053350210189819,2.144024133682251,-0.23442771911621094
-4.103516101837158,6.631564617156982,-0.28124509811401366
1.163754940032959,2.3494186401367188,-0.28062530517578127
1.701897382736206,2.4532759189605713,-0.2981653022766113
-3.252166986465454,9.23852825164795,-0.464183349609375
0.9267095923423767,2.6301207542419434,-0.23116834461688995
3.0438034534454346,-1.692481517791748,-0.2616240882873535
-2.292595386505127,9.811546325683594,-0.020903985500335676
2.6241798400878906,-1.781493067741394,-0.32156837463378907
2.160175323486328,2.4701080322265625,-0.32024005889892576
0.009744271636009216,8.829434394836426,-0.4150762176513672
1.3834761381149292,2.872107744216919,-0.26277748107910154
2.2394819259643555,2.349060297012329,-0.35178001403808595
-2.39479398727417,2.3899729251861572,-0.3248193359375
0.5345274806022644,4.342323303222656,-0.09298593521118165
4.66547966003418,3.4682912826538086,0.9158179759979248
4.861717224121094,6.606320381164551,0.9581774187088012
3.8458540439605713,4.898802757263184,-0.19278209865093232
-0.006907573435455561,9.124160766601562,-0.3956740188598633
2.141888380050659,-0.2836196720600128,-0.0010977220535278165
-0.08870679140090942,6.493171691894531,-0.1925792694091797
-0.19840560853481293,2.4206488132476807,0.12225487709045413
-3.8722803592681885,6.654641151428223,-0.5763744735717773
2.111368179321289,5.998297691345215,-0.022575629353523252
0.5719805955886841,2.2180652618408203,0.37630210399627684
0.45654481649398804,3.33243989944458,-0.1682845848798752
2.2186646461486816,4.477307319641113,-0.3188089942932129
4.515218734741211,5.787846565246582,1.2951317405700684
2.8235669136047363,4.799620151519775,0.16254601001739502
-3.3614516258239746,6.651911735534668,-0.37835948944091796
-3.0098116397857666,5.204710006713867,-0.23760164260864258
0.8030866384506226,1.6202795505523682,-0.2876887321472168
-1.1670958995819092,4.183866500854492,-0.424638557434082
-0.22750943899154663,4.090663433074951,-0.34668296813964844
-1.1050889492034912,4.26455545425415,0.0262906801700592
-0.34172478318214417,8.98409652709961,-0.3849861526489258
-0.8342650532722473,5.8152241706848145,-0.38653411865234377
4.3906168937683105,5.043963432312012,0.7950258445739746
-1.245570421218872,2.262990713119507,-0.426736946105957
-0.05789336934685707,4.555604934692383,-0.3346034240722656
1.444703221321106,1.6760852336883545,-0.4021306991577148
2.167351484298706,2.8464715480804443,0.021251146793365483
-1.1095094680786133,4.658453941345215,-0.1443126130104065
0.9031030535697937,4.373472690582275,-0.3379073715209961
2.585636615753174,3.894679069519043,-0.11057366728782653
1.7349969148635864,3.97802996635437,-0.3264587783813477
2.4777793884277344,4.61555814743042,-0.3536348342895508
0.7764028310775757,6.386279582977295,-0.32212982177734373
-0.3427391052246094,3.0351688861846924,-0.37410602569580076
0.11234009265899658,2.7192437648773193,-0.2340222215652466
-0.5727392435073853,2.7076494693756104,-0.08714882850646971
1.6109586954116821,9.189191818237305,-0.03777601540088654
2.4384474754333496,2.738654851913452,-0.3770978546142578
4.247163772583008,3.002744197845459,-0.023401972055435205
2.717757225036621,4.664517879486084,-0.17824001431465147
-4.06341028213501,6.6185407638549805,-0.3970507049560547
4.013892650604248,5.528578758239746,0.9456950569152832
0.29832497239112854,1.0975558757781982,-0.3349102783203125
2.851384162902832,3.997502326965332,-0.32578548431396487
0.9332910180091858,2.6391210556030273,-0.4420635223388672
-3.1033356189727783,3.0293240547180176,-0.1714832651615143
-0.01909060776233673,5.806321144104004,-0.10130673885345459
-0.5244621634483337,3.8206207752227783,-0.21304676055908203
2.0688812732696533,2.433465003967285,-0.1314004075527191
1.3151110410690308,8.433939933776855,-0.3500312042236328
0.8489276766777039,1.6674565076828003,-0.3742397308349609
-5.51174783706665,2.563795328140259,-0.3751094055175781
-3.6503100395202637,6.818854331970215,0.06438215494155886
1.2344022989273071,2.025510311126709,-0.32020477294921873
4.448760032653809,4.84683895111084,0.2129243898391724
-3.494434118270874,7.18524169921875,-0.2206756365299225
-1.7628364562988281,3.415515422821045,-0.11911040186882021
-2.112894296646118,4.909921646118164,-0.30714815139770507
-1.762653112411499,6.346009254455566,-0.4401872253417969
1.2206416130065918,1.7060974836349487,-0.32557559967041017
1.9787704944610596,2.1476428508758545,-0.3755193710327148
2.5990874767303467,1.5735279321670532,-0.4438808822631836
-2.714270830154419,9.59520435333252,-0.3150316822528839
2.727537155151367,2.651866912841797,-0.10793839216232304
-1.6128281354904175,0.136897474527359,-0.27884975433349607
0.48764768242836,3.188877820968628,-0.5049366760253906
-4.346490859985352,3.1830992698669434,-0.38830371856689455
-4.486530303955078,3.040626049041748,-0.21643875122070313
-0.309122234582901,2.2676234245300293,-0.29098474502563476
1.6826508045196533,4.006840705871582,-0.3589613342285156
2.265010118484497,-1.5195482969284058,-0.018701666593551658
1.3964107036590576,2.550615072250366,-0.1260318660736084
-2.123790740966797,9.69621753692627,-0.024161046743392922
-4.359498023986816,7.602705001831055,-0.3883226776123047
-4.246458530426025,6.6402459144592285,-0.41840702056884765
-2.0529301166534424,4.457895755767822,-0.36511329650878904
0.41186094284057617,2.721552848815918,-0.33651229858398435
-0.37244242429733276,2.4434986114501953,-0.07808020651340486
-0.9152097702026367,3.900155544281006,0.06848097920417784
-1.793550968170166,3.004673719406128,-0.37253894805908205
0.5543003678321838,4.247811794281006,0.05597904443740842
-4.268570899963379,7.213035583496094,-0.30386451721191404
-0.15270394086837769,4.816529273986816,-0.25714717864990233
2.5132341384887695,3.8197412490844727,-0.3137981414794922
-1.05108642578125,3.086005449295044,-0.3478879928588867
-1.2544164657592773,6.049483776092529,-0.06119984030723574
1.5395922660827637,4.454419136047363,-0.2096031677722931
4.224882125854492,5.107926368713379,0.8510392189025879
-0.6912441849708557,6.359454154968262,-0.42766685485839845
6.215982913970947,3.6279919147491455,-0.47047996520996094
-1.4216934442520142,5.165340900421143,-0.3190110206604004
-0.9750325679779053,3.3262927532196045,-0.21470699310302735
-2.3394367694854736,3.2348735332489014,-0.15425021111965181
2.1694226264953613,3.2986507415771484,-0.37396331787109377
2.7607977390289307,1.8650333881378174,-0.17304102003574373
-0.33713531494140625,1.675693154335022,0.15155048608779909
-0.23761752247810364,2.090721845626831,-0.39075042724609377
0.010213739238679409,5.24269437789917,-0.35281612396240236
0.8849008083343506,2.3901424407958984,-0.1916628921031952
-2.2622487545013428,9.663603782653809,-0.35764251708984374
2.8034908771514893,3.3135721683502197,0.19659696459770204
-0.07772369682788849,2.412472724914551,-0.23543075561523438
-0.22667460143566132,5.097812175750732,0.008937884569168109
-2.196791172027588,10.147356986999512,-0.06943996191024782
0.07296010106801987,3.3199877738952637,-0.3108551597595215
1.9294254779815674,1.8803542852401733,-0.18898291707038878
-0.8224636912345886,5.4254655838012695,-0.47088966369628904
2.2610456943511963,6.096479892730713,0.2747115969657898
2.438199281692505,4.187699317932129,-0.1980274856090546
1.7770156860351562,8.214674949645996,-0.4038031768798828
-3.333528995513916,8.87352466583252,-0.14732889413833616
-1.2591248750686646,2.8023808002471924,0.04558625936508176
1.5217851400375366,2.4285686016082764,-0.3888311767578125
1.3145991563796997,1.7196763753890991,-0.3903501892089844
-1.417888879776001,1.85942804813385,-0.24333421707153322
-0.5777336955070496,3.4737141132354736,-0.4656124496459961
1.1691497564315796,3.4844796657562256,-0.3355486297607422
-1.3501793146133423,2.624243974685669,-0.31575321197509765
-2.759002447128296,4.089949607849121,-0.2771465492248535
4.842599868774414,5.127350807189941,1.2443776321411133
-0.2593931257724762,2.3201756477355957,-0.04091691613197329
-3.233304500579834,7.647497177124023,-0.12032465338706966
-3.6805152893066406,5.367330074310303,-0.19738283157348632
-3.3599910736083984,8.005977630615234,-0.2935775375366211
-0.5488353967666626,2.9588749408721924,-0.43666576385498046
1.6650574207305908,1.3587735891342163,-0.22024314880371093
1.7541015148162842,2.410829782485962,-0.28212785720825195
-0.9359777569770813,4.1585493087768555,-0.34848579406738284
2.664992570877075,3.431504964828491,0.017471930980682393
-3.298863649368286,7.026708126068115,-0.2701152229309082
1.064110517501831,1.3441102504730225,-0.45909114837646486
9.608834266662598,3.695997953414917,-0.488380126953125
1.7527745962142944,2.2136521339416504,-0.15144488215446472
1.376565933227539,3.6110165119171143,-0.4030660247802734
2.4663033485412598,3.1370136737823486,-0.04139309048652651
1.5020192861557007,3.2556962966918945,-0.33011928558349607
1.1863981485366821,4.1252851486206055,-0.11327484071254729
1.458959937095642,2.254781484603882,-0.06096929430961606
4.288961887359619,6.440225124359131,-0.17505961894989008
-0.6775104999542236,1.7135834693908691,-0.32725872039794923
1.0696262121200562,1.625789999961853,-0.3365728759765625
3.1291229724884033,3.2930588722229004,-0.4366123580932617
5.888577461242676,3.5561273097991943,0.1747323513031006
-1.628924012184143,3.160510540008545,-0.2465813446044922
-2.6399471759796143,1.8018379211425781,-0.2690474319458008
4.141777038574219,5.846933364868164,-0.12720605492591858
-0.7637736797332764,5.958685874938965,-0.02882754325866699
1.7070015668869019,8.156684875488281,0.229343376159668
0.09129881858825684,1.4423164129257202,-0.28705251693725586
-2.483255624771118,7.607654571533203,0.17066379308700563
-1.043500304222107,3.0688018798828125,-0.09745447158813475
1.7963451147079468,1.9932270050048828,-0.3039027404785156
4.51741886138916,2.6137895584106445,0.7640135860443116
0.9160118103027344,3.5827903747558594,-0.12439183831214906
-0.20429594814777374,4.317163944244385,-0.3075628089904785
-0.1750817894935608,4.556401252746582,-0.014781984090805056
2.1337757110595703,2.7049500942230225,-0.29402685165405273
0.36003392934799194,1.16286039352417,-0.05276532411575319
-1.5027037858963013,1.4244251251220703,-0.3470230865478516
1.1644917726516724,1.0854144096374512,-0.20311017751693727
1.5748584270477295,5.146942615509033,-0.17221623003482817
-0.12156979739665985,3.733576774597168,-0.3094645500183105
-2.809553861618042,7.836084842681885,-0.42897228240966795
1.6959049701690674,-0.2610974907875061,-0.300911865234375
-0.41449233889579773,4.29838752746582,0.03918943047523499
2.3252298831939697,6.961756706237793,0.19461847543716432
0.46178731322288513,3.3364293575286865,-0.06429066359996793
3.1073319911956787,-1.9429218769073486,-0.3413162612915039
-3.049926519393921,7.57062292098999,0.22922066211700437
-1.3002465963363647,3.606806516647339,-0.3339101409912109
-2.4423022270202637,9.134764671325684,0.0244299364089966
-0.5364239811897278,4.214786529541016,0.13462488174438475
1.4113914966583252,2.0926401615142822,-0.29874141693115236
-0.8782317638397217,6.810984134674072,-0.4823028182983398
0.11850504577159882,3.2119574546813965,0.37406370639801023
2.354124069213867,2.553788423538208,-0.06769919157028198
-1.968428134918213,0.2740406095981598,-0.3914573287963867
-1.2377264499664307,2.258714437484741,-0.3082759475708008
-3.445852518081665,6.0917558670043945,-0.03175134301185606
0.7393337488174438,4.941123962402344,-0.4282869338989258
1.305691123008728,7.397698879241943,-0.052253283262252814
2.8602371215820312,-2.0656392574310303,-0.21496519088745117
4.688848495483398,5.328829288482666,0.5183287453651428
1.632330060005188,4.234867095947266,-0.27184167861938474
1.9530115127563477,4.145228385925293,-0.4083464813232422
-1.4502787590026855,2.19500470161438,-0.34552120208740233
-4.008025169372559,6.561495304107666,-0.030477080345153784
-1.0159379243850708,6.466791152954102,-0.29420665740966795
-3.8008313179016113,7.129133701324463,-0.014960377216339138
-0.3388460576534271,3.868464708328247,-0.3047890472412109
1.6180989742279053,8.38479232788086,-0.3918370056152344
0.7192696332931519,6.593146800994873,0.2918141460418701
-0.1635899394750595,9.490155220031738,0.09983260512351988
-2.0217647552490234,2.0308003425598145,-0.08877349853515625
2.4762203693389893,7.212915897369385,0.1090692365169525
1.2772138118743896,9.547245979309082,0.08955949187278747
-4.43152379989624,7.423030853271484,-0.18704281866550443
-2.022557258605957,10.036370277404785,0.18757177591323854
-0.1913771629333496,7.213606834411621,-0.01753186702728271
7.977694034576416,2.768918752670288,-0.3629179579019547
0.19243565201759338,2.517277956008911,-0.3813736724853516
3.0020596981048584,5.056819438934326,-0.04935416579246521
-3.122222900390625,8.999452590942383,0.7559731101989746
-2.97538685798645,9.322650909423828,-0.37897548675537107
0.12493844330310822,8.74015998840332,-0.12326432466506959
2.1294357776641846,8.576848983764648,-0.09848650813102722
2.398536205291748,5.566890716552734,0.19533246040344238
3.2809228897094727,7.137446403503418,0.15525675535202027
-0.1295171082019806,3.6803224086761475,0.16230729579925535
2.8212008476257324,4.495347023010254,0.3660792064666748
0.976791501045227,7.001619815826416,-0.08848807573318479
1.659528374671936,5.320735454559326,-0.2949675440788269
-1.341113567352295,6.379541397094727,-0.28463359832763674
1.6168136596679688,7.462058067321777,-0.2756754302978516
-0.9296798706054688,8.703633308410645,-0.0030065965652466
0.3219035267829895,8.853453636169434,-0.2963202285766602
-4.1343817710876465,7.72055196762085,-0.2855837821960449
-0.8751251101493835,9.905962944030762,-0.29023195266723634
-2.365025281906128,6.860778331756592,0.07857213616371156
1.510024070739746,8.58486557006836,-0.3551155090332031
0.5662441849708557,4.26875114440918,-0.05844588279724122
1.020318865776062,5.214024543762207,-0.25616897583007814
-2.3553225994110107,8.887322425842285,-0.3567742156982422
-1.93703031539917,7.669301986694336,0.09489084482192994
0.5667777061462402,7.437133312225342,-0.008531831502914422
-0.2425767183303833,6.879517555236816,-0.19840084195137025
9.923583984375,6.029167175292969,-0.07312175631523132
-3.3681092262268066,8.354268074035645,0.4472865748405457
0.9623894095420837,9.876577377319336,-0.18584740757942197
-2.1744189262390137,6.794235706329346,-0.024659368991851782
-1.7611579895019531,7.5180230140686035,-0.11760378897190094
0.9049373865127563,8.785858154296875,-0.3352083206176758
-5.242016792297363,4.3972883224487305,-0.29181344985961916
3.0333714485168457,8.762906074523926,0.0443078124523163
1.9013075828552246,6.3636155128479,0.195644645690918
-1.4085922241210938,6.873995780944824,-0.17074495315551758
-0.40242040157318115,5.593128681182861,-0.2539762306213379
-0.13402029871940613,6.750986099243164,-0.20525840282440183
-1.1418659687042236,8.231863021850586,-0.2661215019226074
-0.9952953457832336,9.432597160339355,-0.41913040161132814
1.561894178390503,9.276697158813477,-0.17181869983673098
1.6575154066085815,7.960530757904053,0.04039090275764465
-0.17770569026470184,5.897182941436768,-0.2168727946281433
-3.2470932006835938,9.138294219970703,0.39899048805236814
0.14732933044433594,8.873374938964844,-0.3109201240539551
0.5508925914764404,0.17192386090755463,0.10508039712905884
0.6439349055290222,-0.5557279586791992,-0.191324462890625
0.21265184879302979,7.328058242797852,-0.34003993988037107
3.9800140857696533,5.695005416870117,0.5413783979415894
1.7843024730682373,9.390923500061035,-0.3390101075172425
0.5670106410980225,8.966556549072266,-0.43765323638916015
-0.2785090506076813,3.7982873916625977,0.12619341254234315
1.3372926712036133,7.885103702545166,-0.24158384323120116
2.4774580001831055,8.331916809082031,0.26716147899627685
-0.07421081513166428,6.764927864074707,0.052573595046997074
4.436044692993164,2.9010491371154785,-0.3678278350830078
4.07866096496582,6.382697105407715,1.005056848526001
-0.38229817152023315,8.7131986618042,0.16793542861938476
-0.872717022895813,6.201910018920898,-0.20744129180908202
3.2632999420166016,4.4375104904174805,0.34675361633300783
-0.41138017177581787,8.607475280761719,-0.12949612975120545
-1.5628960132598877,10.08165168762207,0.107202490568161
0.8531462550163269,7.718928813934326,-0.3994746780395508
0.16791370511054993,6.7110981941223145,-0.24133485794067383
1.2372016906738281,4.128851413726807,-0.12706348419189453
1.7681994438171387,5.172528266906738,-0.3820256042480469
0.23757301270961761,6.597366809844971,-0.11934988021850586
0.8544256687164307,7.786555767059326,-0.08619173049926758
1.08100426197052,9.857373237609863,-0.34309295654296873
1.4002916812896729,9.848702430725098,-0.13549492955207826
2.990880012512207,-0.01255896594375372,-0.280218505859375
1.3634486198425293,9.367985725402832,-0.20375246107578276
1.312225580215454,0.4901474714279175,-0.08177148818969726
-0.7603490948677063,9.888479232788086,-0.18717094004154206
0.0652632787823677,7.495452404022217,-0.43122867584228514
-0.17806537449359894,4.2635321617126465,-0.2051331329345703
-2.7989895343780518,10.26150131225586,0.20383918046951294
1.1297364234924316,7.834802150726318,-0.3113142204284668
3.323068380355835,7.082897186279297,-0.03276693463325503
0.8708864450454712,8.464986801147461,-0.4468147659301758
1.181544303894043,3.9546308517456055,-0.17905181884765625
3.7623746395111084,4.5832953453063965,0.6016605091094971
-3.594817876815796,7.2708001136779785,-0.15862480401992796
-2.335520029067993,6.542656898498535,-0.27089263916015627
-2.1240243911743164,10.336676597595215,-0.10149582862854006
2.3806467056274414,2.1933765411376953,-0.4559762954711914
1.33573317527771,2.687406301498413,-0.16300350666046137
4.444918632507324,6.236936569213867,0.7855863571166992
0.5039945244789124,8.227709770202637,-0.2933489418029785
1.6001945734024048,6.58657169342041,0.26700134754180904
2.7007639408111572,7.019013404846191,-0.12998127698898315
1.9301272630691528,6.687915802001953,-0.35714717864990236
0.22384387254714966,9.107686042785645,-0.4162636947631836
-3.642575740814209,6.959825038909912,-0.04581591606140134
0.7153007984161377,6.451831817626953,0.03428009271621704
1.0651973485946655,6.551939487457275,0.08442365407943725
1.915745735168457,4.853372097015381,-0.028004808425903305
4.274962902069092,6.764024257659912,0.4677066421508789
-0.22033530473709106,9.030340194702148,-0.020017020702362054
-2.173800230026245,9.51953125,-0.41492801666259765
-1.059232473373413,2.9773032665252686,-0.25544157028198244
-1.6234486103057861,8.409989356994629,-0.31904212951660155
2.1949126720428467,7.024065971374512,-0.22733970642089843
-0.17073656618595123,2.3537757396698,-0.16118871688842773
0.22858737409114838,9.716464042663574,-0.2011884742975235
-1.403304100036621,6.783894062042236,-0.3964674758911133
-0.7698895335197449,5.49678897857666,-0.25474885940551756
4.146481513977051,6.850337982177734,0.5705954360961913
2.9892001152038574,8.384568214416504,-0.08147866308689117
-3.9066946506500244,7.1958231925964355,0.11695862531661988
-3.3973727226257324,8.683380126953125,-0.17350606620311737
1.0657000541687012,3.527836561203003,0.16474320411682128
-1.0322238206863403,6.021366119384766,-0.41644142150878904
-1.0582568645477295,7.843585968017578,-0.0988710534572601
2.704612970352173,3.749356508255005,-0.13024414658546446
0.6709834337234497,9.765539169311523,0.040053189992904636
0.7685675621032715,7.343496799468994,-0.0814258289337158
-4.2725324630737305,3.622629404067993,-0.16760784149169922
-0.015129215084016323,8.328227043151855,-0.2430179560184479
1.091475248336792,8.21651554107666,-0.1224732184410095
6.016294002532959,3.5899569988250732,-0.34711345672607424
-0.06751548498868942,9.613916397094727,-0.16829136371612546
-1.741231083869934,4.833593368530273,0.32264008522033694
2.0608127117156982,7.107990741729736,0.007501310110092141
0.8514799475669861,6.183505058288574,-0.2562838935852051
0.19888406991958618,10.195465087890625,-0.39919448852539063
-0.46986180543899536,5.817031383514404,-0.283479061126709
2.2696173191070557,6.688444137573242,-0.2320865052938461
-3.156059741973877,9.35228157043457,-0.028429452776908892
1.006070852279663,3.419804573059082,0.21730800151824953
-3.1509244441986084,6.820415019989014,0.1491069269180298
1.9997111558914185,8.104177474975586,-0.28520435333251953
4.139118194580078,5.114869117736816,0.5898433542251587
1.0409743785858154,4.915095806121826,-0.14465267181396485
-1.5147607326507568,8.832364082336426,-0.04394670963287356
-5.490396499633789,4.715614318847656,-0.39029674530029296
-0.523006796836853,5.705958366394043,-0.13705703735351563
-1.5470777750015259,2.4854118824005127,0.018770172595977797
0.7611401081085205,4.686145305633545,-0.17345218658447265
1.1891306638717651,3.263671875,-0.1722551727294922
-1.3788403272628784,7.349181652069092,0.3422984051704407
0.9605922102928162,4.94852352142334,-0.07553928256034853
2.5197532176971436,8.793350219726562,0.1661899757385254
-0.40989166498184204,7.674373149871826,-0.15214064240455627
-2.0848474502563477,8.355269432067871,-0.20260176897048948
2.5247066020965576,6.663153648376465,-0.10957864165306092
0.891846239566803,7.915560245513916,-0.2948961448669434
2.019789218902588,2.8551316261291504,-0.361741943359375
0.6364817023277283,4.423681259155273,-0.22274948120117188
-3.328234910964966,9.160859107971191,-0.1170358157157898
-2.4463813304901123,6.920505523681641,-0.421784553527832
0.1967381089925766,3.6683685779571533,-0.13895878791809083
-0.25657621026039124,9.191981315612793,-0.30163501262664794
-0.8316993713378906,10.038418769836426,-0.2240774917602539
0.6140928864479065,5.502691268920898,-0.20069372177124023
-2.029808759689331,9.297775268554688,-0.13619737505912782
1.8391011953353882,8.479325294494629,0.05687691926956179
0.19857151806354523,7.095857620239258,0.012321984767913824
4.078886985778809,5.705413341522217,0.14894514799118042
3.3844518661499023,7.782785415649414,-0.0867494857311249
1.357406735420227,7.305691242218018,0.03886138796806338
-3.9921646118164062,4.715147018432617,-0.1045059758424759
1.2452150583267212,4.787090301513672,-0.16211978912353517
-0.33564573526382446,9.049256324768066,-0.42231590270996094
-0.7050756812095642,3.8306989669799805,-0.3128795623779297
3.4797556400299072,-0.4272799491882324,0.058712143898010244
1.9225702285766602,7.720025539398193,-0.0036553168296813987
-3.790221929550171,7.163153171539307,-0.3152064895629883
1.5282715559005737,8.027233123779297,-0.027607581615448018
-0.3257010579109192,4.868757247924805,-0.20908123016357422
-1.7741892337799072,8.536226272583008,-0.10044973075389863
1.2422281503677368,8.22501277923584,-0.3699383926391602
-2.5948853492736816,10.282317161560059,-0.11222529351711275
3.5822436809539795,7.110710144042969,0.8589169979095459
1.2519280910491943,4.499651908874512,0.32990911960601804
-2.982917070388794,7.256641387939453,-0.26717031478881836
1.0926169157028198,7.845703125,-0.09777982532978058
-2.4123401641845703,10.023711204528809,-0.10887535333633425
1.1552622318267822,6.129363059997559,-0.3882960510253906
1.2289905548095703,9.325489044189453,-0.34747169494628904
-3.2236461639404297,9.445425987243652,-0.2236356049776077
-2.6292991638183594,9.64660930633545,-0.14675341963768007
-0.13387203216552734,7.197699069976807,-0.40514144897460935
1.2647651433944702,7.460091590881348,-0.3183675956726074
2.240692377090454,5.888181209564209,-0.4884719085693359
3.228787422180176,0.448809415102005,0.16221352100372316
-0.99714595079422,9.684020042419434,-0.32467338562011716
2.698493480682373,3.824309825897217,0.18909173011779784
1.9654806852340698,8.563445091247559,-0.1810115623474121
0.650501549243927,7.744185924530029,-0.4080416488647461
-0.4961172342300415,7.31777286529541,-0.20020877838134765
1.2094453573226929,9.2008638381958,-0.4553205490112305
-4.862249374389648,4.0813493728637695,0.0005617260932922474
0.10775256156921387,4.186017990112305,0.04385679125785827
-2.882589817047119,7.601484298706055,-0.06089089989662172
1.9604893922805786,7.015091419219971,-0.3751469802856445
-1.0938583612442017,10.273079872131348,-0.14365612030029296
1.964352011680603,9.166929244995117,-0.023705735206604017
-0.28704720735549927,7.3846964836120605,-0.3162677001953125
-2.072585105895996,8.750507354736328,-0.274478588104248
0.3796866238117218,2.527280330657959,-0.24950716018676758
1.9331738948822021,3.0219671726226807,-0.10894781708717344
5.239781379699707,6.263240337371826,0.597889928817749
-3.0684821605682373,5.835448265075684,0.5260222816467285
2.844968795776367,6.3325114250183105,0.12528334379196165
-3.9576668739318848,8.423270225524902,-0.17819124817848203
-1.2905606031417847,9.939554214477539,-0.3462715148925781
1.3757026195526123,6.951780319213867,-0.010371432304382311
-2.330855369567871,8.910966873168945,0.04392937302589417
0.4815117418766022,9.302693367004395,-0.14973393499851229
1.7228444814682007,6.541540622711182,-0.2786256217956543
0.20370811223983765,6.319894313812256,-0.2576878356933594
2.9240469932556152,9.054109573364258,-0.0884441840648651
-0.20207901298999786,7.817142486572266,-0.1815907096862793
0.2856694757938385,6.253879070281982,-0.3309959030151367
-1.8810802698135376,7.9110541343688965,-0.3560995864868164
2.4278461933135986,4.722006320953369,0.3677619791030884
-1.1845498085021973,7.690354824066162,0.4846606206893921
-2.5944416522979736,6.821740627288818,0.10560241937637327
-1.3024845123291016,10.364646911621094,-0.13565153360366822
-2.060272216796875,8.912271499633789,0.12240731120109558
-0.5797933340072632,7.716263294219971,-0.10853874683380127
2.076638698577881,7.658871173858643,-0.24829196393489839
3.9779040813446045,7.060960292816162,0.6259666991233825
-1.8912464380264282,9.569171905517578,-0.23932002902030947
0.21577143669128418,3.2534759044647217,-0.318876838684082
0.5860843658447266,2.9511027336120605,0.21777695894241333
0.043178558349609375,9.005647659301758,0.11093550205230712
1.3605257272720337,7.488644123077393,-0.13527800440788268
1.6641772985458374,4.609292030334473,0.03257711172103883
0.3401731848716736,4.047749042510986,-0.38006336212158204
-0.26805490255355835,8.508272171020508,-0.23508626997470855
1.8184726238250732,5.317470550537109,-0.06001272201538088
-2.474911689758301,9.27542781829834,-0.17279027462005614
1.7562248706817627,9.433246612548828,0.06806079983711244
-2.6046488285064697,4.816466331481934,-0.12613690197467803
0.2756446599960327,7.865657806396484,-0.33080745697021485
0.5007568597793579,5.998066425323486,0.05480217218399047
3.0322163105010986,8.643898010253906,0.048432071208953875
-0.23327034711837769,6.385819911956787,-0.23388195037841797
0.6749433875083923,9.639808654785156,-0.27467443466186525
-2.029637098312378,9.5751314163208,0.05350359678268435
0.5632873177528381,7.037413597106934,0.06401524305343628
1.8858308792114258,6.856205463409424,0.10388245701789856
2.6490530967712402,7.900990009307861,-0.20717906236648564
-0.7075477838516235,7.978854179382324,0.10643584370613099
-2.3567075729370117,7.536236763000488,0.3387163162231445
-2.141613006591797,9.10830307006836,-0.1572316551208496
3.861865758895874,1.0247611999511719,-0.17464921593666077
0.3803383409976959,7.30519962310791,0.0960760545730591
0.9241086840629578,4.567762851715088,-0.11230635643005371
-3.7773375511169434,8.258378028869629,-0.052838889360427854
0.31927210092544556,3.092916488647461,-0.06652692794799803
1.70859694480896,8.459217071533203,-0.030211549997329723
1.1977649927139282,3.9372942447662354,0.1872654676437378
-0.15322111546993256,10.310169219970703,-0.3835311508178711
-3.3890016078948975,5.958473205566406,-0.30818241119384765
1.0481178760528564,6.650077819824219,-0.21871352553367612
1.2141146659851074,1.368744134902954,-0.46633716583251955
0.8314486742019653,3.5579938888549805,-0.4220291519165039
-0.28563567996025085,4.890442848205566,-0.19253875732421874
4.253666877746582,4.85290002822876,0.46362972259521484
0.6138516068458557,8.467700004577637,-0.1750191390514374
1.810394287109375,4.303979396820068,-0.25418973922729493
-2.7024755477905273,8.376336097717285,-0.19910001993179316
1.3489594459533691,4.9204792976379395,-0.305295712351799
-0.017849653959274292,7.537296772003174,0.12431407690048218
1.4612557888031006,6.759160995483398,-0.45753433227539064
1.273463487625122,5.290887355804443,-0.3004946708679199
-0.5074195861816406,9.126468658447266,0.009284034967422472
-3.015470266342163,4.171947479248047,-0.18058201670646667
0.11557264626026154,5.905062675476074,-0.027449693679809595
-3.208491086959839,6.9035515785217285,-0.09511839389801025
0.8603860139846802,9.735071182250977,-0.026412045955657937
2.520815372467041,7.7057061195373535,-0.2769917488098145
0.8958042860031128,8.936956405639648,-0.5415129470825195
1.5533336400985718,6.6113457679748535,-0.2116019058227539
4.609013557434082,5.6016693115234375,0.6773735046386719
0.32889696955680847,2.8647592067718506,0.20418234705924987
3.3672101497650146,6.253448963165283,0.48419677734375
-3.4559078216552734,8.756264686584473,-0.17246260643005373
0.4316660165786743,8.827164649963379,-0.3921470642089844
1.0598242282867432,8.695184707641602,-0.06647292971611024
3.287468194961548,4.795358657836914,0.591484694480896
0.6192144155502319,7.534040451049805,-0.36149478912353517
-2.604593276977539,4.558211326599121,-0.38456832885742187
-1.645532250404358,6.134824752807617,-0.3279729843139648
-1.1328212022781372,6.1092529296875,-0.4215269088745117
1.0509412288665771,7.607583522796631,-0.37345821380615235
-2.383761405944824,6.3195037841796875,0.25155773043632507
2.0692520141601562,4.929356098175049,-0.259518985748291
-2.465501070022583,9.613360404968262,-0.2814891815185547
0.8648046255111694,4.660349369049072,0.034530905485153196
-2.0739665031433105,6.261780261993408,-0.2400670301914215
-1.58238685131073,6.077537536621094,-0.3578904342651367
-0.9489883780479431,7.843442916870117,-0.4596961212158203
-0.5052785277366638,7.149942398071289,-0.3345397186279297
-1.5266249179840088,9.046268463134766,0.5030516552925111
2.7490336894989014,7.474209785461426,-0.27666585803031923
-3.0118913650512695,6.149427890777588,-0.2870133590698242
0.36456015706062317,4.01612663269043,-0.05931710958480835
2.0767476558685303,4.415003776550293,-0.315643310546875
1.9888697862625122,7.8102707862854,-0.1665611779689789
2.781264305114746,8.08110237121582,-0.4229990768432617
-1.7656468152999878,10.753740310668945,-0.04675517916679384
1.3055616617202759,5.892757415771484,-0.4215457153320312
-1.8336690664291382,10.41077709197998,0.1248821949958801
-1.1651713848114014,6.794983863830566,0.19792832136154176
-1.3275251388549805,8.451229095458984,0.2660116422176361
-2.065377950668335,9.871820449829102,0.07574727773666384
1.9557607173919678,7.353331565856934,-0.29091665267944333
-0.6028715372085571,8.58310317993164,-0.22423839569091797
1.536551594734192,9.036307334899902,-0.36120105743408204
1.3994375467300415,4.604331970214844,-0.14521572351455686
1.7980542182922363,8.281832695007324,-0.29348806381225584
0.1681678146123886,7.707863807678223,-0.1567322826385498
-2.8809163570404053,8.99219799041748,-0.029555990695953382
0.5135579109191895,3.114877462387085,0.008770601749420182
2.374267816543579,8.364521026611328,0.000734554529190079
0.11666980385780334,8.871710777282715,-0.3620258712768555
-3.441662073135376,8.737321853637695,0.09358408808708191
-0.01621910184621811,2.38517689704895,-0.14261006355285644
2.2161216735839844,7.842287540435791,-0.3135994160175324
1.7237255573272705,8.82203483581543,-0.1713488268852234
1.8904039859771729,8.450094223022461,-0.4468225860595703
3.862438678741455,6.825054168701172,0.4310635137557983
1.198103427886963,8.988285064697266,-0.2182520294189453
-3.144840717315674,9.324400901794434,-0.25826677918434143
-1.5332461595535278,10.265093803405762,-0.18274427235126495
-2.1418704986572266,4.788915157318115,0.08726373910903931
1.3541628122329712,7.212042808532715,-0.34236473083496094
-0.6596598029136658,8.886246681213379,0.021739256381988536
-2.482529878616333,6.993667125701904,0.36644725799560546
4.308874130249023,4.379528999328613,0.3464069890975952
-2.1525967121124268,9.05968189239502,-0.5022943115234375
1.1960532665252686,6.2422614097595215,-0.31985326766967775
-0.09915753453969955,8.613262176513672,-0.4144739151000977
2.309028148651123,8.505041122436523,-0.07091773688793185
0.7417827248573303,8.916213035583496,-0.43679859161376955
1.9128438234329224,6.28442907333374,0.19422378659248352
-3.9673893451690674,7.992358207702637,-0.1543698596954346
-2.2092795372009277,8.649347305297852,-0.05393072724342346
2.5702223777770996,7.8482279777526855,0.07050217151641847
-2.1695806980133057,9.49911880493164,0.09446887493133543
-1.8327068090438843,9.627326965332031,0.6057706189155578
0.7298592329025269,4.54306173324585,-0.1375966036319733
1.4942030906677246,9.264432907104492,-0.33479766845703124
1.9546279907226562,4.742922782897949,0.7124332165718079
-1.8415355682373047,7.136232852935791,-0.3869929885864258
-0.7796284556388855,6.608729839324951,-0.16728235244750977
2.079310894012451,8.692070007324219,-0.36701858520507813
-0.39210081100463867,7.292640686035156,-0.2561077880859375
0.19435037672519684,9.660709381103516,-0.23850430846214293
0.3205992877483368,7.668362617492676,-0.2832597541809082
1.6751062870025635,9.321127891540527,-0.4194737243652344
2.829655408859253,3.681563138961792,0.14190942764282227
1.8595799207687378,3.701002597808838,-0.3185279083251953
-0.009752095676958561,6.714404582977295,-0.2701894950866699
-0.8347744941711426,8.533194541931152,-0.339982795715332
3.666435956954956,1.940759539604187,-0.1464564323425293
2.84733247756958,8.389062881469727,0.06923274993896483
2.062944173812866,2.4957051277160645,1.3159190702438355
0.43338543176651,8.640287399291992,-0.327043342590332
3.719334363937378,6.345302104949951,0.5534855580329895
2.7161600589752197,-0.3243464231491089,-0.24969749450683593
7.136424541473389,1.5508224964141846,-0.48692772448062893
4.663846969604492,3.475694417953491,-0.3662258148193359
-0.5565409660339355,8.962860107421875,-0.33710533142089844
2.048276901245117,7.689277172088623,-0.01629311323165894
2.8578097820281982,1.9634552001953125,0.0004237896203994618
5.295699596405029,6.930392265319824,0.6338881397247315
0.05465540662407875,6.356119155883789,0.40376450777053835
6.861115455627441,1.4995191097259521,0.5324125289916992
4.308782577514648,6.849850177764893,1.692143077850342
-0.9178302884101868,8.418401718139648,-0.1950192713737488
-1.623357892036438,5.982027053833008,-0.14605941772460937
-4.5493011474609375,3.781538963317871,-0.4196867370605469
0.26832258701324463,6.391243934631348,-0.2920623207092285
1.4834098815917969,6.64609956741333,-0.07796829104423525
1.651554822921753,9.028609275817871,-0.3998594284057617
0.20382361114025116,2.52081298828125,0.07770835161209105
-3.6791720390319824,3.3827295303344727,-0.36368350982666015
2.2362821102142334,8.238884925842285,-0.006401683092117305
-4.722107887268066,4.253742694854736,-0.34243953704833985
-3.125870704650879,8.543584823608398,-0.2935264778137207
2.745927095413208,4.952170372009277,1.250885763168335
4.602611541748047,6.735830307006836,0.8826190948486328
2.854626178741455,3.4095983505249023,-0.37629798889160154
4.761763095855713,6.18009614944458,1.1308775997161864
8.201507568359375,4.8517279624938965,1.0153950595855714
-0.8885602951049805,2.713474988937378,0.20747948169708252
7.022016525268555,1.4380289316177368,-0.130448579788208
-4.362458229064941,2.936490774154663,-0.30411266326904296
2.3855414390563965,2.8519034385681152,-0.042353487014770486
1.1106936931610107,3.8424699306488037,-0.11658980190753937
-4.640113830566406,4.217496395111084,-0.32134452819824216
0.3842383027076721,6.773405075073242,0.23033716082572936
-3.7202656269073486,5.890679359436035,0.2273937702178955
1.6411710977554321,6.011213302612305,-0.20226360321044923
8.640549659729004,2.8503828048706055,0.6233824968338013
8.85936450958252,2.8724262714385986,0.6957982158660889
7.497677803039551,4.401500701904297,-0.031226613521575908
1.9319080114364624,7.575577259063721,-0.48700599670410155
5.815765380859375,4.276651859283447,0.6838360023498535
1.3777673244476318,3.102726459503174,-0.37581333160400393
0.5261666178703308,4.2986741065979,-0.21859291076660156
2.8486828804016113,-1.2845450639724731,-0.2384275245666504
-0.5875257849693298,2.1149682998657227,-0.130738000869751
2.226548671722412,9.022921562194824,-0.37813266754150393
-0.11129909753799438,0.6954641342163086,0.5731629514694214
8.948492050170898,4.943441390991211,0.7481268548965454
7.587592124938965,5.61339807510376,0.0960567319393158
2.8266067504882812,-1.3808166980743408,-0.3526165771484375
-2.7779719829559326,10.30210018157959,-0.19980666756629945
2.516897439956665,6.087776184082031,-0.05705479264259339
0.41517317295074463,6.994826793670654,-0.32799816131591797
0.2663291394710541,2.5064055919647217,-0.12038121223449708
-5.047640800476074,4.621862888336182,-0.3733916091918945
4.148658752441406,2.807533025741577,0.013467286229133596
1.5337709188461304,8.660655975341797,-0.32511077880859374
0.1678854078054428,3.2184693813323975,-0.2707211685180664
1.4772788286209106,4.993953227996826,-0.016758748292922954
1.212054967880249,2.373624086380005,-0.32273399353027343
1.6891614198684692,4.040750980377197,0.43630303859710695
0.20011456310749054,6.98740816116333,-0.4058315658569336
-4.28961706161499,2.6415250301361084,-0.2610141372680664
-0.15293806791305542,7.906810283660889,-0.3928266143798828
2.4832160472869873,2.5162434577941895,0.012761981487274143
6.699824810028076,1.8332222700119019,-0.38645023107528687
-5.290121078491211,4.662753582000732,-0.4474971008300781
2.8739185333251953,7.237725734710693,-0.052924300432205196
4.327872276306152,3.163187026977539,-0.35600269317626954
-1.89021635055542,2.9502365589141846,-0.4464090728759766
1.155413269996643,2.294616222381592,-0.2981757926940918
4.110083103179932,6.151900291442871,0.438311448097229
-2.754539728164673,7.447472095489502,-0.07414086341857912
-0.3893687129020691,8.538536071777344,-0.22833017349243165
2.70013165473938,7.69856595993042,-0.20839254796504975
4.662843227386475,5.049965858459473,0.6974569654464722
-3.098116874694824,3.81765079498291,-0.05901350975036621
2.5523757934570312,8.321527481079102,-0.3183117866516113
-0.13095048069953918,8.09721851348877,-0.3000874710083008
-1.129098653793335,5.991625785827637,-0.169835205078125
2.2107441425323486,5.942055702209473,0.0590459156036377
-3.1154627799987793,9.109668731689453,0.00458650827407836
2.9408063888549805,-0.12919871509075165,-0.3613460540771484
3.1764564514160156,6.212137699127197,0.4979095411300659
5.223754405975342,6.368998050689697,1.3651476860046388
-0.04823850840330124,2.0391314029693604,0.27927140951156615
-1.5328768491744995,2.701552391052246,-0.31974061965942385
3.15898060798645,7.242875576019287,-0.2689959979057312
6.285399436950684,4.784199237823486,-0.3071261405944824
-2.531977891921997,7.737875938415527,-0.20261219382286072
4.523324966430664,4.6927571296691895,1.7027757358551026
-0.6421607136726379,6.734498977661133,-0.09896238327026367
-2.14754319190979,2.7791175842285156,-0.40191184997558593
3.189088821411133,4.340184688568115,0.7765223884582519
3.309253215789795,7.729664325714111,1.285437307357788
1.2601553201675415,7.499745845794678,-0.2804388427734375
0.6644217371940613,7.250214576721191,-0.37312950134277345
3.3796262741088867,2.426102876663208,-0.2409710097312927
9.22046947479248,3.5760574340820312,0.8040238618850708
2.5740599632263184,3.8440282344818115,0.4990526747703552
0.18802417814731598,2.0380756855010986,-0.3970824432373047
0.7004675269126892,7.594849586486816,-0.372396354675293
0.7768403887748718,3.600857734680176,-0.008669445514678964
9.4558687210083,6.12772798538208,0.9161865234375
8.283329010009766,5.234645843505859,-0.4694655227661133
1.5942717790603638,3.328482151031494,0.2304886865615845
-0.13343295454978943,6.806300163269043,-0.08635925769805908
2.9794304370880127,2.603832244873047,0.7582143592834473
-0.18270264565944672,3.6663904190063477,-0.027635807991027828
3.203049659729004,6.19760799407959,0.03701138734817505
0.2997477948665619,8.59490966796875,-0.1707202875614166
-4.410284996032715,5.074971675872803,-0.05233471989631655
2.933323621749878,-1.2391215562820435,-0.23272571563720704
-2.8367741107940674,5.488212585449219,-0.0067578041553497115
3.0576677322387695,4.751611709594727,1.2117444133758544
-4.540596008300781,2.2441301345825195,-0.31235443115234374
-1.0951762199401855,2.0197529792785645,0.3557616782188415
2.2534234523773193,0.046122826635837555,0.1950147819519043
4.099565505981445,6.956324577331543,0.8790869808197022
3.2626941204071045,7.976464748382568,0.23452460765838623
0.04841822758316994,6.417472839355469,-0.2484486770629883
7.173331260681152,2.986391305923462,-0.4143167901039123
1.2434284687042236,4.417778491973877,0.02724436163902283
2.102132797241211,1.9506785869598389,0.2256761956214905
4.601711750030518,5.480426788330078,1.0466874933242798
0.12776854634284973,8.703651428222656,-0.2462272834777832
3.989403009414673,3.621830701828003,-0.18622120618820193
1.679810881614685,9.425086975097656,-0.33836563110351564
7.672370433807373,4.550166606903076,0.04930877566337588
1.3833380937576294,5.499497890472412,-0.2833528900146484
-2.0284955501556396,3.8495125770568848,-0.25281389236450197
2.5086748600006104,5.987373352050781,0.14542015433311462
3.6478934288024902,7.582834720611572,0.24887539625167848
-1.8284766674041748,4.187955856323242,0.05297004222869872
1.3744823932647705,5.960103511810303,0.0017191779613494607
-0.1624535173177719,2.3473970890045166,-0.32702629089355467
-0.6746281981468201,1.462900161743164,0.26568728089332583
2.1059343814849854,7.90960168838501,0.04734871387481687
0.44561442732810974,4.32247257232666,0.1431256926059723
3.211398124694824,4.874546051025391,0.06397714138031008
8.22458267211914,5.066784381866455,-0.4684910124540329
2.1164462566375732,-0.9139559268951416,-0.22308609008789063
-2.2801737785339355,7.656459331512451,-0.15167894601821902
3.2304396629333496,4.587430477142334,1.1714278984069824
0.47817909717559814,9.609784126281738,-0.38307979583740237
-0.24806876480579376,0.9928794503211975,-0.32983985900878904
5.294090270996094,4.9879655838012695,0.9705972576141357
-1.9428819417953491,2.4662318229675293,0.8523111295700073
-0.6112504601478577,9.02057933807373,0.3773002123832703
2.1087117195129395,6.5740838050842285,0.40718742370605465
-3.7793197631835938,4.19697380065918,-0.36535648345947264
1.7792365550994873,3.7259373664855957,-0.4082157516479492
0.3044591248035431,7.736819267272949,-0.289941349029541
0.9239486455917358,4.283058166503906,0.2726326608657837
1.6394927501678467,9.357563972473145,-0.2762299996614456
0.09836973249912262,2.8785037994384766,0.6637670946121216
3.8023111820220947,2.5454962253570557,-0.2748091125488281
-2.2994794845581055,3.032670736312866,-0.20922855377197266
7.940244674682617,2.9295616149902344,0.21523332357406622
1.6599562168121338,8.798680305480957,-0.3947585678100586
6.137559413909912,3.110060453414917,-0.2832814908027649
-4.0468902587890625,2.626560688018799,-0.27893638610839844
-4.492391586303711,3.403242588043213,-0.3049842643737793
1.9622730016708374,5.9172258377075195,0.15132307767868042
8.864161491394043,3.7965245246887207,0.12289508581161501
-3.2397677898406982,7.207272529602051,0.042676991224288946
2.7066400051116943,4.730484485626221,-0.434708251953125
2.5582377910614014,3.0167396068573,-0.4566411685943603
1.8203017711639404,7.876086711883545,-0.3519279861450195
3.968453884124756,2.098306179046631,-0.3628994369506836
-2.6623380184173584,8.815591812133789,0.13861897468566897
-0.1731232851743698,5.128874778747559,-0.3764868927001953
1.1896381378173828,2.6129441261291504,0.8602694368362427
0.1212611123919487,1.7448760271072388,0.30467294692993163
-2.1416149139404297,0.43298113346099854,0.025510796308517436
2.5069100856781006,7.344184875488281,-0.39264549255371095
-1.7267935276031494,9.988395690917969,-0.30505153656005857
1.31428861618042,9.869977951049805,-0.35625778198242186
2.0644137859344482,5.068990707397461,-0.4223525619506836
3.9091079235076904,5.038617134094238,0.8952178621292115
8.88650894165039,4.148185729980469,-0.17385013580322264
-0.6941785216331482,6.51371955871582,0.25017835140228273
7.032090187072754,5.175537586212158,-0.40543399810791014
0.4599585235118866,7.548983573913574,-0.40090988159179686
2.1141507625579834,8.033482551574707,0.18104698538780212
0.5673097372055054,1.0832548141479492,-0.23870433807373048
6.669184684753418,4.432412147521973,-0.2787774658203125
0.028693949803709984,2.6856720447540283,-0.3379961395263672
1.1348154544830322,6.483667373657227,-0.23777570724487304
6.614995956420898,1.4915900230407715,-0.32712110280990603
1.0608923435211182,7.920453071594238,0.19086128830909727
-5.280734539031982,4.859907150268555,-0.4011678695678711
3.7511754035949707,6.732087135314941,0.5758876371383667
-1.1864924430847168,2.51442289352417,-0.36098495483398435
1.5376274585723877,5.471163749694824,0.4812727999687195
-0.8397414684295654,2.603803873062134,-0.26065237045288087
2.3281078338623047,5.563401222229004,0.004851430654525757
1.5891969203948975,4.2956109046936035,0.11979494333267213
3.6944198608398438,5.647273540496826,0.921197772026062
1.8847625255584717,7.775205612182617,0.23435707807540895
-1.8517738580703735,8.196769714355469,0.3993137192726135
0.8820404410362244,7.269908905029297,-0.4953034973144531
-1.1448193788528442,1.6887929439544678,-0.15655633926391602
0.8277609348297119,4.119919776916504,-0.06698341488838194
4.6457743644714355,6.6225666999816895,1.5751337671279908
0.6579303741455078,8.052244186401367,-0.14704682350158693
-0.5550708174705505,8.694607734680176,-0.2739447784423828
0.5218403339385986,8.274727821350098,0.2168343210220337
3.972266912460327,6.253071308135986,1.3909985494613648
3.476807117462158,6.1507744789123535,1.018995189666748
2.8186604976654053,8.43045425415039,0.2746082067489624
3.1779260635375977,5.907370567321777,1.2846897983551027
-0.19407060742378235,5.337401390075684,0.7499848937988282
-1.5858410596847534,4.245561122894287,-0.3197754669189453
-4.990133285522461,2.561143398284912,-0.3777556610107422
3.9163596630096436,0.6553512215614319,-0.14903232514858245
8.568836212158203,3.2823634147644043,-0.20798482358455656
6.854287147521973,1.8621824979782104,-0.5240488868951797
2.142324209213257,8.300354957580566,0.054584661722183236
1.766780138015747,5.940138816833496,-0.11216765999794004
-4.3240180015563965,3.6447913646698,-0.35233264923095703
1.693645715713501,0.4298996031284332,-0.31434820175170897
2.5691545009613037,2.6768782138824463,-0.07381352186203005
4.894637584686279,5.72672700881958,0.6548621821403503
0.9610803127288818,3.8713018894195557,-0.30676937103271484
4.547483921051025,5.556830883026123,0.9906378507614135
1.760115385055542,1.3338319063186646,-0.023982312083244306
-0.3861033022403717,6.5431389808654785,-0.06568947315216064
0.3734167218208313,4.7623748779296875,-0.17072055816650392
7.199750900268555,3.0085983276367188,-0.6095046615600586
-3.7778098583221436,6.847622871398926,-0.32065513610839846
4.601757526397705,5.320318222045898,1.4358432483673096
-1.5607306957244873,6.060053825378418,-0.20481236159801486
-0.057350147515535355,7.4834208488464355,0.16477701902389524
1.031697392463684,6.664810657501221,0.18928545475006103
1.4163137674331665,4.494687557220459,-0.04767736434936526
7.54564905166626,4.658278465270996,0.6076241183280945
0.7863553762435913,3.555191993713379,-0.37864803314208983
1.2078101634979248,7.35106897354126,0.2754838418960571
0.14420086145401,5.115939617156982,-0.2927571487426758
2.3634772300720215,8.962857246398926,-0.17267113506793974
-0.2699754238128662,4.874876499176025,-0.16909685134887695
2.033872365951538,4.2343668937683105,-0.0792628276348114
-0.12640735507011414,7.6426568031311035,0.1056080412864685
0.1142972856760025,2.2182226181030273,-0.17947093963623048
3.52366042137146,0.44184017181396484,-0.008795580863952657
2.694579601287842,2.5160439014434814,-0.23015693664550782
0.9871819019317627,8.809844017028809,-0.23515022277832032
2.470134973526001,5.008430480957031,0.6670593452453613
0.9954633116722107,2.4647858142852783,-0.3424319076538086
6.820540904998779,2.353336811065674,-0.6003336119651794
6.457361698150635,3.2704925537109375,0.9613961124420166
-0.7930867671966553,4.512174129486084,0.4019729900360107
1.4418262243270874,5.896272659301758,-0.2860017204284668
3.7129669189453125,6.825094223022461,0.36491838932037357
6.719552516937256,2.624696731567383,-0.4630224773287773
6.9639716148376465,1.5285348892211914,0.09817725181579595
7.640604496002197,5.737881660461426,0.3130408906936646
-1.5120171308517456,5.050940990447998,0.13482644319534304
0.2498074173927307,7.503177642822266,-0.15683937072753906
-0.18680128455162048,2.0042717456817627,-0.12841205596923827
-4.5628132820129395,4.6946563720703125,-0.36629581451416016
2.6702022552490234,6.024065017700195,-0.37211715698242187
3.2326390743255615,8.359267234802246,0.7767483234405518
-0.06017554551362991,3.968416929244995,-0.1757376480102539
7.912050247192383,4.0215864181518555,-0.3185613250732422
2.9331555366516113,0.8690864443778992,-0.2965915298461914
3.3954946994781494,4.415881633758545,0.826858286857605
3.145028591156006,4.492949962615967,0.5775497150421143
6.826318264007568,1.7338281869888306,-0.31596799015998844
1.9878699779510498,2.874999523162842,-0.4093565368652344
0.19597432017326355,4.913675308227539,0.051167942285537726
0.39725497364997864,5.35115385055542,-0.20032846450805664
8.649767875671387,3.9299073219299316,-0.42990966796875
-1.334612488746643,7.704625606536865,0.029764485359191906
8.25875473022461,5.438785552978516,0.6166753101348877
-4.045563220977783,2.2528984546661377,-0.17564030170440675
4.915506839752197,6.880038738250732,0.9627845478057862
1.6082571744918823,-0.43973469734191895,-0.35016613006591796
-2.7607083320617676,8.226506233215332,-0.46989654541015624
1.9485936164855957,3.243544816970825,-0.2144252586364746
-3.0506978034973145,2.7277581691741943,0.3089646530151367
0.9601616263389587,9.396895408630371,-0.17885851025581362
6.20990514755249,2.9135794639587402,-0.13823745489120487
1.1209698915481567,-0.48237788677215576,-0.2981346321105957
9.2366943359375,3.6282222270965576,-0.10202443122863769
-0.9859803915023804,1.8048067092895508,-0.08610325813293457
-3.7919394969940186,6.408066749572754,-0.3678832244873047
-5.314384937286377,4.494475364685059,-0.29648441314697266
-0.06341975927352905,3.8553466796875,-0.16762001037597657
2.1366634368896484,-0.8200969696044922,-0.2972032928466797
1.588477611541748,3.8765764236450195,-0.4143930816650391
3.861315965652466,5.081686496734619,1.2070839500427246
6.796370029449463,3.3874261379241943,0.36951354980468754
-4.908420562744141,4.9251389503479,-0.17342208027839662
7.562753200531006,3.3341236114501953,0.1820180678367615
0.23110419511795044,1.6626170873641968,-0.19764097213745116
4.028255939483643,4.845860958099365,0.8210970783233642
3.2299978733062744,4.226579666137695,0.7872406005859375
2.085571050643921,8.924454689025879,-0.3081068992614746
-0.9187940359115601,6.019918441772461,-0.05794395446777344
0.36354297399520874,2.9954099655151367,0.10974958300590515
3.16119384765625,8.307474136352539,0.1854982662200928
0.7603690028190613,1.8711997270584106,-0.3583615112304688
3.5141406059265137,4.1438751220703125,0.6187597131729126
-0.46677371859550476,6.6002888679504395,-0.2945035171508789
9.328910827636719,4.376655578613281,0.3820260143280029
0.5133495330810547,3.80672287940979,0.12459476828575133
-1.541836142539978,6.096704006195068,-0.3389765930175781
1.4379287958145142,2.6201138496398926,-0.24854700088500978
2.3518478870391846,3.0941028594970703,-0.33371917724609373
-0.14737705886363983,6.3045477867126465,-0.25263940811157226
9.705606460571289,3.8759679794311523,-0.036748583316802974
7.229547500610352,2.9983596801757812,0.018197619915008567
-0.9368013143539429,4.46400785446167,-0.3752068328857422
-2.672821521759033,9.606091499328613,-0.33503715515136717
-1.7650840282440186,4.566812992095947,-0.3359981918334961
9.576452255249023,3.6347851753234863,0.27669300556182863
-0.06371354311704636,8.543168067932129,-0.23102218627929688
2.6364803314208984,7.099152565002441,0.010438780784606916
-3.6898458003997803,3.7939271926879883,-0.005732539892196631
-4.535551071166992,4.362276554107666,-0.3633486938476562
-0.4337485134601593,6.013661861419678,0.030786712169647235
-1.7947715520858765,7.409203052520752,-0.42563644409179685
0.8317568898200989,9.506610870361328,0.22055004596710204
-2.237767219543457,10.141228675842285,-0.22774956583976746
1.266667127609253,5.007760524749756,0.26397180795669556
1.1889426708221436,7.280026912689209,0.23723317861557008
7.730831623077393,5.514519691467285,0.23028115749359135
5.937458515167236,4.171928405761719,0.4664598560333252
9.491093635559082,5.6921515464782715,0.47045607566833497
7.258040428161621,4.045053005218506,0.1779411029815674
-0.5159386992454529,3.0370399951934814,0.12286342859268187
-0.06945843994617462,7.5839362144470215,-0.08219012975692747
4.2155656814575195,3.3744537830352783,-0.20128439843654633
2.8598005771636963,8.01638412475586,0.2584576797485352
4.552865505218506,2.8692920207977295,-0.03850198388099668
-1.4471652507781982,4.151269435882568,-0.16905893325805665
-1.5278772115707397,3.9492719173431396,0.2527911031246185
0.9890767335891724,7.391758918762207,0.25041932344436646
1.3840131759643555,4.41713809967041,-0.28998193740844724
0.633637011051178,7.946369647979736,0.06590095579624175
3.3495922088623047,7.316048622131348,0.36435000896453856
2.1512112617492676,9.554801940917969,-0.058305107951164226
-4.0944318771362305,2.7257351875305176,-0.4208294677734375
6.895098686218262,3.2660787105560303,-0.46302970170974733
3.381124973297119,7.960473537445068,0.3962105774879456
1.6806724071502686,4.763366222381592,-0.026846064329147323
-0.4470061957836151,3.120061159133911,0.017684283256530764
6.998809814453125,2.850318431854248,-0.06433680534362796
5.067991733551025,7.161250114440918,0.738469820022583
1.8820431232452393,5.071962833404541,-0.03170933008193971
0.39498457312583923,6.88055419921875,-0.22502845764160156
-2.332458019256592,8.221892356872559,-0.40393718719482424
-3.0531508922576904,8.92613697052002,-0.33841064453125
-3.350996255874634,5.699225425720215,0.1780496001243591
4.837210178375244,3.9769082069396973,-0.3264195567369461
0.12682271003723145,7.828969955444336,-0.2779113388061523
7.168989658355713,4.366893768310547,0.193921822309494
-0.34728533029556274,6.062671184539795,0.4084738063812256
2.5869815349578857,6.2711310386657715,-0.021392291784286477
-2.8818681240081787,6.957026481628418,-0.28250783920288086
-4.364591598510742,2.3459599018096924,-0.2476510238647461
2.8412258625030518,5.938312530517578,1.0038174295425415
4.5143046379089355,3.357987880706787,-0.09747322320938112
-1.0502899885177612,3.513725757598877,-0.23310565948486328
-5.5897650718688965,2.6610963344573975,-0.38363410949707033
0.6884906888008118,9.409171104431152,0.13154345035552978
1.4297809600830078,4.474661827087402,-0.22414718627929686
0.6788004040718079,8.276174545288086,0.05801133632659913
0.9848701357841492,2.369079113006592,-0.3188475227355957
4.879604339599609,5.908730983734131,1.701570463180542
4.09364128112793,7.083076477050781,1.0535920143127442
-1.565517783164978,1.8219457864761353,-0.2153146743774414
-0.8844276070594788,9.51396656036377,0.07109558165073396
0.7587496638298035,7.1475090980529785,-0.24277549743652344
-5.795724868774414,3.9830610752105713,-0.4234564971923828
-3.694248914718628,2.7643539905548096,-0.05754876136779785
-1.6119076013565063,6.585918426513672,-0.25672741532325744
3.2490575313568115,7.018054962158203,0.8752715539932251
-1.572261095046997,4.687661647796631,0.20053672075271606
-0.6576376557350159,0.47060829401016235,0.23547658443450928
4.676901340484619,3.60453462600708,-0.42791980743408203
-1.097754716873169,3.8406929969787598,0.10444585323333738
-5.358541965484619,2.3970882892608643,-0.08786718189716342
3.466480255126953,3.6684093475341797,1.2007510089874267
6.392611026763916,4.156232833862305,-0.4017480850219727
8.187666893005371,5.492398738861084,-0.43169497787952427
-4.76544189453125,3.770045518875122,-0.3381044006347656
-2.1229066848754883,4.0437211990356445,0.08117700695991514
-5.113288402557373,3.9712154865264893,-0.0666190195083618
0.25749433040618896,3.3860867023468018,0.5585127115249634
-2.1850268840789795,2.21045184135437,-0.2383911895751953
0.9215661287307739,3.2180416584014893,-0.2570186996459961
1.9907068014144897,7.76979923248291,0.28893282890319827
4.123036861419678,7.260803699493408,0.37743677616119387
4.709739685058594,3.394975185394287,-0.22660572052001954
3.038769483566284,5.121850490570068,0.3323635983467102
1.46259605884552,4.939105987548828,-0.2630011177062988
4.609583377838135,6.997854709625244,0.6325565433502197
4.02464485168457,3.091259479522705,-0.35216819763183593
-1.5234241485595703,9.659247398376465,-0.24632326126098633
-1.6645781993865967,8.151755332946777,-0.33753670632839206
-3.1218440532684326,8.511906623840332,-0.09394964575767517
4.330821990966797,5.505611896514893,0.9297891426086426
1.0009417533874512,8.3413667678833,-0.3374571228027344
-0.18047119677066803,2.3700006008148193,-0.29690711975097656
-1.9946849346160889,9.576366424560547,-0.22407304763793945
-1.0753931999206543,2.6756746768951416,-0.23409618377685548
-1.6801804304122925,7.316999912261963,-0.39100521087646484
0.5490814447402954,3.1206064224243164,-0.3632605361938477
2.235633373260498,1.1028944253921509,0.2435298252105713
6.868288040161133,4.445063591003418,0.2797104358673096
2.1433351039886475,8.869644165039062,0.5512177729606629
-0.09645943343639374,8.747566223144531,-0.21536540985107422
4.702402114868164,2.981067419052124,0.013746417760849006
4.227577209472656,6.493399620056152,0.5558343505859376
7.247005462646484,4.7491631507873535,0.06579466700553893
4.620933532714844,6.588369369506836,0.604463005065918
-0.7090599536895752,5.795238971710205,0.14506947994232178
3.2591750621795654,8.008732795715332,0.12257215499877927
4.224960803985596,5.74362325668335,0.6516602373123168
0.47935596108436584,6.284193992614746,-0.1262852609157562
3.109990358352661,6.903595447540283,0.6664511251449585
-2.959601879119873,5.427738189697266,-0.37824535369873047
-1.7257647514343262,8.860011100769043,0.014919530153274518
-1.6837326288223267,1.5153864622116089,0.5911376261711121
4.107541084289551,2.2728023529052734,-0.1678672981262207
3.393890857696533,4.3030900955200195,0.731388897895813
9.096054077148438,4.265936374664307,0.3735835647583008
2.629770040512085,2.3501641750335693,0.08081467866897582
4.44249963760376,5.970407009124756,0.26656145095825196
1.5369871854782104,8.628596305847168,0.29933638334274293
2.862398862838745,5.533985137939453,0.19915828347206116
1.3791595697402954,9.058242797851562,0.14113406181335447
5.951019763946533,4.336029052734375,-0.258322639465332
4.296969413757324,5.706767559051514,0.5369874906539918
4.408430576324463,5.044961452484131,0.5579561948776245
0.9219667315483093,6.001440048217773,0.06675940036773681
0.27626845240592957,9.210677146911621,-0.2755819511413574
0.701248288154602,5.182436466217041,-0.17787391662597657
4.313107013702393,5.874719619750977,0.6004207062721252
4.7318549156188965,6.958742618560791,0.7897904205322266
8.75424861907959,4.528763294219971,-0.2707123982906342
2.1989686489105225,0.25634899735450745,0.0865775406360626
-3.1620702743530273,5.737153053283691,-0.3478791046142578
2.667715311050415,7.7026448249816895,-0.2602632713317871
9.938603401184082,6.201980113983154,0.8711598968505859
6.183627605438232,4.5912909507751465,0.9058568096160888
3.3327932357788086,4.724265098571777,0.08775005340576172
-3.1894500255584717,7.354283809661865,-0.2661563301086426
-0.8411052227020264,6.463273048400879,-0.13510986328125
4.060935974121094,6.4819231033325195,0.5097421550750733
-1.4264987707138062,0.14094606041908264,0.01765457749366761
1.8340513706207275,7.776749134063721,-0.056679961681365965
1.3910243511199951,7.620437145233154,0.22431408882141113
2.929300308227539,3.538916826248169,0.465173020362854
-1.1334044933319092,9.376343727111816,0.06305878400802611
-1.3788098096847534,6.6943559646606445,-0.3515579986572266
4.34832763671875,6.511703014373779,0.4977841830253601
-1.8364043235778809,8.475943565368652,0.2343896389007568
-1.1530516147613525,5.981964588165283,-0.2498790085315704
7.6196064949035645,2.8383071422576904,0.35319760084152224
9.143223762512207,5.987349510192871,0.6444669342041016
3.96905255317688,5.213616847991943,0.1928756380081177
-2.652045488357544,6.759952068328857,0.3007955026626587
0.07768182456493378,3.475592613220215,0.33562650442123415
-2.926663637161255,6.05352783203125,-0.4834343719482422
3.371450185775757,5.520456314086914,0.1654083752632141
-1.8095945119857788,6.376332759857178,-0.17426006674766542
-2.4846107959747314,9.529916763305664,-0.10074091196060181
3.5823283195495605,4.978263854980469,1.008778076171875
-2.1292688846588135,10.49697494506836,-0.4656610870361328
0.7723437547683716,8.496106147766113,0.13417451858520507
1.5546807050704956,3.0695314407348633,0.6317516613006592
3.6278927326202393,2.8816452026367188,0.19313648223876956
1.8933025598526,4.748999118804932,-0.1860689926147461
2.748995065689087,4.986793041229248,-0.2639276123046875
-0.054183706641197205,4.950109958648682,-0.10770913600921633
1.5114327669143677,1.684118628501892,-0.15787578582763673
0.5085799694061279,7.04611873626709,-0.47017101287841795
-3.113807201385498,5.405754566192627,-0.2751687240600586
3.4680628776550293,6.826430320739746,0.4118689298629761
-2.2134523391723633,9.073075294494629,-0.23142345428466796
4.974498748779297,6.277249336242676,1.0355723094940186
-0.3021964132785797,7.863803863525391,-0.25855010986328125
5.088438987731934,6.494325160980225,0.4328892946243286
-1.7061063051223755,9.461084365844727,-0.38350662231445315
1.0555856227874756,6.180201053619385,-0.2338734436035156
1.2443703413009644,3.9695992469787598,-0.13667479515075684
0.3328138291835785,2.6770336627960205,-0.018045228719711315
2.559037923812866,2.7963554859161377,0.629124801158905
1.7263814210891724,7.613584041595459,-0.4559921646118164
-1.3754048347473145,6.545286655426025,-0.29570281982421875
4.137118339538574,4.801732540130615,0.20273826479911805
2.405315399169922,5.004049777984619,0.1316213285923004
1.7540700435638428,7.5641021728515625,0.9601857089996337
0.4374212920665741,8.54216194152832,-0.3211851119995117
4.462849140167236,4.938632011413574,0.26524919986724854
0.6794681549072266,8.934797286987305,-0.43256023406982425
1.9618905782699585,5.137125492095947,-0.08121352195739746
8.740338325500488,3.2576284408569336,-0.2118381470441818
6.624403476715088,3.003009796142578,0.449149329662323
-0.5775968432426453,2.5551092624664307,-0.24466363906860353
2.180480718612671,7.643697261810303,0.007237681150436381
7.756811618804932,4.366946220397949,-0.03181322336196901
3.3211543560028076,6.0887556076049805,0.3782037138938904
2.8163793087005615,-0.011629407294094563,-0.3587276840209961
8.560717582702637,5.982954502105713,0.01606200456619261
-2.2963132858276367,8.025957107543945,0.08965457797050475
3.305945634841919,4.839754581451416,1.2624548768997192
0.6415183544158936,1.2732844352722168,-0.22554229736328124
-2.718022108078003,6.729717254638672,-0.004968185424804705
0.587023913860321,9.315673828125,0.49094352722167967
0.5496150255203247,8.875945091247559,0.63084308385849
0.5055443644523621,6.842187404632568,-0.23055084228515624
2.1740803718566895,4.685910701751709,0.01906505346298215
2.7970871925354004,8.247099876403809,-0.4518039321899414
8.271289825439453,2.890587568283081,0.39250870704650875
2.2245395183563232,8.850126266479492,0.0819702315330505
-2.5425939559936523,7.564058780670166,-0.23093244552612305
2.0601348876953125,0.2352876514196396,-0.17838733673095702
2.2504770755767822,6.631846904754639,-0.2956728553771973
-2.723095417022705,8.557585716247559,0.41601775407791136
0.5985621809959412,2.2035205364227295,-0.24750839233398436
-2.678624391555786,7.622023582458496,-0.04901894688606262
-1.3900731801986694,7.187352180480957,-0.27116956651210783
3.3030619621276855,5.245779037475586,0.7454034948349
-0.893426239490509,8.955953598022461,-0.3150405502319336
4.814587593078613,6.058423042297363,0.8145406579971314
9.142926216125488,4.166257381439209,0.12731552362442017
1.0128706693649292,5.173593521118164,-0.10865209579467773
4.963592529296875,5.25949764251709,0.94297372341156
3.1917994022369385,4.566094398498535,0.31550490140914916
4.267158031463623,3.591817617416382,-0.23052597045898438
2.1409032344818115,8.2712984085083,-0.1591680431365967
2.7598135471343994,4.739628314971924,0.766022355556488
6.474814414978027,4.966577529907227,-0.5965913391113281
2.3890178203582764,1.8456785678863525,-0.18156728744506836
4.683797359466553,6.524920463562012,0.31313915967941286
-1.1569942235946655,3.2834270000457764,0.35798675537109376
8.063690185546875,2.7816410064697266,-0.49475791931152346
-1.01444411277771,7.051602363586426,0.0
3.186540126800537,7.317874431610107,0.5759746074676514
4.289361476898193,4.469404220581055,0.08780058503150939
-2.7480363845825195,9.76068115234375,-0.19878681659698488
-0.39406242966651917,6.651104927062988,-0.051658067703247046
5.6225080490112305,3.962862491607666,0.7491167163848877
-2.5787761211395264,4.559632778167725,-0.1304599380493164
-3.2639973163604736,5.676886558532715,-0.2793040084838867
2.0459959506988525,7.542933464050293,0.4121307563781738
3.6748316287994385,4.652231693267822,-0.08257671356201174
-1.5091681480407715,6.209418773651123,0.12292530059814455
4.180645942687988,6.849230766296387,1.2106475448608398
8.590737342834473,5.2272186279296875,0.24572852611541746
-1.7694226503372192,9.714188575744629,-0.0506138300895691
-1.4776233434677124,4.89980411529541,0.3361147093772888
5.4698028564453125,3.329782247543335,-0.30786887884140013
2.1839916706085205,2.8238165378570557,-0.25828994750976564
-2.53476881980896,9.739599227905273,-0.3406755828857422
3.5708096027374268,4.9949750900268555,0.6619104051589966
-4.124389171600342,7.385226249694824,-0.36158084869384766
1.3026095628738403,3.2746498584747314,-0.30644821166992187
0.191378653049469,2.7731826305389404,0.8759636783599853
0.2563185691833496,1.973907709121704,-0.4908451080322266
-0.2328232228755951,6.38446569442749,-0.2548451232910156
9.233241081237793,3.157299280166626,0.7187337684631347
-1.5484702587127686,2.9143755435943604,-0.15889833450317384
3.9679017066955566,5.693592548370361,0.5796158361434937
2.578648090362549,9.017365455627441,0.34653330087661743
0.06864268332719803,7.713866233825684,-0.4409019470214844
-2.588545083999634,7.13210391998291,-0.1770168113708496
1.00592839717865,2.3288533687591553,-0.3380439758300781
2.4373855590820312,6.568939685821533,0.24897363662719726
-1.8515855073928833,9.742920875549316,-0.26842323303222654
0.8125500082969666,3.0370125770568848,0.12629208087921143
4.910881996154785,3.7433202266693115,-0.01906317353248599
2.57316517829895,7.577426910400391,-0.3834850382804871
-5.19364070892334,4.934100151062012,-0.3422647476196289
2.7494122982025146,5.869534015655518,-0.04184748888015749
-3.622760772705078,6.005755424499512,-0.3197246360778809
1.1604669094085693,6.763692855834961,0.22301932096481325
1.6605643033981323,5.681525707244873,0.1324823021888733
2.93621563911438,8.460765838623047,0.5163385772705078
2.991665840148926,4.480805397033691,0.27139816284179685
2.4684059619903564,9.046899795532227,0.8472880744934081
2.567389965057373,8.001633644104004,0.4123316049575806
-2.751615524291992,2.9098243713378906,-0.13957914352416992
4.598321437835693,5.332080841064453,1.3598532009124755
-3.3191308975219727,5.95946741104126,-0.38918285369873046
0.600412130355835,9.097084045410156,0.5355462837219238
1.9808058738708496,7.89816951751709,0.3071787929534912
1.476855754852295,9.186267852783203,0.5455142521858216
-2.2762973308563232,8.146696090698242,-0.4739921188354492
2.970585823059082,5.385599613189697,0.004121818542480449
5.562680721282959,3.7557406425476074,0.1906104850769043
1.1200066804885864,6.558102130889893,0.8422925043106079
0.08955541253089905,8.897680282592773,0.6404533290863037
1.0089539289474487,9.104689598083496,0.13921974539756776
1.2580456733703613,8.671727180480957,0.2036169171333313
-0.34878382086753845,4.5895538330078125,-0.1456696128845215
0.5700729489326477,3.161945104598999,-0.24399909973144532
3.962716817855835,5.742494583129883,0.038157913684844946
4.6806254386901855,7.0562567710876465,0.37814860105514525
-0.6252995133399963,8.949114799499512,-0.18583786010742187
2.4722986221313477,2.7093422412872314,0.1857612955570221
4.149717330932617,3.7469840049743652,-0.2099241065979004
2.399655818939209,5.811488628387451,0.36005464315414426
3.1822171211242676,8.176470756530762,0.6430074882507324
4.727388858795166,3.33648681640625,0.14497341752052306
-0.5748854875564575,5.2982497215271,-0.1842719841003418
9.03797721862793,4.20445442199707,0.892612066268921
4.156368732452393,6.442458629608154,0.497642548084259
4.3454437255859375,5.207897186279297,0.7935234045982361
-1.9186112880706787,6.51365852355957,0.2036806297302246
4.055067539215088,7.28481388092041,0.0541223096847534
4.893973350524902,6.558883190155029,1.0301637601852418
2.4620165824890137,2.441020965576172,0.5511792659759521
4.550830364227295,6.596211910247803,0.7233270883560181
3.169987201690674,6.1985578536987305,-0.356341444849968
-3.1918458938598633,7.703664779663086,-0.1793971037864685
4.480346202850342,6.287688732147217,0.6514064598083495
3.861755609512329,3.662524700164795,-0.24534761428833007
-0.2285747528076172,7.470554828643799,-0.06851987838745116
-1.8149951696395874,8.672243118286133,0.15659659385681152
-1.3431038856506348,7.695173263549805,-0.4808089447021484
-5.188840389251709,4.853592395782471,-0.2701261901855469
10.170083999633789,4.8229169845581055,0.12397361040115357
0.6020165681838989,6.8582940101623535,0.30410019636154173
3.5822818279266357,7.397584438323975,0.39389256715774534
-2.1683003902435303,9.702078819274902,-0.17250625729560853
-1.8857111930847168,6.91916036605835,0.484864330291748
-3.799745559692383,4.344977855682373,-0.204945912361145
1.633996605873108,5.7070112228393555,0.185316846370697
4.110587120056152,6.309976577758789,0.8630021142959594
3.811781883239746,6.428723335266113,0.41427170515060424
3.858165740966797,3.0480167865753174,-0.017041690349578864
4.362246036529541,2.784823417663574,-0.32605365753173826
-0.9379709362983704,6.282281875610352,0.14953210711479187
2.3664653301239014,5.092087745666504,-0.0843719696998596
-1.8045417070388794,6.017534255981445,-0.21173019409179689
3.9322669506073,6.6557722091674805,0.9621105480194092
1.6372755765914917,1.945199728012085,0.6339130544662476
-1.585520625114441,2.006765604019165,0.06998599648475648
1.3261120319366455,8.388245582580566,0.04520444750785829
-0.6877515912055969,4.029609680175781,-0.1312973129749298
3.002734899520874,7.328977584838867,0.5971740293502807
4.964386940002441,6.427434921264648,1.0359787845611572
4.842161655426025,5.793360710144043,0.14021202564239504
3.228520393371582,7.064011096954346,0.8230907917022705
2.242377758026123,-0.2770337462425232,-0.12746066093444824
1.8364334106445312,4.317773342132568,-0.23353229522705077
2.6573355197906494,4.6868720054626465,0.09038422465324403
-2.5874056816101074,6.2563066482543945,-0.1640064811706543
2.8967676162719727,3.022174596786499,0.22149522781372072
9.60767650604248,5.807524681091309,0.8451087951660157
2.0975148677825928,0.6879332065582275,0.06976383805274963
3.4827003479003906,4.903937339782715,0.01173371553421021
2.915532112121582,7.956194877624512,0.17063633203506468
1.9406818151474,2.5697879791259766,0.30615451812744143
3.7634379863739014,6.784773349761963,0.9966669464111328
1.4386576414108276,7.611108303070068,-0.2870563316345215
4.08662223815918,4.9767279624938965,0.3848126459121704
3.6145317554473877,5.996490478515625,-0.38045413970947267
3.6956331729888916,5.8209428787231445,0.6131892204284668
-3.0951197147369385,8.644726753234863,-0.3553061294555664
-2.6519734859466553,6.4035115242004395,-0.5114403152465821
3.7120797634124756,5.17902946472168,1.2348326778411864
5.812065124511719,3.256639003753662,0.33038341760635376
-0.17899981141090393,9.974366188049316,-0.33637351989746095
6.560142993927002,5.1819167137146,-0.19635149359703064
-2.0136170387268066,5.007619380950928,0.40611445903778076
7.458230018615723,4.186099052429199,-0.19352754592895507
2.3729357719421387,5.860354900360107,-0.05118171811103822
3.9426684379577637,6.0375823974609375,-0.48145374298095706
7.202610015869141,2.9619877338409424,-0.5261639022827148
6.3757734298706055,3.044036388397217,0.0129591155052185
3.3159947395324707,4.211556911468506,0.17495972394943238
-1.9400289058685303,7.1705641746521,-0.2120015609264374
2.6220450401306152,5.601285934448242,-0.14787212371826172
-0.5760997533798218,3.621417284011841,0.16253168106079102
3.654900312423706,5.416471004486084,1.403916025161743
-3.5429587364196777,1.46670401096344,0.2785343337059021
3.6177613735198975,5.674403190612793,-0.11296894073486329
1.1368685960769653,7.032350063323975,-0.33570423126220705
0.27957212924957275,8.718733787536621,-0.19797725677490235
3.2045907974243164,6.336922645568848,0.5288400077819824
-2.2031683921813965,9.281526565551758,-0.08808608770370485
5.281806945800781,4.3127617835998535,1.5443841361999513
8.569284439086914,2.9139509201049805,0.6016920661926269
2.879650115966797,6.937863349914551,0.0519996249675751
0.15869660675525665,5.761570453643799,-0.3488298416137695
2.595864772796631,2.815203905105591,-0.36338008880615236
1.745163917541504,3.69114351272583,-0.2989980316162109
3.137922525405884,2.8212921619415283,-0.3155344009399414
-3.8224031925201416,2.7809274196624756,-0.33498931884765626
3.856595516204834,4.468836784362793,0.5000530052185058
3.1978135108947754,5.7905755043029785,0.18186043262481688
1.0128557682037354,8.387253761291504,-0.3425466877222061
1.5898008346557617,4.354262351989746,-0.3088309097290039
1.4779020547866821,3.402564764022827,-0.1325282859802246
-1.0072611570358276,2.1927144527435303,-0.37441627502441405
1.1486036777496338,5.190515041351318,-0.05921440184116361
0.48091381788253784,2.489089012145996,-0.17284181296825407
1.0935701131820679,8.153517723083496,-0.10575235962867735
-3.077301502227783,3.7301669120788574,-0.20987826108932495
0.3327578008174896,1.6639662981033325,-0.48807132720947266
-3.8317954540252686,5.143704414367676,-0.4117013168334961
0.9921557903289795,5.687194347381592,-0.09779987215995789
1.449349284172058,1.8025752305984497,-0.38359901428222654
2.2684080600738525,3.5394418239593506,0.06402588844299317
2.7641611099243164,3.589378595352173,-0.11811571121215819
-0.2345965951681137,6.475989818572998,-0.32428680717945096
-3.0385451316833496,5.895355224609375,-0.19154722332954405
-0.3662744164466858,9.184486389160156,-0.3323707580566406
6.633749961853027,3.534726619720459,0.5242463231086731
3.4501500129699707,4.314704418182373,0.4362409448623657
4.47247838973999,5.775968551635742,0.19829386234283453
1.703804612159729,2.1479620933532715,-0.41876827239990233
0.39488598704338074,2.2982330322265625,-0.0732825517654419
-0.9805217981338501,2.4037787914276123,-0.4152901077270508
1.366308569908142,3.223177194595337,-0.07143165946006774
-0.14650921523571014,0.9789151549339294,-0.18007986068725587
1.4910844564437866,5.389898300170898,-0.10556628823280334
-2.121440887451172,1.8375219106674194,-0.06293395042419433
-1.2066773176193237,4.3566999435424805,-0.1218707287311554
-1.2909857034683228,3.4719350337982178,-0.33228450775146484
-3.1413209438323975,6.475988864898682,-0.40336456298828127
2.875105381011963,3.1692726612091064,-0.3271417999267578
3.628234386444092,5.09986686706543,0.16936654806137086
0.39945119619369507,1.8266164064407349,-0.3781839370727539
-0.937701940536499,2.700922727584839,-0.0826351350545883
-1.6328165531158447,2.0447723865509033,-0.4072058486938477
1.3953059911727905,0.6880061626434326,-0.24551813483238216
-2.1289939880371094,5.684556007385254,0.2625978302955627
1.1969692707061768,3.100006341934204,-0.2616054320335388
5.430482387542725,6.101809024810791,0.916012363433838
-1.3372899293899536,1.4733867645263672,-0.4059311294555664
2.7185115814208984,2.8066933155059814,0.006633927822113028
3.0172781944274902,2.2462081909179688,0.04248203277587892
2.620673179626465,-2.1700780391693115,-0.2394804561138153
-3.195101022720337,7.238245964050293,0.11477317810058596
-3.089769124984741,2.051290273666382,-0.2926078414916992
9.814661979675293,3.930811882019043,-0.41889431715011594
4.717330455780029,2.200838327407837,-0.07259827136993408
-0.634152352809906,1.89824378490448,-0.1246249485015869
-3.399235725402832,5.877347469329834,-0.43742080688476564
2.0030388832092285,8.096643447875977,-0.2723823928833008
4.157602310180664,5.879424095153809,0.48329572439193724
2.661503314971924,7.502786636352539,-0.2629896628856659
-4.202807903289795,7.686323642730713,-0.2660318332910538
-3.899953603744507,7.54434061050415,-0.2794289016723633
-3.1048336029052734,6.306346893310547,-0.12857075929641726
-0.1551094651222229,2.075854778289795,-0.04827030062675475
-0.2803589999675751,2.8105411529541016,-0.12602508544921875
-0.5412757396697998,4.083032608032227,-0.05888443946838379
-1.4692965745925903,0.5041207671165466,-0.2077834701538086
-2.3179991245269775,2.970808506011963,0.0787724506855011
-4.311533451080322,7.69844913482666,0.03269294738769529
-1.6396299600601196,2.8201730251312256,0.22520867347717285
-2.0380940437316895,3.0870919227600098,0.20948925733566282
-1.04647958278656,9.405815124511719,-0.22816154062747956
-3.014488458633423,3.032630205154419,-0.47450992584228513
0.15111194550991058,2.5794224739074707,-0.3705319976806641
2.532085657119751,8.735557556152344,-0.12283713340759278
4.153364658355713,4.77098274230957,1.0740273809432983
-3.512467384338379,6.581392765045166,-0.27000828862190246
4.065607070922852,5.178568363189697,0.20186294555664064
-0.36717551946640015,2.0356462001800537,-0.48832481384277343
1.984520673751831,3.124788284301758,-0.29132693469524384
-3.0593526363372803,9.620786666870117,0.13725714683532714
4.019299030303955,4.94115686416626,-0.12584650218486787
2.4599666595458984,4.2099409103393555,-0.024774043560028103
2.4985127449035645,3.4268860816955566,0.38522351264953614
2.6303303241729736,8.276591300964355,0.03861390113830565
-2.02523136138916,0.20447057485580444,0.257372510433197
-1.0548131465911865,3.3155603408813477,-0.2930960273742676
4.203031539916992,4.325494289398193,0.1266894793510437
5.661165237426758,3.849712610244751,0.24549049139022827
0.05891072005033493,4.979060173034668,-0.04693052530288694
1.775262475013733,6.758417129516602,0.4889884209632874
-3.931015729904175,7.106698513031006,-0.10197684884071351
0.4138915538787842,5.259840965270996,-0.25452796936035155
0.031231818720698357,7.263894557952881,-0.4645133209228516
0.1913517266511917,1.612352967262268,-0.01050658583641051
4.037673473358154,4.87350606918335,0.2091485333442688
4.24199914932251,5.635583877563477,-0.5267660903930664
1.1605122089385986,3.9583425521850586,-0.23747787833213807
2.488858461380005,2.291975259780884,-0.01968300819396973
2.065059185028076,1.0582369565963745,-0.28344331741333006
1.5928549766540527,8.9639892578125,-0.54296630859375
-0.4501068592071533,4.768373966217041,-0.15409147262573242
-3.020225763320923,2.0676963329315186,-0.4916023635864258
2.0311145782470703,-0.022764304652810097,-0.4782637405395508
0.3034959137439728,2.322962760925293,-0.40182506561279296
1.1078263521194458,8.5664701461792,-0.308015211224556
-1.8282767534255981,2.704188346862793,-0.057035744190216064
-0.6806305050849915,2.271591901779175,-0.24645041227340697
-1.4178199768066406,2.367828369140625,-0.2499976110458374
-4.35586404800415,7.584081172943115,-0.42234699249267577
1.6785434484481812,0.23556198179721832,-0.4022177505493164
-3.4723567962646484,3.72727370262146,-0.021887778043746975
0.7267465591430664,2.271358013153076,-0.23570110857486726
1.5255497694015503,4.066377639770508,-0.019321691989898693
2.8978052139282227,3.2641396522521973,-0.1639212667942047
-1.1720161437988281,6.03242826461792,-0.16153011322021485
1.4828732013702393,2.7195141315460205,-0.18552876591682432
1.9551970958709717,5.727019309997559,-0.06146434187889094
-1.50108003616333,2.8175346851348877,-0.5131045913696289
-3.984199047088623,7.24945068359375,0.12040181398391725
2.4453470706939697,2.858731269836426,-0.36621082305908204
0.520713746547699,7.448626518249512,-0.320255012512207
0.7922781109809875,8.145977020263672,-0.04371830403804777
3.9930994510650635,5.409614086151123,0.3041367149353027
-1.4800004959106445,0.334973007440567,-0.20408877968788147
-0.5839249491691589,3.468999147415161,-0.4029951477050781
9.485427856445312,3.343604564666748,-0.36946503162384037
2.7361512184143066,3.0555496215820312,0.3015107297897339
-2.423257827758789,10.107693672180176,-0.0767319083213806
0.9240912199020386,3.136922597885132,-0.40801010131835935
1.13507080078125,9.459383964538574,-0.43417896270751954
-3.544971227645874,5.853557586669922,-0.4007444000244141
-3.1252129077911377,5.370805740356445,-0.3319798278808594
1.7088654041290283,5.423990249633789,-0.37765499114990236
0.28323864936828613,9.230488777160645,-0.21236289024353028
-3.6684181690216064,3.2800564765930176,-0.19183164596557617
-1.7930411100387573,2.113696336746216,-0.23198739171028138
1.079702615737915,0.04876963421702385,-0.09690511941909791
2.941471815109253,3.708073616027832,-0.020547173023223897
-0.07290513813495636,5.092185020446777,-0.37956809997558594
-3.9590373039245605,3.131232500076294,-0.23850086331367493
1.4897528886795044,6.43982458114624,-0.2360493189096451
0.9232748746871948,1.3038052320480347,-0.19934547424316407
-0.6099363565444946,0.25443845987319946,-0.3328695297241211
-1.5862334966659546,0.7070996165275574,0.04783603191375735
3.387920618057251,2.658684253692627,0.15344455242156985
-3.816650152206421,6.344017505645752,-0.08060781359672547
-0.7878201603889465,1.4957609176635742,-0.08927794277668
-1.5238524675369263,2.5614726543426514,-0.33316879272460936
0.37696245312690735,1.060017466545105,-0.05341388523578644
3.374912738800049,2.2125654220581055,-0.16348308086395263
7.133403301239014,2.5921077728271484,0.22285743713378908
2.375523805618286,7.95806360244751,-0.4745573806762695
-0.09168843924999237,3.56134295463562,-0.062423415184021
1.068721890449524,4.14568567276001,0.10826104640960693
-4.053443431854248,6.399280548095703,-0.3365750503540039
-3.6976687908172607,8.768715858459473,0.13131767511367798
-0.204812690615654,8.29249095916748,-0.21781837642192842
-1.077218770980835,1.8836528062820435,-0.4639088439941406
-3.0513916015625,5.685343265533447,-0.07799959182739258
3.9715781211853027,4.708528995513916,0.003285832405090283
2.111560344696045,3.688464403152466,0.16523314476013184
-4.4989333152771,3.3140649795532227,-0.3781821060180664
0.9702005982398987,4.783113956451416,-0.09276186943054199
-0.387969434261322,8.183206558227539,-0.20878192901611328
-0.18886308372020721,3.2527883052825928,-0.2861147117614746
-2.949876308441162,5.891030788421631,-0.15233360528945922
2.8338894844055176,3.4026613235473633,-0.06334868907928465
-3.4835643768310547,2.8195559978485107,-0.4021467590332031
2.930497884750366,3.3857030868530273,-0.3431155443191528
3.266918420791626,3.8570852279663086,-0.19132143437862398
0.8088104128837585,2.1239430904388428,-0.49971126556396483
1.190948486328125,8.570030212402344,-0.4313986670970916
-2.8930041790008545,9.864221572875977,0.22316435337066653
0.867281973361969,2.043009042739868,-0.29259878039360043
1.6990982294082642,5.070487976074219,-0.33797775268554686
5.038435935974121,5.311638832092285,0.7408709526062012
1.2670544385910034,3.868175983428955,-0.11097646832466124
0.6143177151679993,2.4435243606567383,-0.3476718902587891
3.4056196212768555,5.093068599700928,0.3087194633483887
1.30878746509552,3.50409197807312,-0.2578134739398956
-3.2251195907592773,5.714371681213379,-0.3151694869995117
3.0011801719665527,3.353273391723633,-0.509458709359169
-2.5386526584625244,3.3661036491394043,-0.07580099523067474
0.2707225978374481,3.858858346939087,-0.2967668902873993
-0.36118245124816895,2.658679246902466,-0.35660777568817137
-0.6670660376548767,3.2948851585388184,0.09130996108055117
0.16714803874492645,2.761007070541382,-0.032017356157302834
3.1238808631896973,4.5453009605407715,-0.15331465482711792
2.2321064472198486,4.099886417388916,0.34454051971435545
0.8759713172912598,2.3782174587249756,-0.26300644397735595
-0.03444597125053406,9.498858451843262,0.062286436557769775
-3.4991464614868164,2.233543872833252,-0.2630173683166504
0.44991442561149597,2.1846323013305664,0.10317746758461
4.012832164764404,2.491114616394043,0.03877477288246156
1.2589879035949707,5.051765441894531,-0.21544597148895261
2.490398645401001,3.083432197570801,-0.18621801376342773
-0.0687388926744461,3.253640651702881,-0.1734683573246002
-3.287475824356079,3.9298057556152344,-0.018760544061660778
2.8384387493133545,-1.859708309173584,-0.21977337360382082
4.46083927154541,3.1406965255737305,0.07480677247047424
3.6734745502471924,2.028632879257202,0.005252667665481547
2.022738456726074,2.344865083694458,0.25678986072540283
-3.6292781829833984,3.252812623977661,-0.05879761219024658
4.179845809936523,3.0228517055511475,-0.10427194118499755
-1.1213756799697876,3.1848337650299072,-0.34014225006103516
2.1137609481811523,2.9010753631591797,-0.18541885614395143
0.1642722636461258,3.473205327987671,0.42735272884368897
-2.9586758613586426,7.366909027099609,-0.5330596160888672
1.3094499111175537,2.50724196434021,-0.4601787567138672
-0.18096108734607697,2.438526153564453,-0.31295817136764525
4.179738521575928,3.498119354248047,-0.29474297642707825
1.3818485736846924,6.342808723449707,0.01753069639205934
2.3621089458465576,6.661059379577637,0.03838985443115234
1.8906902074813843,3.0473220348358154,-0.4211083221435547
-0.932687520980835,2.8364980220794678,-0.2942073059082031
-0.6005023121833801,2.942216396331787,0.04620954751968381
-3.3666887283325195,7.457086086273193,-0.0080272316932678
3.373046636581421,4.079797744750977,0.8790332412719726
0.5460262298583984,3.7427003383636475,-0.4416064453125
1.218572735786438,5.20995569229126,-0.29728192925453184
3.844956398010254,4.2559685707092285,0.20711279153823853
0.2332344353199005,4.107290267944336,-0.059956693649292014
-2.3405919075012207,2.9147942066192627,-0.06967055320739746
3.173117160797119,3.5450079441070557,-0.22236220896244047
1.532234787940979,3.6202902793884277,-0.5701299667358398
1.4386729001998901,3.1322875022888184,-0.37748085021972655
1.7995542287826538,4.4024176597595215,-0.4179950714111328
-0.032154764980077744,2.7424354553222656,-0.4242583465576172
-0.46342733502388,1.766466736793518,-0.27522228240966795
1.4951245784759521,2.411430835723877,0.1154757475852966
4.518800735473633,4.967433929443359,0.5209877681732178
-1.3917880058288574,2.4357221126556396,-0.3661015319824219
-1.1569466590881348,5.545449733734131,-0.20513761520385743
-1.6559078693389893,7.226377487182617,-0.45349369049072263
0.7129945158958435,2.7680182456970215,-0.34037452697753906
-2.0301640033721924,2.478414297103882,-0.20954954147338867
0.9266365766525269,1.791959524154663,-0.37203475952148435
4.830247402191162,5.115558624267578,0.8340354156494141
2.512979030609131,0.9976012110710144,-0.34258533477783204
0.10799266397953033,8.48733139038086,-0.5048210906982422
3.3052754402160645,5.305775165557861,0.4017108154296875
-1.767021894454956,3.9125263690948486,0.24789604783058167
2.7393577098846436,6.3979363441467285,0.1348738384246826
-0.3833746612071991,2.827955961227417,-0.15046389698982238
1.6770048141479492,1.8786790370941162,-0.3432867813110352
-1.7702815532684326,0.4625844955444336,-0.4436962127685547
3.3092589378356934,1.4248459339141846,-0.3704312133789063
-0.5395188927650452,3.027989149093628,-0.13574928283691406
-1.0593721866607666,6.072432994842529,0.1796846342086792
3.7070329189300537,4.220059871673584,0.8909921121597291
0.9118810296058655,4.237726211547852,-0.36223116517066956
-0.6663498878479004,2.190492868423462,-0.2958196449279785
-1.4550329446792603,8.504578590393066,-0.07563453435897827
-0.6155097484588623,8.443982124328613,-0.35435951232910157
3.3684823513031006,3.1617653369903564,0.07800730228424074
9.612410545349121,4.357907295227051,0.33590521812438967
2.887655735015869,-1.999950885772705,-0.21840434849262236
2.645447015762329,2.9350433349609375,-0.256449881196022
-0.17489974200725555,2.4770350456237793,-0.07357560157775878
-1.043163776397705,5.688657760620117,-0.5294908905029296
1.1122853755950928,2.581740140914917,0.19224399328231812
2.3780112266540527,2.066143035888672,-0.16933035135269164
-3.286630392074585,7.490576267242432,-0.558453483581543
6.555583477020264,3.261720895767212,-0.3083822470903397
-3.6132047176361084,6.733143329620361,-0.5028178787231445
2.849357843399048,2.2098095417022705,-0.2616015625
3.4900641441345215,1.015528678894043,-0.37912445068359374
2.011425256729126,5.791234016418457,-0.26072215139865873
-1.2600808143615723,2.7066075801849365,0.037472712993621815
3.5899243354797363,5.387801170349121,0.6564170408248902
1.0566678047180176,3.06064510345459,0.2372806262969971
-0.20637209713459015,7.472497463226318,-0.4023115921020508
0.08789773285388947,4.980088233947754,-0.2351549696922302
8.864091873168945,4.375150680541992,-0.17414188623428345
1.5842814445495605,4.591532230377197,0.040364292860031126
0.7024103999137878,2.1550581455230713,-0.4258462905883789
2.5366055965423584,3.4092350006103516,-0.19962460100650786
-4.07622766494751,7.238337993621826,0.860619888305664
0.9543194770812988,2.1706628799438477,-0.11120283007621767
-2.261388063430786,2.4055919647216797,-0.361885986328125
5.827591896057129,3.376981019973755,-0.009981179237365745
7.780790328979492,5.618386268615723,-0.30790952682495115
6.9066314697265625,4.8907294273376465,0.41399200677871706
-0.31417059898376465,2.5557703971862793,0.027891181707382195
-3.6923177242279053,6.061323165893555,0.07341503858566284
2.102449417114258,1.915695071220398,-0.16142664551734925
-1.0952147245407104,4.47365665435791,-0.042331522703170754
0.42716366052627563,3.1639809608459473,-0.17697519302368164
2.0165812969207764,-0.24739769101142883,-0.03574362397193909
3.648499011993408,4.741479873657227,0.17025150775909426
1.9493136405944824,3.4429373741149902,-0.20327572703361513
2.890920877456665,-0.15587617456912994,-0.26377128541469574
0.6111800670623779,3.234736204147339,-0.15256264150142668
4.140443801879883,6.515368461608887,-0.003394908905029248
0.7114210724830627,1.845617413520813,-0.4494660949707031
-3.237776041030884,5.5733418464660645,-0.05901859521865843
0.5560319423675537,2.6379196643829346,0.1244909656047821
2.996138572692871,3.242560863494873,-0.020829957723617565
-1.7083940505981445,0.9755361080169678,-0.5039427566528321
-4.415836334228516,6.086345195770264,0.29599533319473265
0.15438127517700195,0.913776695728302,-0.3729379653930664
-2.9159085750579834,7.536581993103027,-0.4780141830444336
8.437252044677734,3.068382978439331,-0.26033342361450196
-2.7793352603912354,7.445216178894043,-0.06852474808692932
2.9094362258911133,-1.5700269937515259,-0.18404263615608218
4.557658672332764,6.439401149749756,0.10229426145553588
3.3107028007507324,3.634524345397949,0.023201245069503773
-5.298068523406982,2.7328813076019287,-0.28664204955101014
0.907653272151947,1.702309012413025,-0.18633314251899719
2.2409844398498535,7.229407787322998,-0.2503810030221939
4.771026611328125,5.853346824645996,0.5910574054718017
1.4283299446105957,8.803445816040039,-0.5313918685913086
2.5092177391052246,6.1456708908081055,-0.008335556983947723
1.8511607646942139,4.624489784240723,-0.2987690871953964
1.5928601026535034,1.8910893201828003,-0.18845454216003416
-2.3234641551971436,0.810600996017456,-0.3787041091918945
-2.8966519832611084,5.9097490310668945,-0.054456360340118415
-0.5527815818786621,2.9465951919555664,-0.38088356018066405
-1.3087584972381592,1.6408621072769165,-0.18555174112319944
0.37645435333251953,1.0307780504226685,-0.24504016876220702
1.9399032592773438,0.9298956394195557,-0.2392331314086914
3.011744499206543,-0.8450891971588135,-0.4059791564941406
1.1870940923690796,0.7903600335121155,-0.14765789747238162
0.24876900017261505,7.81685733795166,-0.08411243438720703
1.3712193965911865,4.017882823944092,0.3394289827346802
1.358411431312561,3.2877280712127686,0.11335344791412355
0.513214111328125,3.7732527256011963,-0.12936381816864012
-0.23085744678974152,3.1045877933502197,-0.5302462005615234
1.7129420042037964,5.076484203338623,-0.28660922884941104
4.1471848487854,4.7582855224609375,0.021341652870178196
-3.080289125442505,4.767669677734375,-0.02559525370597837
-0.8767971992492676,2.2392289638519287,-0.42999481201171874
7.212440013885498,3.1527788639068604,0.3325927734375
1.7694231271743774,6.028867244720459,-0.06862926840782163
-2.1415810585021973,9.188177108764648,-0.344679925441742
0.5110899209976196,0.6422805190086365,-0.039892466068267796
0.7717580795288086,8.524166107177734,-0.19212322533130644
-3.7615950107574463,6.777308940887451,-0.15924898982048036
-1.639211654663086,9.468330383300781,-0.2112568557262421
3.2907278537750244,2.2271323204040527,-0.38563827514648436
-3.583432674407959,6.907015323638916,0.12733806610107423
2.2714383602142334,8.53566837310791,-0.31562095642089844
-0.8363458514213562,7.231019973754883,0.021208370327949533
3.269662857055664,2.325488328933716,-0.016809890270233163
2.6422109603881836,2.123792886734009,0.26814833641052244
-1.1656391620635986,9.424159049987793,-0.4811152648925781
0.8790496587753296,1.2122613191604614,-0.32267162322998044
9.03734016418457,6.217059135437012,0.15241122961044312
0.25273677706718445,6.576817035675049,0.4455036306381226
-3.4390268325805664,4.077376365661621,-0.21027233123779296
3.444314479827881,4.930649280548096,-0.41782798767089846
-1.5917623043060303,0.6766499876976013,-0.35937023162841797
2.1257829666137695,1.7866101264953613,-0.04666534662246702
3.117410659790039,4.383897304534912,0.39856364727020266
-2.614795684814453,6.007211208343506,-0.19231718063354492
9.492328643798828,5.650501251220703,0.9769425058364868
-3.5302436351776123,3.287334680557251,-0.417263298034668
1.518293857574463,8.859611511230469,-0.15122817277908324
-0.11090665310621262,1.830380916595459,0.17851435422897338
2.038060426712036,4.957706928253174,0.8335219812393189
-0.4385682940483093,3.8865482807159424,-0.31019296646118166
2.0503287315368652,5.3816328048706055,0.3491297960281372
-0.5089163184165955,5.381533622741699,0.9209479570388794
-0.6253336668014526,1.0119603872299194,-0.3412309265136719
-2.825105905532837,0.9883564710617065,-0.30564342498779296
-3.6890006065368652,6.262518882751465,-0.2817844843864441
2.138793706893921,2.2782933712005615,0.41472959518432617
4.294320583343506,4.888935089111328,0.5333829879760742
3.7139055728912354,6.239822864532471,0.8773378801345826
8.465882301330566,4.241777420043945,0.05861935853958128
2.0545921325683594,-0.253004789352417,0.28666817903518677
0.3924991190433502,0.9572428464889526,0.5780688905715943
-0.2120259553194046,3.0672078132629395,-0.40906753540039065
0.05678277462720871,3.124910831451416,0.16192110061645507
-4.565583229064941,7.155625343322754,-0.23304872512817382
-3.024858236312866,8.183402061462402,0.2627533745765686
4.477870464324951,5.389020919799805,0.7821201324462891
3.757791757583618,7.758874893188477,0.676552095413208
1.7719088792800903,5.270936489105225,-0.22135833740234376
1.3049150705337524,8.001741409301758,-0.07435591340065001
-0.135732039809227,1.8303308486938477,-0.2567836165428162
-0.33590447902679443,1.5971109867095947,0.11421239733695984
-1.813025951385498,3.023205280303955,-0.34910160064697265
2.4217445850372314,3.372825860977173,-0.3855362701416016
3.6865646839141846,6.274785041809082,1.16075635433197
4.590160369873047,5.453066825866699,0.32367333889007566
3.724299669265747,5.354925632476807,0.72536789894104
5.799325942993164,5.038494110107422,-0.5381121826171875
3.3084888458251953,3.7620458602905273,0.06301767468452454
-0.180819571018219,2.5122101306915283,0.12908148527145386
5.249017238616943,6.251405239105225,1.07554368019104
-1.8071657419204712,6.0682220458984375,-0.30120325088500977
-0.0661584660410881,4.52243709564209,-0.2926744270324707
9.06588077545166,3.0304291248321533,0.7896126651763916
-1.6605323553085327,3.4588687419891357,-0.3201454544067383
4.752335071563721,4.887758731842041,0.9180581712722778
1.1799348592758179,4.1438398361206055,0.2574793910980225
-0.6474670767784119,2.2274467945098877,-0.3009830665588379
-1.4499841928482056,3.0816357135772705,-0.31207660675048826
-3.2140753269195557,6.284398555755615,-0.29418163299560546
0.6170722246170044,2.1060080528259277,-0.2716291618347168
3.3635902404785156,5.205357074737549,0.31269891500473024
8.805418968200684,3.2879626750946045,-0.341516786813736
3.6354687213897705,6.228466510772705,0.19406914234161377
5.034467697143555,6.57504940032959,1.5781959152221678
-0.1437549889087677,5.183572292327881,-0.21080097198486328
-2.4857001304626465,4.760021686553955,-0.43446853637695315
-0.029905429109930992,1.335274338722229,-0.12370812773704531
2.976663589477539,4.161708831787109,0.4598228883743286
4.082240104675293,6.226774215698242,0.6643756675720215
4.917341232299805,4.106733322143555,1.1172471618652344
-0.21124108135700226,4.428987979888916,-0.23092414438724518
1.3604854345321655,3.814663887023926,0.8374519777297974
-1.175005555152893,0.2392517626285553,0.05470927000045778
-0.1263805776834488,5.470026969909668,-0.276656494140625
4.231192588806152,3.6749770641326904,0.636017050743103
-0.3603076934814453,3.26343035697937,-0.21077608764171601
-1.6893144845962524,2.69867205619812,0.23909480452537538
6.050111770629883,3.790344715118408,0.31444535732269285
1.7013020515441895,5.266590595245361,0.17416935920715332
1.9635732173919678,6.124560356140137,0.10617160558700561
2.8749923706054688,2.9369423389434814,-0.029450176954269436
4.062833309173584,5.754631519317627,1.4738497018814087
-0.5650585889816284,3.5122945308685303,-0.19480048060417177
-2.475539207458496,9.83559799194336,0.264643497467041
4.004698753356934,2.0506091117858887,0.1273590648174286
2.5171916484832764,3.930814027786255,0.13398624420166017
-0.7547671794891357,2.8223211765289307,0.16636258363723755
4.6939873695373535,4.783968448638916,0.9623385429382324
4.219405651092529,5.9415998458862305,1.0365429258346557
2.9063632488250732,4.795158863067627,-0.06580447077751161
-1.0564541816711426,5.75961971282959,-0.29096250534057616
3.602004289627075,4.330275058746338,0.828301010131836
7.70308780670166,2.5508787631988525,0.7433624696731567
-0.4652642011642456,1.6352652311325073,0.0735779583454132
2.4800174236297607,1.7969621419906616,0.7375086498260498
4.5676774978637695,4.330812454223633,1.2662749004364013
9.005537033081055,4.822837829589844,0.5304705357551575
2.4036519527435303,1.883172631263733,-0.2821799659729004
-2.8096115589141846,2.8536880016326904,0.24060680270195006
2.4782419204711914,2.3136045932769775,0.03485820055007932
1.6423141956329346,3.9401888847351074,-0.02715213239192965
-0.2996658980846405,2.7815136909484863,0.4050217032432556
2.7625296115875244,1.8975812196731567,0.5624983119964599
4.2569756507873535,4.873889923095703,0.7456940650939942
6.56662130355835,3.050990104675293,0.6164948797225952
4.741482734680176,4.718328475952148,0.625960431098938
-0.12057963758707047,2.9541444778442383,-0.48122257232666016
2.986783742904663,6.692655563354492,0.6078546261787414
-2.3010029792785645,2.634610652923584,-0.40712074279785154
3.7804272174835205,5.135937690734863,0.24582461357116703
-3.643854856491089,9.227449417114258,-0.2084163475036621
1.6131479740142822,3.5098609924316406,0.28965086698532105
1.0657237768173218,3.706007957458496,-0.3606768798828125
1.7388736009597778,7.203392505645752,-0.28965392291545866
2.2259206771850586,2.146176338195801,-0.20907966494560243
5.621513366699219,6.071062088012695,1.9560028076171876
2.065608024597168,2.993617534637451,-0.3695405960083008
-1.8079019784927368,3.1778464317321777,0.26041011929512026
1.1220166683197021,4.426960468292236,-0.23467477917671203
3.9354162216186523,4.587762832641602,0.7182197666168213
0.38001397252082825,2.3008310794830322,-0.12044384241104128
7.5321269035339355,5.067296028137207,-0.025732308626174927
-1.8336817026138306,1.9981985092163086,-0.3747447967529297
-0.19974151253700256,1.7455555200576782,0.29743484497070316
-5.509303569793701,3.195047378540039,-0.37320030212402344
2.002542018890381,6.620079040527344,-0.14299046874046328
1.562286615371704,5.370641708374023,0.20892144680023195
1.779710054397583,7.559998512268066,-0.27012210845947265
4.401341915130615,7.03331184387207,-0.059468017816543595
1.9208232164382935,2.356008768081665,-0.033618333339691164
0.08482185006141663,5.917423248291016,-0.06730293929576875
-1.0123499631881714,0.25651705265045166,-0.1611322021484375
-2.552530288696289,2.0772511959075928,-0.10550047874450684
4.520075798034668,5.671314239501953,1.6419059562683105
0.9074182510375977,2.9039969444274902,-0.17932844877243043
1.9566843509674072,7.911680698394775,-0.43869438886642453
0.5149365663528442,3.422696590423584,-0.28052839279174807
6.203922748565674,3.010815382003784,1.3104216527938843
1.994776964187622,6.598298072814941,0.4859601044654846
-1.1215150356292725,3.6596121788024902,0.035315961837768556
3.055485486984253,4.967240333557129,0.4938514304161072
9.356279373168945,3.8720266819000244,-0.3728677940368652
3.757279872894287,6.788295745849609,0.48413298606872557
3.981959581375122,5.656496047973633,0.43026129722595213
2.457427501678467,4.989516258239746,0.29542047262191773
-2.662698745727539,9.406112670898438,0.027477571964263925
2.8663227558135986,3.5008671283721924,0.15224227905273435
1.9628074169158936,5.538092136383057,0.19680955886840823
8.571940422058105,2.6545212268829346,-0.5116083753108979
4.8794331550598145,5.790584564208984,0.5968190050125122
6.238144874572754,3.3278121948242188,0.6024618530273438
1.7724885940551758,5.2582197189331055,-0.16879771113395692
1.5770411491394043,1.0878612995147705,0.2269696092605591
-0.004958080127835274,5.43694543838501,-0.1994687271118164
0.269110769033432,6.287337303161621,-0.41059776306152346
3.997669219970703,6.601626396179199,0.7081932806968689
-3.182465076446533,8.550039291381836,-0.06891543745994566
7.460936069488525,3.5162487030029297,-0.445850875377655
2.343355178833008,-0.8551016449928284,-0.3452009201049805
-0.7357985377311707,4.223605632781982,-0.3448765051364898
1.6770426034927368,3.282043218612671,-0.3471335220336914
2.312833786010742,2.8471693992614746,0.16596221566200256
-0.20853291451931,3.6091806888580322,-0.33482295989990235
-0.627128541469574,2.9594743251800537,-0.19842141211032865
3.4726407527923584,5.676973342895508,1.1340680980682374
0.7441070079803467,6.969316005706787,0.07960278749465943
-3.520097017288208,5.921555995941162,-0.3822798156738281
2.8273773193359375,1.9599554538726807,-0.22303911805152893
3.2530953884124756,3.173578977584839,-0.20528233528137207
0.38095876574516296,3.2967770099639893,0.1718483066558838
0.4180454611778259,0.9622346758842468,-0.16998130798339844
2.097017765045166,2.828615427017212,-0.2666212272644043
2.8465065956115723,3.8352293968200684,0.4227217483520508
1.4563885927200317,4.611251354217529,-0.012551244497299219
-0.4745428264141083,3.5756819248199463,-0.1966511380672455
1.4587428569793701,2.002830743789673,-0.2186453437805176
9.442716598510742,3.7721168994903564,-0.5516229844093323
3.5601863861083984,6.16026496887207,1.2123670196533203
4.707515239715576,5.395010471343994,0.8791651630401611
2.4770445823669434,6.131326198577881,0.26405383586883546
4.182912349700928,4.817625045776367,0.7023306608200073
0.5786802768707275,2.894368886947632,0.08280389666557314
3.4338326454162598,6.372372150421143,0.03310768961906435
3.394557476043701,3.2428388595581055,0.07826941370964052
2.569489002227783,6.136877536773682,-0.17691622078418734
4.288876056671143,5.790639400482178,1.2535918140411377
1.3218271732330322,4.769624710083008,-0.3632633972167969
3.6178665161132812,5.434441566467285,0.36751263618469243
9.111377716064453,3.5304856300354004,0.7213229608535766
2.9425954818725586,7.073500633239746,0.38842637538909913
2.5810070037841797,2.6207265853881836,-0.2427608346939087
-1.1276190280914307,7.567126274108887,0.0867368984222412
2.9951140880584717,3.7697205543518066,-0.1501569926738739
2.6973068714141846,2.321427822113037,0.13658757686614992
2.7712841033935547,5.487574100494385,0.9513527870178222
0.7834447622299194,-0.25845932960510254,-0.17791231155395507
1.184207558631897,2.725170373916626,-0.20751022338867187
0.25946518778800964,3.9674110412597656,-0.07921762526035309
3.3979663848876953,5.5200018882751465,1.0868610191345214
3.4180796146392822,5.525723934173584,-0.12203259348869322
-0.8817461729049683,1.5263696908950806,-0.2293947982788086
4.518970489501953,5.6417555809021,0.7491890239715576
1.9351656436920166,2.198091983795166,-0.07511737823486331
4.563199043273926,3.1078786849975586,-0.17505273818969727
1.3718030452728271,0.5989087224006653,-0.04736968934535979
-0.7027890682220459,3.122507095336914,-0.4321161651611328
3.9490437507629395,5.149841785430908,0.7593738365173339
-4.21218204498291,3.7975518703460693,-0.32579856872558594
2.010793685913086,4.081562042236328,-0.023037080764770512
4.527870178222656,6.851171016693115,1.0267057609558106
3.0852231979370117,3.1850528717041016,0.7889356803894043
3.352337598800659,1.7453186511993408,0.6556438493728638
4.550380229949951,5.125658988952637,0.8533889055252075
-2.368117570877075,9.263200759887695,0.7620902538299561
-3.091167688369751,3.4573135375976562,-0.26755586624145505
2.9479386806488037,3.213162422180176,0.040931894779205336
1.0860320329666138,3.6922855377197266,0.08503065109252927
-0.5004816651344299,2.8983397483825684,-0.18411325454711913
0.6528288125991821,3.6086552143096924,0.05028672695159914
3.60677170753479,5.090127944946289,0.22730114459991457
0.0638011172413826,3.858532428741455,-0.1899765956401825
3.1214592456817627,0.34159213304519653,-0.05451032996177674
5.055680751800537,6.007704734802246,0.5720879459381103
2.4318275451660156,4.984189510345459,0.5427179098129272
0.8208842873573303,6.444343090057373,-0.21742424011230468
-0.5822598338127136,4.84677791595459,-0.3877426528930664
4.170248031616211,4.330352306365967,0.5312575912475586
0.8575904369354248,6.294395446777344,-0.212261962890625
-4.433742523193359,2.989659547805786,-0.35792686462402346
1.8243049383163452,3.871676206588745,0.1914196801185608
4.83087158203125,5.720213890075684,0.7045031595230102
-0.4284511208534241,6.797894477844238,-0.15804635882377627
10.03596019744873,5.9602742195129395,0.9622436046600342
1.4547245502471924,2.90803599357605,-0.34542194366455076
5.402267932891846,6.231317043304443,0.7964320421218872
-0.006586242467164993,1.9036860466003418,-0.3555083084106445
3.245764970779419,6.503690242767334,0.7094849157333374
3.92857027053833,5.299903392791748,0.042796552181243896
0.742754340171814,4.407667636871338,-0.29341634750366213
-1.0082541704177856,1.170807957649231,0.0
3.724846839904785,6.497528553009033,0.6190352630615235
7.601390838623047,4.760780334472656,-0.005034592151641815
2.5886340141296387,4.203561305999756,0.18778213024139406
-0.24424706399440765,1.3413439989089966,0.03962372899055483
9.748862266540527,3.949939250946045,0.3112056636810303
0.7874544858932495,5.4866533279418945,-0.44750102996826174
3.7124381065368652,2.3591012954711914,-0.2771641731262207
5.895857334136963,4.827807903289795,-0.3419699859619141
3.059931516647339,3.0101165771484375,-0.12596064329147338
2.196709394454956,1.635978102684021,0.524548442363739
1.8895515203475952,3.133080005645752,0.19398124217987062
-0.6111955642700195,2.3750622272491455,-0.2013661003112793
3.6159141063690186,5.215423583984375,0.9112951564788818
-4.379319667816162,7.6192450523376465,0.071141459941864
1.1054024696350098,7.296641826629639,-0.13786617696285247
2.8992466926574707,3.6512045860290527,0.9895574235916138
-5.9936842918396,3.3680901527404785,-0.3377507781982422
1.2211899757385254,2.5451393127441406,-0.21001989364624024
1.258933663368225,-0.6754018068313599,-0.21000555038452148
4.074826240539551,5.381668567657471,0.44698976039886473
0.8659369945526123,3.69024395942688,-0.3317645263671875
-1.4710997343063354,0.3006174564361572,0.3869856882095337
-4.2418131828308105,3.4728431701660156,-0.46954830884933474
-0.12704864144325256,4.597080230712891,-0.2384141731262207
1.6881135702133179,5.39341402053833,-0.0759172034263611
0.33799585700035095,4.023856163024902,-0.36974258422851564
4.2503581047058105,6.481716632843018,0.5318141889572143
8.217774391174316,4.520416259765625,-0.09663053512573239
-0.5191567540168762,4.054986953735352,-0.3341352462768555
9.352682113647461,4.739006042480469,0.10686048030853273
2.6841089725494385,5.354442119598389,0.14595956325531007
0.31154564023017883,1.895642638206482,-0.26784679412841794
-0.2715149521827698,0.3654952645301819,-0.21011135816574095
0.7743238210678101,2.592913866043091,-0.10189397931098937
3.2975735664367676,4.597097873687744,0.8043492507934571
1.3815479278564453,2.8583197593688965,-0.22872674942016602
0.8123276233673096,-0.377297967672348,-0.21123235702514648
1.9695552587509155,-1.2534213066101074,-0.2254364585876465
3.29380464553833,5.997200012207031,0.6996147537231445
1.3591535091400146,1.2459410429000854,0.2898462677001953
8.261940002441406,5.402627944946289,0.4109781622886658
4.196233749389648,4.953050136566162,1.4503235626220703
0.5382564067840576,7.055047512054443,0.17298924088478088
1.4687048196792603,5.05740213394165,0.34360567569732664
-2.7936298847198486,8.090703010559082,-0.03624841928482053
2.4896738529205322,2.9844725131988525,-0.2306773519515991
7.856586456298828,5.859776020050049,-0.34597796380519863
3.7639472484588623,6.495793342590332,1.0259325695037842
1.3311762809753418,0.6915701627731323,0.10483193516731262
-0.8809208273887634,3.8217098712921143,-0.42619522094726564
1.0061155557632446,4.058619976043701,-0.09255010485649107
4.631699085235596,6.050119400024414,0.4765978217124939
-3.007875442504883,5.17522668838501,-0.278024787902832
2.230093240737915,5.297104358673096,-0.07903624534606934
4.270161151885986,4.834456443786621,0.6881287956237794
1.3609431982040405,2.007956027984619,-0.09986549854278565
-4.714123249053955,4.057509422302246,-0.4097906494140625
-0.516331136226654,3.024615526199341,0.3974509382247925
-0.2891208231449127,2.035874605178833,-0.3232698440551758
3.0894663333892822,6.4272236824035645,0.7000957298278808
2.251209020614624,3.2580411434173584,0.6612063860893249
1.308935523033142,3.2709288597106934,-0.20228410840034483
-1.0630502700805664,4.941097259521484,0.14215302228927612
-2.456827402114868,2.922180414199829,-0.04655024588108064
1.082287073135376,7.6399335861206055,-0.08863666534423831
4.242575645446777,5.409416198730469,1.0221175384521484
-1.1106631755828857,2.3031182289123535,-0.34400123596191406
1.6383962631225586,6.852562427520752,-0.4052899932861328
1.4969745874404907,3.563647985458374,-0.08384698867797852
-0.3898942470550537,0.5453957915306091,-0.3060895919799805
0.6000797152519226,8.215254783630371,0.1534430003166199
0.25221237540245056,2.6314494609832764,-0.31550251007080077
1.0531296730041504,5.22822904586792,-0.28130645751953126
6.386405944824219,3.047348976135254,0.6278564834594726
-0.2926289141178131,3.181913137435913,-0.2581764793395996
2.2862648963928223,2.743391513824463,-0.314966322183609
2.6501708030700684,3.4010767936706543,0.284864821434021
0.11134692281484604,3.648893117904663,0.06359396100044251
-6.0741286277771,3.443314552307129,-0.42450469970703125
6.8077311515808105,2.8564751148223877,0.420526876449585
1.971184492111206,3.345665216445923,-0.17097755014896393
2.5323116779327393,4.303996562957764,-0.3773193359375
0.3462374210357666,4.1916351318359375,-0.062154065370559675
0.6034672856330872,1.768689751625061,-0.2176830291748047
-1.77742338180542,0.16809165477752686,0.19160221576690672
0.4526588022708893,8.148481369018555,-0.1686166977882385
0.9194691181182861,3.0601348876953125,0.1639754366874695
-2.9120633602142334,8.238802909851074,-0.36751258850097657
-3.140298843383789,8.598797798156738,-0.30798625230789184
0.22490404546260834,3.3071539402008057,-0.48454635620117187
1.8902872800827026,6.891536235809326,0.008611716032028205
2.3265304565429688,5.468952655792236,-0.34610130310058596
-0.5505486130714417,4.979455471038818,0.1938048458099365
-2.3735392093658447,7.232802391052246,-0.23892834424972537
-0.4123069643974304,1.081046462059021,0.05637203574180602
2.172511577606201,2.69844126701355,-0.1376911270618439
-0.04926762729883194,4.612286567687988,0.3714953541755676
-5.127407550811768,2.4662067890167236,-0.4365121078491211
2.553872585296631,7.954837799072266,0.26969672441482545
1.9778013229370117,3.620133399963379,0.23671725273132327
4.219052791595459,5.609588623046875,0.06646864414215087
4.1750407218933105,4.528196811676025,0.7115144658088683
3.9810853004455566,3.566587209701538,-0.403626708984375
-1.5395630598068237,1.2685905694961548,0.3721461296081543
1.340499758720398,7.965936183929443,-0.16458457946777344
3.589939594268799,3.833735704421997,-0.4663577651977539
4.626730918884277,6.66444730758667,0.7510378026962281
1.6221667528152466,3.6635944843292236,0.10955032587051394
3.8699023723602295,4.439736843109131,0.6330040454864502
3.7239739894866943,5.263404846191406,0.009592698812484757
-3.403369426727295,6.295388698577881,-0.38458728790283203
2.9885318279266357,3.036323308944702,-0.38930549621582033
1.9881742000579834,7.599725723266602,-0.04430863916873934
-1.539404273033142,3.9791955947875977,0.08066755890846253
0.16787925362586975,0.695709228515625,-0.3243770980834961
1.171030879020691,-0.09431329369544983,-0.21037179946899415
1.7400044202804565,3.3176779747009277,-0.37240367889404297
-0.08510681241750717,1.7219343185424805,-0.41136741638183594
2.591790199279785,6.792252540588379,-0.3260329818725586
0.2152210772037506,4.481867790222168,-0.16007983684539795
2.6758930683135986,4.564484119415283,0.4767061853408814
3.811934232711792,5.841483116149902,0.22525907993316652
-1.1596989631652832,3.689622640609741,-0.18506221771240233
0.4070749878883362,1.624685525894165,-0.30581912994384763
0.9453951120376587,3.6363558769226074,-0.28112163543701174
-0.6312608122825623,-0.16331392526626587,-0.08415158271789551
1.3213061094284058,2.9765498638153076,0.1900193738937378
0.18064893782138824,0.8712477087974548,-0.21002052307128907
2.724653482437134,4.121403694152832,0.44239531278610233
0.7251240015029907,6.0834641456604,0.05228780031204222
6.851446628570557,3.277305841445923,1.0618968868255616
4.691771507263184,5.567636013031006,1.144413995742798
-0.44664862751960754,2.9974024295806885,-0.29215171813964846
4.830236434936523,5.742575168609619,0.10534527897834778
0.15670190751552582,7.292177677154541,0.2276326608657837
4.166808605194092,6.353968143463135,1.1633421325683595
-1.7424383163452148,2.281738519668579,-0.1684785270690918
2.1322667598724365,3.4470014572143555,-0.40114757537841794
2.139218807220459,6.959537506103516,0.41751675844192504
3.997767686843872,4.472604751586914,0.4897120475769043
6.811936855316162,3.129734754562378,0.18189716339111328
3.574920892715454,4.270346641540527,0.2903666162490845
-1.9864652156829834,6.490360736846924,-0.29410404205322266
0.7827742099761963,2.457406997680664,-0.25585338592529294
2.9247114658355713,4.12741231918335,0.5389486455917358
2.1184182167053223,3.0099692344665527,-0.2783481979370117
0.6569977402687073,4.65012264251709,-0.426074333190918
4.121763229370117,6.183845520019531,0.7912844610214234
-0.7443439960479736,2.4334404468536377,-0.20558103561401367
0.8998748660087585,8.009106636047363,0.4110989427566528
2.1023077964782715,3.157144546508789,-0.34653846740722655
1.998309850692749,4.673098087310791,-0.2470032501220703
3.6304593086242676,4.318995475769043,0.3389507603645325
-0.9933245182037354,2.914423704147339,-0.48569313049316404
2.0611913204193115,1.071610450744629,0.09989606738090515
1.2227873802185059,1.782188057899475,0.04484316229820251
3.1538071632385254,6.0215840339660645,1.2966998863220214
1.579982876777649,1.3728351593017578,-0.2269325065612793
2.908783435821533,3.47039532661438,0.2793358516693115
6.884854793548584,2.915894031524658,0.31306920051574705
3.2512614727020264,4.5227508544921875,0.5001367759704589
0.9352215528488159,5.0433735847473145,-0.24652359008789063
2.5188281536102295,4.677903175354004,0.3119979524612427
-1.4747124910354614,2.733562469482422,-0.3497216415405273
2.804288625717163,-1.7230912446975708,0.0007986605167388805
3.480708122253418,5.811118125915527,0.7165846967697144
2.1293752193450928,5.804635524749756,-0.30210336685180667
1.4784494638442993,5.072332859039307,0.3763566279411316
0.0688248798251152,2.206608295440674,-0.3207925033569336
-2.111455202102661,2.827993392944336,0.23669563770294189
1.7383815050125122,2.1404778957366943,-0.3102349662780762
-0.35886746644973755,4.290423393249512,-0.2509488296508789
0.5142878293991089,2.981640100479126,-0.274462947845459
4.953578472137451,5.536026477813721,1.4027563858032226
-2.8688952922821045,3.1463303565979004,-0.03865179538726804
0.45544588565826416,4.211862087249756,-0.38518714904785156
1.3338369131088257,2.6273396015167236,-0.29052040100097654
0.5630443692207336,-0.6837658882141113,0.07425894737243652
4.624066352844238,2.8094940185546875,-0.05925236344337459
2.694213390350342,0.14817140996456146,-0.13295679807662963
3.0779225826263428,6.461374759674072,-0.1473624336719513
1.4956307411193848,0.24814248085021973,-0.08110922932624814
1.0126745700836182,8.535640716552734,-0.26975248992443085
0.8856298327445984,9.52473258972168,-0.5073152160644532
4.483902454376221,5.6064629554748535,0.35864404678344725
3.8154006004333496,0.6973934173583984,-0.48790267944335936
-0.7914547920227051,7.607800483703613,-0.03840107202529908
-3.836448907852173,6.232728004455566,-0.40163700103759764
1.1039619445800781,1.6762818098068237,0.221676584482193
0.8655369877815247,9.44930648803711,-0.3565757369995117
2.6809778213500977,-0.028583843261003494,-0.1096948826313019
4.128047466278076,2.1364989280700684,0.11142813801765442
1.565205454826355,5.448663711547852,0.02694815874099732
-2.443298578262329,9.5416259765625,-0.4220669937133789
2.561769723892212,-0.6530174016952515,-0.16440100789070128
-1.4707920551300049,8.038507461547852,0.24038828611373902
-2.0010759830474854,9.471015930175781,-0.4620468902587891
-3.165036916732788,4.35241174697876,-0.3358959197998047
2.024052858352661,2.502227783203125,-0.24337042689323424
2.027219772338867,9.793780326843262,-0.09546007871627804
-0.8256842494010925,8.156678199768066,0.17340513467788696
0.6934136152267456,4.729487419128418,-0.09103235483169558
-0.189259871840477,7.097665786743164,-0.18548578262329102
0.14623798429965973,-0.2476046234369278,0.7487474393844604
7.197207450866699,1.309246301651001,-0.3098056995868683
-1.068931221961975,6.63167142868042,-0.19539871335029602
1.216999888420105,9.02918815612793,-0.19177064061164856
1.536643385887146,8.279884338378906,-0.08308122873306273
0.32364895939826965,7.6435699462890625,-0.28022869884967805
-2.347318410873413,8.04366683959961,0.09128598690032957
2.9970922470092773,0.6425498723983765,-0.3939557647705078
-2.8198623657226562,8.046180725097656,-0.011502612829208392
-4.486497402191162,4.41843318939209,-0.49553516387939456
1.0109424591064453,5.624423027038574,-0.18591320037841796
4.112138748168945,6.078559398651123,-0.047626723051071185
1.9672602415084839,0.18529394268989563,0.1681227254867554
-2.6032161712646484,10.341543197631836,-0.41455467283725733
-3.3619744777679443,9.367032051086426,-0.23918834924697874
-0.02670580893754959,9.223611831665039,-0.2061958432197571
-2.7363526821136475,8.90514087677002,-0.21681815683841704
-0.07330574840307236,1.8054512739181519,0.06289826273918153
1.7422471046447754,4.938634872436523,-0.15432579755783082
-2.9571261405944824,9.581418991088867,-0.5290899658203125
3.1618545055389404,-1.050730586051941,-0.4511032867431641
2.245392084121704,3.9241464138031006,-0.2137262225151062
-0.3285672664642334,7.821658134460449,-0.4011227798461914
-0.11919889599084854,8.211417198181152,-0.47099727630615235
2.361337900161743,8.438604354858398,-0.3881948471069336
-0.26798945665359497,5.968601226806641,-0.12899235725402833
2.5545952320098877,4.837471961975098,0.2606648015975952
-2.2079386711120605,9.563310623168945,-0.11046590805053713
-0.9244468212127686,9.249566078186035,-0.3363916659355164
1.8181190490722656,6.5394744873046875,-0.358037109375
-1.3976434469223022,8.538363456726074,-0.0740041309595108
0.7597644329071045,5.430763244628906,0.2682659387588501
0.5515034794807434,9.0753755569458,-0.05353121399879457
3.107964515686035,-0.8960524797439575,-0.6065878677368164
7.501241683959961,2.769327402114868,0.4887035131454468
7.21668004989624,1.1657016277313232,-0.38446346402168274
3.4279608726501465,-0.3334980607032776,-0.41428462982177733
1.111555814743042,2.648280143737793,0.09563634872436522
4.350185871124268,2.525698184967041,-0.03029635429382327
-3.116396427154541,5.530777454376221,-0.49774742126464844
-3.127518653869629,4.846831321716309,-0.23932485580444335
-2.184453248977661,7.895266056060791,-0.2823469161987305
2.205488920211792,-0.5348402261734009,-0.41066673278808596
-0.13152916729450226,7.633547306060791,-0.25654846131801606
-1.1179463863372803,2.619922161102295,-0.3315598678588867
0.2407958209514618,5.952569961547852,-0.36601039886474607
-2.7553443908691406,3.8834681510925293,0.2748032784461975
-1.5664087533950806,9.322535514831543,-0.09289924979209901
1.2681959867477417,7.735317230224609,-0.35685611724853517
-2.5252809524536133,10.212408065795898,-0.2836995637416839
-0.2115175724029541,8.311246871948242,0.28133994102478027
3.548917531967163,3.0032057762145996,-0.20402034640312194
-2.5606958866119385,7.671083927154541,0.23770553827285767
4.783625602722168,3.3106918334960938,0.25767245054244997
-1.0424739122390747,6.695491790771484,-0.39608718872070314
0.9859718084335327,8.726725578308105,-0.09731830239295958
-0.17698590457439423,1.9977351427078247,0.17684797048568726
6.795975208282471,1.7616313695907593,-0.4139959800243378
7.92880392074585,5.272500038146973,-0.31462909102439884
-2.935978651046753,2.119119167327881,-0.4058059310913086
-3.2037222385406494,9.385408401489258,-0.4416091156005859
3.17543625831604,2.4572901725769043,-0.4089328384399414
2.988846778869629,3.4203648567199707,0.24915262699127194
2.3757355213165283,7.321297645568848,-0.10594641804695132
0.12192519754171371,3.8215765953063965,-0.1504319953918457
0.17188642919063568,2.1850028038024902,0.0214982867240906
2.3869893550872803,6.609193325042725,0.041310691833496116
-0.9951114654541016,7.586747646331787,-0.5044353103637695
-0.2780904471874237,7.219408988952637,-0.562598991394043
1.0030770301818848,8.075067520141602,-0.09433733940124511
0.8853840231895447,6.3583526611328125,-0.5002624130249024
1.3736369609832764,6.5913496017456055,-0.11389211773872376
3.1271557807922363,-1.8126254081726074,-0.2755441635847091
2.885650873184204,7.561114311218262,-0.16306174516677852
2.0344598293304443,3.90956974029541,-0.2747850316762924
0.6815955638885498,2.509018659591675,-0.21999874114990237
-1.462895154953003,6.564088821411133,-0.323099365234375
0.06030556559562683,9.17027473449707,-0.2242045271396637
3.9229087829589844,0.842830240726471,-0.027572340965271003
-1.8152234554290771,10.783162117004395,-0.28338027954101563
2.5329692363739014,6.491457462310791,-0.0649187755584717
7.348273277282715,4.885532379150391,-0.4602377277612686
-0.8142535090446472,4.567586421966553,-0.48135154724121093
3.6521384716033936,0.6887993216514587,-0.39359230041503906
2.2826058864593506,9.27108097076416,-0.2769646739959717
0.6685328483581543,9.821331977844238,-0.16589107513427737
1.2590610980987549,5.966632843017578,-0.3166844367980957
2.605950117111206,6.686791896820068,-0.23699137926101682
-1.3851394653320312,10.294053077697754,-0.18611673057079314
9.975160598754883,3.928222894668579,0.39229727983474727
1.1722480058670044,-0.5009976625442505,-0.3212877655029297
3.2388312816619873,-0.5346415638923645,-0.34002696990966796
2.36869478225708,5.75201940536499,0.06342449069023132
1.7358568906784058,7.250744819641113,-0.15629944920539857
0.049372442066669464,5.419042587280273,-0.14383071541786197
3.9137802124023438,1.1591072082519531,-0.37314781188964846
1.3589051961898804,8.866170883178711,-0.4529283142089844
2.1635875701904297,8.868891716003418,-0.4042810440063477
2.4680261611938477,0.2964614927768707,0.33629910707473754
1.9811509847640991,5.770043849945068,-0.17303082525730135
2.471583843231201,8.301148414611816,0.007033541202545179
-2.1631414890289307,5.889612674713135,-0.2494985771179199
1.9801300764083862,4.682241439819336,-0.15911331176757815
-2.499218225479126,8.984479904174805,-0.236115899682045
-0.44677305221557617,6.256006240844727,-0.24216127395629883
-0.5153199434280396,8.065018653869629,-0.16236123621463777
-3.786013126373291,7.096789360046387,-0.0803091698884964
3.3184077739715576,1.022672176361084,-0.19542945861816408
-1.2108628749847412,7.0850114822387695,-0.34239208221435546
-0.17833392322063446,4.938689708709717,0.12161884546279908
1.6122742891311646,3.666553258895874,0.10674099445343016
4.579914569854736,2.9854602813720703,0.08646070599555972
-3.8262431621551514,6.996857643127441,-0.516481819152832
0.8376007080078125,8.592995643615723,-0.13244515895843506
0.14063626527786255,6.394853591918945,-0.2687022018432617
-2.316066026687622,4.284323215484619,-0.1837120246887207
7.063807487487793,2.7670633792877197,-0.11984863996505735
-2.583613395690918,9.333898544311523,-0.12746500492095947
3.735724925994873,1.1584542989730835,-0.4887873077392578
-1.4795318841934204,3.9608137607574463,-0.4455640411376953
-2.174936532974243,10.016751289367676,0.0954215216636658
-1.003870964050293,7.601860046386719,-0.35678199768066404
-2.3831787109375,2.5640013217926025,-0.1541854476928711
-0.6081030368804932,8.36500358581543,-0.28720911383628844
2.9905123710632324,0.46129468083381653,-0.3075350570678711
3.5672764778137207,-0.5261982679367065,-0.22450894117355347
-0.08808596432209015,8.207233428955078,-0.27047555923461913
2.063371181488037,-1.3006476163864136,-0.11843349575996398
0.9586580991744995,6.504074573516846,0.14726775407791137
4.2144646644592285,5.275335311889648,0.2443480706214905
1.8976402282714844,6.740870952606201,-0.536175193786621
-4.217152118682861,7.982393741607666,-0.207811741232872
3.2926185131073,7.671419620513916,-0.11352421998977663
0.7776687741279602,8.509854316711426,-0.387604866027832
2.876154661178589,0.43579548597335815,-0.4289673614501953
-5.720028877258301,3.3479905128479004,-0.4394805908203125
0.9672110080718994,6.666538715362549,-0.10868848562240602
3.4433236122131348,2.102088689804077,0.023198080062866222
1.592570185661316,3.8511862754821777,-0.28567705154418943
3.0554935932159424,0.6813062429428101,-0.1104079049825668
2.6847634315490723,2.10874605178833,0.0383243417739868
-0.7353272438049316,8.572136878967285,-0.41597518920898435
-1.9839376211166382,7.1914963722229,-0.5311788558959961
-2.5778393745422363,8.062468528747559,-0.03229557871818545
2.9117794036865234,8.059398651123047,0.10043411016464232
1.691516637802124,2.352959632873535,-0.3507270812988281
1.3072293996810913,9.330862998962402,-0.26463478088378906
1.2065104246139526,5.833232402801514,-0.09102712035179139
-0.20782500505447388,7.258151531219482,-0.44532501220703125
-0.5094642639160156,8.783429145812988,-0.40069210052490234
-1.8921246528625488,9.852166175842285,-0.09061442375183104
1.9715443849563599,0.8783107995986938,-0.025082123279571544
0.028993962332606316,9.715779304504395,-0.42437408447265623
0.12435121834278107,8.248346328735352,-0.37291099548339846
2.0753567218780518,7.231620788574219,-0.14057031631469724
1.9482381343841553,6.275275707244873,0.016222895383834812
1.6989394426345825,2.5308759212493896,-0.46128040313720703
1.3241345882415771,7.4998650550842285,-0.4151967620849609
-2.8666629791259766,8.12326431274414,-0.39517314910888673
2.712944269180298,0.7779191732406616,-0.28187395095825196
-2.9996516704559326,7.684205532073975,-0.14776666462421417
1.0080351829528809,9.703752517700195,-0.1967514741420746
-1.678450107574463,8.553664207458496,-0.3293155610561371
2.806520700454712,-1.7115488052368164,-0.1670363450050354
1.4663207530975342,9.842803001403809,-0.38698062896728513
2.4939165115356445,0.7436795830726624,-0.4079627990722656
1.9300572872161865,6.21827507019043,-0.2187628400325775
-3.7849631309509277,2.8287301063537598,-0.4238874435424805
-3.2217962741851807,9.85566520690918,-0.4301966857910156
2.9549717903137207,1.0365506410598755,-0.0875106990337372
2.0976040363311768,7.717923641204834,0.2626475191116333
-0.0410011000931263,9.028794288635254,-0.28790535032749176
-2.340482473373413,3.842311382293701,-0.3726956558227539
8.819540023803711,6.269766807556152,0.036266214847564704
2.297624111175537,-1.9165676832199097,0.03036949157714841
0.7872978448867798,5.123177528381348,-0.06480618000030519
2.061333179473877,7.7020649909973145,0.5468554925918578
-0.39775800704956055,8.198039054870605,-0.12935361146926883
-0.20745091140270233,8.124734878540039,-0.40600242614746096
5.246700763702393,3.555622100830078,-0.04580743074417115
2.330648422241211,-0.7259491682052612,-0.2704534721374512
1.6464900970458984,6.320009231567383,-0.3079445803165436
0.519582986831665,4.845465660095215,0.16769691586494445
2.0634117126464844,-0.521353006362915,-0.4953019332885742
-2.3348567485809326,8.033180236816406,-0.46058216094970705
4.478644847869873,6.313546180725098,-0.005560767650604259
0.20196397602558136,7.2370147705078125,-0.09988747596740723
1.3425201177597046,8.730212211608887,-0.18878026962280275
2.2771120071411133,-0.535252571105957,-0.2568181037902832
2.7048051357269287,-1.2808990478515625,-0.3631057357788086
2.1186368465423584,0.7846512198448181,-0.23247806549072267
2.041010856628418,2.8127880096435547,-0.2281339454650879
-0.7749550342559814,7.680293560028076,-0.015672389268875098
0.5492485165596008,4.602780818939209,-0.3341312789916992
-2.204606771469116,8.311919212341309,0.044650452136993424
-1.8675506114959717,4.096410274505615,-0.08859326362609865
2.2099263668060303,-0.7449564337730408,-0.44202911376953125
2.342068910598755,0.16174811124801636,0.010801873207092305
3.070042133331299,7.971271514892578,0.1939583587646484
-0.18397046625614166,9.067777633666992,-0.33873332977294923
1.998379111289978,8.300106048583984,0.4637110686302185
1.9228482246398926,8.999001502990723,-0.06776818513870242
2.490227460861206,1.1630051136016846,-0.5110074996948242
-4.29515266418457,3.643148183822632,-0.43414714813232425
-3.244807004928589,8.33448314666748,-0.13579862952232363
2.3122293949127197,7.486621379852295,-0.16105992794036866
1.6993310451507568,3.809889793395996,0.030154840946197525
2.753072738647461,-0.797994077205658,0.20366483569145205
6.851668357849121,1.473739504814148,-0.49873899102210995
2.2516486644744873,-0.4187702536582947,0.19293259382247924
-2.212205171585083,9.933117866516113,-0.46176761627197266
0.6697919964790344,7.5796709060668945,-0.32379851937294
0.3426593840122223,7.451624870300293,-0.37949337005615236
0.7337935566902161,-0.24956254661083221,-0.08212995529174805
2.456547260284424,8.144270896911621,0.02592500805854797
3.0548245906829834,2.366943359375,-0.39025772929191593
-0.935808539390564,6.75783634185791,-0.11185311794281005
-1.5816963911056519,8.407556533813477,-0.3291695022583008
-5.114299774169922,4.76140022277832,-0.4143853759765625
2.7218029499053955,-0.835633397102356,-0.02527857780456544
2.134530544281006,0.8586969971656799,0.15575792312622072
1.7941269874572754,7.047635555267334,-0.00938756227493287
0.2491561323404312,9.223937034606934,-0.14913431882858275
2.2929697036743164,3.469815731048584,0.18900610446929933
2.8461191654205322,-1.3145397901535034,-0.1290643984079361
0.948606014251709,6.877669811248779,-0.3607041931152344
0.5210008025169373,7.021972179412842,-0.2629087549448013
0.32638826966285706,5.2901811599731445,0.5020123720169067
-3.261861562728882,6.232831954956055,-0.32445362091064456
-0.6514005064964294,7.219620227813721,-0.21600500106811524
-0.3659498691558838,6.086341381072998,0.14958658456802368
-1.8521637916564941,10.058024406433105,0.01677556753158571
2.6884512901306152,4.076370716094971,0.15634045004844666
-1.7096736431121826,9.42016887664795,-0.16193319141864776
-0.16032838821411133,1.3133577108383179,-0.0935676383972168
-1.0618007183074951,5.705431938171387,-0.20193886339664457
2.1747188568115234,8.120059967041016,-0.3104666137695313
-1.1341673135757446,7.949615001678467,-0.4365674591064453
1.0290591716766357,9.942435264587402,-0.3202067589759827
2.954178810119629,4.514401912689209,-0.007583000659942607
1.5146923065185547,4.417899131774902,-0.19234970092773437
-0.3678738474845886,8.091743469238281,-0.05936376810073851
-2.595808267593384,9.153172492980957,-0.4302251434326172
0.7652450799942017,7.87858247756958,-0.4694086456298828
9.668947219848633,3.8330037593841553,-0.2827063113451004
-2.5820603370666504,9.102417945861816,-0.4123117446899414
-5.491583824157715,4.591678619384766,-0.5003011703491211
0.8110647201538086,7.895811080932617,-0.46370830535888674
2.8683855533599854,-1.281440019607544,0.00781809091567992
-3.3860225677490234,5.713602542877197,-0.28699771881103514
0.9374864101409912,6.186440467834473,-0.11704182863235474
2.757319688796997,-1.0190680027008057,-0.21344177067279818
0.1456500142812729,7.862133502960205,0.1576971936225891
-2.3001513481140137,4.082452774047852,-0.5401599502563477
-2.2399284839630127,9.855452537536621,-0.11967716515064242
2.7566537857055664,1.0694888830184937,-0.14661820292472838
1.2203205823898315,0.16875861585140228,-0.5039924621582031
1.697695016860962,3.7185027599334717,-0.00016544044017791082
0.7856705784797668,6.303366661071777,0.2641474676132202
-3.1016736030578613,6.015781879425049,0.06301585078239441
2.9696226119995117,8.219013214111328,0.04985818862915037
1.4093549251556396,-0.22650109231472015,-0.14730671763420106
1.550742506980896,8.520137786865234,-0.3781976318359375
2.041002035140991,7.324141025543213,-0.20196665763854982
-3.778641939163208,8.717391014099121,-0.4437484359741211
2.055041551589966,-0.7970114350318909,-0.4419751739501953
6.0638885498046875,4.433553695678711,-0.12080368041992187
0.0013473330764099956,7.302757740020752,-0.5254391098022461
0.9725890755653381,7.736413478851318,-0.40643810272216796
1.4591618776321411,1.3665988445281982,0.03290430426597596
3.1546809673309326,-0.7428652048110962,-0.22154783248901366
4.51357889175415,2.8420462608337402,0.1319024682044983
-0.5717213749885559,8.88180923461914,-0.5087739562988282
0.02186541073024273,9.615143775939941,0.1351600646972656
2.9206457138061523,1.8926211595535278,-0.36539813995361325
-0.7627782225608826,6.996709823608398,-0.24409284591674804
-2.283135175704956,9.65359878540039,-0.3877215576171875
2.8557844161987305,7.315853118896484,0.15187371969223024
-2.3470778465270996,8.423734664916992,-0.33924007415771484
-3.046100616455078,9.875226974487305,0.2254033470153809
5.99371337890625,3.2097201347351074,-0.5189399337768554
-1.9431700706481934,2.5080249309539795,-0.15751345634460448
2.0248682498931885,0.16654685139656067,0.13641640424728393
0.6108607649803162,4.348324298858643,-0.576884994506836
3.1210639476776123,-0.9221572279930115,-0.5439719009399414
-3.2215988636016846,9.53180980682373,-0.2865875655412674
-0.3989580273628235,2.2307820320129395,-0.16522283673286436
-1.1798880100250244,9.045086860656738,-0.3666299057006836
-2.5634288787841797,9.024295806884766,-0.48047657012939454
3.0203697681427,-0.2400055080652237,-0.32316566467285157
2.749044418334961,5.760932445526123,0.12254166603088379
2.4376790523529053,7.520832538604736,0.028504128456115718
-0.7035040855407715,8.724249839782715,-0.3409144592285156
-0.23141659796237946,9.648962020874023,-0.3622413635253906
0.030114388093352318,3.1076743602752686,-0.07562267661094668
-1.2917990684509277,7.849855422973633,-0.3237298583984375
-4.424349784851074,7.642306804656982,-0.46126033782958986
0.8748149275779724,9.14489459991455,-0.38671653747558593
-1.8812463283538818,8.383463859558105,-0.48824817657470704
-0.701303243637085,2.4884426593780518,-0.2727548789978027
-1.8413379192352295,8.26445198059082,-0.3739567184448242
-2.6352853775024414,9.616037368774414,-0.15725824236869812
0.31862515211105347,9.38693618774414,-0.5159605407714843
1.462646245956421,9.074203491210938,0.10500905513763426
3.8788020610809326,0.7747871279716492,-0.3479570770263672
2.380160331726074,-1.727880835533142,-0.4356903076171875
-0.0049074268899858,7.667878150939941,-0.44763286590576173
1.0902140140533447,8.625636100769043,-0.34776329040527343
1.9953464269638062,6.725809574127197,0.14599258899688722
3.099116563796997,8.521294593811035,-0.1300820744037628
1.6088359355926514,3.7170374393463135,-0.3525006866455078
-5.410009860992432,3.3518762588500977,-0.5271600723266602
1.8812086582183838,4.549518585205078,-0.2443526220321655
2.9156222343444824,0.52747642993927,0.13226613998413084
2.175355911254883,0.39465567469596863,0.3119123363494873
1.197594404220581,0.5946088433265686,-0.30260103225708007
-0.9575487375259399,3.427001953125,0.2235737633705139
-3.541555166244507,8.657607078552246,0.7702479267120361
0.7542315721511841,2.93029522895813,-0.45417396545410155
2.424926996231079,-0.39489153027534485,-0.08634367883205413
-3.4105751514434814,7.707501411437988,-0.5165866851806641
-2.7968227863311768,9.393936157226562,-0.48262691497802734
3.6620876789093018,0.5358601808547974,-0.5064688491821289
1.0493308305740356,8.899004936218262,-0.1425675863027573
-0.9383307695388794,3.9108736515045166,0.18514606952667237
-1.1853554248809814,9.048535346984863,-0.5633197784423828
2.596773386001587,8.59341049194336,0.1757189226150513
1.5206292867660522,9.000483512878418,0.09939523339271544
-0.7320613265037537,6.398448467254639,-0.40437347412109376
1.606040120124817,4.896611213684082,-0.28573991775512697
1.509492039680481,6.4430365562438965,0.0718860340118408
0.36080071330070496,8.961544036865234,-0.4957834243774414
3.2567849159240723,1.5361547470092773,-0.3039336013793945
2.5430452823638916,0.35228800773620605,-0.34832530975341797
1.0169084072113037,8.119196891784668,0.14870211124420166
4.192288398742676,6.3070268630981445,0.037257933616638206
7.7729811668396,2.6656932830810547,0.47988534450531006
0.5906683802604675,9.169930458068848,0.4516033744812012
2.0385043621063232,8.686151504516602,0.19229784965515134
-1.6715480089187622,8.315757751464844,-0.23377293109893799
0.8859502077102661,6.416351318359375,-0.36897438049316406
0.8092049956321716,8.117478370666504,-0.2613557815551758
2.966430187225342,5.721582889556885,0.3937837147712708
0.6821839213371277,8.967103004455566,-0.10474635243415831
-0.2601056396961212,6.960511684417725,0.1345642066001892
0.7614403367042542,5.273923397064209,-0.3869172668457031
1.5958434343338013,-0.17554934322834015,-0.07865318238735197
-0.07512043416500092,6.0258917808532715,-0.31288202285766603
4.00611686706543,6.8437180519104,-0.18463678359985353
-0.11119961738586426,6.0588860511779785,0.16347364902496336
0.33964595198631287,9.580954551696777,-0.4782358551025391
0.6030988097190857,6.770291805267334,-0.4309292984008789
1.6960772275924683,7.391313076019287,0.015904233455657946
-3.2902143001556396,9.307303428649902,-0.47405052185058594
-0.6765612363815308,6.928639888763428,0.36383108377456663
1.6521937847137451,6.867237091064453,0.053724178075790385
3.0948169231414795,3.042279005050659,-0.05077469944953916
1.0555707216262817,9.225111961364746,-0.21530824422836303
-2.1751115322113037,2.658970594406128,-0.3941881561279297
1.6486032009124756,7.532027721405029,-0.32032081604003904
1.065360426902771,8.483827590942383,-0.2322865414619446
-1.396974802017212,7.7250471115112305,-0.40675193786621094
1.9540244340896606,3.28617262840271,0.15244049787521363
0.2814825177192688,9.445269584655762,-0.442939453125
-0.28736668825149536,7.0657958984375,-0.05222340166568756
1.6710318326950073,4.693827152252197,-0.33652290344238284
0.8258426189422607,0.5124478340148926,-0.15600615501403808
1.1774930953979492,10.039704322814941,-0.06925742387771605
-0.8042556047439575,3.3503904342651367,-0.12696180164813997
0.622748851776123,10.01716136932373,-0.33389423370361326
-0.7273459434509277,5.025627136230469,0.27204676270484923
7.331964492797852,1.1708682775497437,-0.3855332577228546
1.3641717433929443,7.952181339263916,-0.4472372055053711
3.721801280975342,5.642062187194824,0.09348370075225831
1.8498157262802124,3.398698091506958,-0.11419534325599673
-0.81207275390625,9.314749717712402,-0.02092138171195984
-3.3172051906585693,5.902128219604492,-0.2839431571960449
2.3309240341186523,7.8448381423950195,-0.4786510467529297
-1.1496554613113403,8.1458740234375,-0.3678447723388672
3.8203132152557373,1.3831744194030762,-0.04331328988075256
2.1467177867889404,-0.47734305262565613,-0.3708213806152344
-2.0393245220184326,3.050102949142456,-0.23160845041275024
2.142819881439209,-0.11452913284301758,-0.4711043167114258
0.6846967339515686,5.669553756713867,-0.25986660897731784
0.9789943695068359,6.622406005859375,-0.3927217102050781
3.1284008026123047,8.50622272491455,-0.19329948782920836
3.673912763595581,1.367469310760498,-0.13911762773990632
1.8300082683563232,9.073492050170898,0.027521622180938732
1.943137526512146,2.8342463970184326,-0.33424633026123046
3.2474477291107178,5.47934103012085,0.0075262618064880216
1.563920021057129,8.656350135803223,-0.2227541559934616
0.43906497955322266,7.473912715911865,-0.12965636491775512
-1.968086838722229,9.099565505981445,-0.3725536394119263
4.200297832489014,2.215315341949463,0.048374309539794935
-3.3276445865631104,8.165719985961914,-0.2773196029663086
0.9803577065467834,7.714162349700928,-0.34602989196777345
3.7922916412353516,0.7005653381347656,-0.4135751724243164
1.4731576442718506,7.565476894378662,-0.24250752210617066
0.014390628784894943,7.86417293548584,-0.012917571067810052
2.5789265632629395,0.2968166768550873,0.08524122357368469
0.04649030417203903,6.815773010253906,-0.32452342987060545
1.8253825902938843,7.668725967407227,0.03749005436897279
-0.6122604012489319,8.255550384521484,-0.26756591796875
2.8453867435455322,1.249916672706604,-0.16360737681388854
3.1977434158325195,-0.6970693469047546,-0.05426872849464415
-0.3002045452594757,8.307374954223633,-0.5065860366821289
4.29923677444458,3.034470558166504,-0.07017481088638305
-3.782841682434082,6.889795303344727,-0.06970066666603086
1.68095064163208,1.9865871667861938,-0.26582780838012693
0.7792161107063293,4.731035232543945,-0.34939422249794005
1.8258991241455078,8.27432632446289,-0.0625102925300598
0.8911978006362915,3.926069974899292,-0.3243567657470703
-0.8347964286804199,6.345655918121338,-0.1913738250732422
1.4137499332427979,1.9845895767211914,-0.13894536435604093
-2.1366066932678223,10.007529258728027,-0.4513264846801758
-2.085026979446411,9.187909126281738,-0.38519069671630857
0.6814386248588562,7.627247333526611,-0.2749601745605469
-0.2449381947517395,5.49289083480835,-0.08990559577941895
0.7687190771102905,9.098267555236816,-0.08034445881843566
-3.65140438079834,2.6824874877929688,-0.28593772888183594
0.10492080450057983,7.6896071434021,-0.35880073547363284
-1.370758056640625,2.579192638397217,0.19295440196990968
-2.496958017349243,9.163665771484375,0.059299764633178764
2.778745651245117,7.436607837677002,-0.15778406858444216
-0.09264644235372543,9.66338062286377,-0.23173800349235535
1.5877981185913086,8.088494300842285,0.08209265947341918
1.4787567853927612,2.955685615539551,-0.34816661834716794
2.250274658203125,7.762333869934082,-0.16019889831542966
-1.6193698644638062,7.274153709411621,0.0263702815771103
9.741945266723633,5.367650508880615,-0.17728026151657106
1.3644424676895142,9.288128852844238,0.01199098229408263
0.9943771362304688,5.248562335968018,0.17458529472351075
-3.9447710514068604,6.184012413024902,-0.1927578538656235
-1.3953795433044434,6.911478042602539,-0.13496036052703858
3.6401517391204834,0.21427710354328156,-0.4142957305908203
-0.6961952447891235,4.237353324890137,-0.0822699785232544
-0.3552387058734894,8.842618942260742,-0.2594143784046173
5.9584245681762695,3.1687893867492676,-0.4394794845581055
3.622133255004883,0.039592400193214417,-0.4163136291503906
1.4491342306137085,7.398318767547607,-0.07083300352096555
0.8619130849838257,1.206917405128479,-0.19745538711547853
1.5409737825393677,8.875094413757324,-0.5244142150878907
1.4467483758926392,6.187368869781494,0.2989214193820953
1.7934550046920776,7.27941370010376,-0.19651091873645782
-1.1619718074798584,3.3071682453155518,-0.3052187919616699
0.8150034546852112,6.493466854095459,-0.4399674224853516
7.526319980621338,2.8998920917510986,-0.37577110290527344
-0.061478279531002045,9.183337211608887,-0.4245375823974609
-2.3781628608703613,8.00700569152832,-0.03461002469062807
1.5220128297805786,2.621129274368286,-0.06367832779884336
-1.1433846950531006,10.017633438110352,-0.4671744155883789
2.9160196781158447,8.11450481414795,-0.4224071884155273
2.661109447479248,3.4021220207214355,0.35726452827453614
-0.3405419588088989,7.774074554443359,-0.34120967864990237
1.9428495168685913,9.138371467590332,-0.06332572460174563
1.4983652830123901,5.788574695587158,-0.27063082218170165
0.8620167970657349,8.182550430297852,-0.30557472229003907
6.87769889831543,4.433684825897217,-0.39718673706054686
1.440081238746643,-0.3480985164642334,0.02113671422004698
-1.4418293237686157,9.53412914276123,0.10518179297447205
2.8204500675201416,6.119404315948486,-0.15302656173706053
2.9376742839813232,8.618380546569824,-0.27369834363460543
1.4659321308135986,9.071396827697754,-0.4815302658081055
0.12228240072727203,9.516841888427734,-0.1480872178077698
1.1237231492996216,6.732687473297119,-0.08945420384407043
0.27310851216316223,9.574341773986816,0.10645433425903322
1.3815370798110962,9.181723594665527,-0.4874519729614258
0.9050310254096985,2.6065165996551514,0.20544557213783265
-1.094519019126892,6.900795936584473,-0.1581181263923645
1.416978359222412,6.912578105926514,-0.31750732421875
-1.2783979177474976,6.65496301651001,-0.08621895194053653
-1.1399731636047363,8.637569427490234,-0.4889450836181641
4.770279884338379,4.785305500030518,0.6341866874694824
1.2437632083892822,5.397865295410156,-0.4025351345539093
-0.6655557751655579,9.035780906677246,-0.20634114146232607
-1.6337499618530273,9.816787719726562,-0.43747692108154296
-0.11552081257104874,7.11379861831665,0.17167105793952941
-0.6289932131767273,7.616683006286621,-0.18905881166458127
0.7654213905334473,5.890191555023193,-0.3407451629638672
-0.9198890924453735,6.400552749633789,0.13047369718551638
3.225003480911255,0.13921624422073364,-0.4313653564453125
1.5727806091308594,8.476369857788086,-0.36986217498779295
0.9962012767791748,8.42116928100586,-0.20826030731201173
0.4537540674209595,7.559940338134766,-0.36052459716796875
3.1947872638702393,6.926003456115723,0.06759963035583494
1.6099119186401367,7.828257083892822,-0.27382204949855804
-0.48444873094558716,5.762720584869385,-0.11971611142158506
1.1963458061218262,6.724874496459961,-0.22586187422275544
3.1645636558532715,4.484653949737549,0.2786217451095581
1.1206603050231934,7.2737836837768555,-0.20131167769432068
3.4798264503479004,5.969080924987793,0.349570004940033
-1.908823847770691,3.43030047416687,-0.13966463208198548
-2.631087064743042,9.846407890319824,-0.42887786865234373
-0.3409457802772522,8.34793758392334,-0.24480215668678285
-1.550865888595581,4.1003265380859375,-0.2261719512939453
0.6130433678627014,3.318690538406372,-0.051395564079284695
1.811908483505249,6.579640865325928,-0.39021533966064453
2.083099842071533,2.7085888385772705,-0.041544897556304916
-3.6222221851348877,7.20916223526001,-0.02091759085655215
2.079523801803589,0.5503527522087097,0.006302530765533443
7.632140159606934,3.2149171829223633,-0.31612092494964594
2.235734462738037,4.818384647369385,-0.3768316650390625
-1.930286169052124,7.72797155380249,-0.0015510511398315607
0.2772955596446991,2.6638381481170654,-0.12319250106811525
0.6926859021186829,8.143269538879395,0.24635236740112304
0.36089324951171875,4.174656391143799,-0.31180883407592774
0.4288610517978668,9.408928871154785,-0.24360139131546021
2.8780837059020996,4.742793560028076,-0.34792854309082033
-0.8321288824081421,10.25640869140625,-0.23625512182712555
-0.48599550127983093,4.509619235992432,-0.21414264678955078
4.964407920837402,5.651386737823486,0.8735437297821045
2.516299247741699,2.9212021827697754,-0.08216059923171998
1.8326733112335205,5.335287570953369,-0.009357883930206312
-2.299016237258911,8.732760429382324,-0.033158726692199714
3.3924269676208496,2.8911828994750977,0.23022480249404909
-0.20409458875656128,5.283725738525391,0.10435887217521667
0.8908942341804504,5.408128261566162,-0.027594381570816062
0.9250040054321289,1.039681077003479,-0.23566017150878907
2.0990967750549316,3.0992136001586914,-0.160313663482666
2.476191520690918,2.6287386417388916,-0.3370205307006836
6.477426528930664,4.8604583740234375,-0.29845003128051756
2.5102996826171875,5.177506446838379,-0.17008118212223056
-0.8941701650619507,7.812678813934326,-0.13285588860511782
2.2313742637634277,6.029870986938477,-0.5038557815551757
1.9378689527511597,7.306058406829834,-0.21442901611328125
1.7466912269592285,7.6144256591796875,-0.25577680408954623
-0.7484201788902283,8.21655559539795,-0.23616710662841797
0.8417306542396545,9.13501262664795,-0.33111221313476563
8.436936378479004,4.410284042358398,0.3756373929977417
-1.0137250423431396,5.694085121154785,-0.023376739025115945
-1.882520318031311,7.310466289520264,-0.2209975862503052
7.383371353149414,2.690364122390747,0.038454334735870344
0.46874570846557617,4.952652454376221,-0.42008529663085936
-0.49926841259002686,2.7163593769073486,-0.3330322265625
2.2032721042633057,7.170556545257568,-0.4211573028564453
1.806086778640747,6.234870910644531,-0.33319190979003904
0.4845399856567383,5.571186065673828,-0.25969442367553713
4.5522308349609375,4.957823276519775,0.35033307552337645
0.9806146621704102,4.187935829162598,-0.043000779151916524
2.2312381267547607,5.062987804412842,0.24144579887390138
-0.15892456471920013,8.977672576904297,-0.4993389892578125
0.5488877296447754,6.905821800231934,-0.3818621063232422
-2.660842180252075,2.4829437732696533,-0.38695579528808594
2.1183834075927734,8.349152565002441,-0.40848953247070313
1.933064579963684,5.777328014373779,-0.1624231594800949
-1.8003675937652588,5.360377788543701,-0.22279193878173828
0.1603701412677765,8.504257202148438,-0.31269638061523436
1.8552424907684326,3.9822354316711426,-0.21547195434570313
2.840519666671753,3.953279495239258,0.7184261274337769
2.1291234493255615,6.693532466888428,0.5337258815765381
1.788190245628357,4.6291069984436035,-0.14905370473861695
-1.293359637260437,10.240216255187988,-0.4191641616821289
1.011468768119812,8.023638725280762,-0.31990751266479495
1.5374457836151123,9.460089683532715,-0.41362682342529294
3.0199286937713623,0.484040766954422,-0.24608964920043946
4.557923316955566,7.062222957611084,-0.1685162627696991
-1.795913815498352,6.754831314086914,-0.4287005615234375
-0.4400681257247925,5.445280075073242,0.0262526273727417
3.1834607124328613,5.691472053527832,0.3121638250350952
-3.085282564163208,5.995784282684326,-0.1213875138759613
1.17144775390625,4.007533550262451,-0.304869441986084
2.5648937225341797,6.231112480163574,-0.09533541917800903
2.3382508754730225,3.837662935256958,-0.167856006026268
3.59370493888855,4.104100704193115,-0.07499599814414976
0.2360939383506775,7.377333164215088,-0.40292701721191404
3.375105857849121,3.940694570541382,-0.11713855981826782
2.037050485610962,6.364663124084473,-0.25823373436927793
0.8500858545303345,5.388185501098633,0.07846538543701173
4.049012184143066,6.489638328552246,0.764550724029541
3.9929280281066895,5.501650333404541,0.04810989618301392
1.478178858757019,5.619144439697266,0.21759672164916993
2.99752140045166,5.109617233276367,-0.2902641725540161
1.8706921339035034,6.003593444824219,0.08940243124961855
1.7449158430099487,6.269682884216309,-0.01727132678031923
3.5118329524993896,2.1791651248931885,0.14807796955108643
0.6077516078948975,3.176868438720703,-0.11755353212356567
-1.043899416923523,6.042200565338135,-0.2647685021162033
-0.307134747505188,3.5414369106292725,-0.45633155822753907
2.702249050140381,2.6565184593200684,-0.44777206420898436
-1.7546695470809937,5.916252136230469,0.07648676276206973
-2.113884449005127,2.3761541843414307,-0.24409957885742187
8.751489639282227,4.744541168212891,0.3990175223350525
0.6805101633071899,9.535099983215332,-0.4343032073974609
-1.015097737312317,7.913830280303955,-0.4389049530029297
1.935296893119812,4.924924850463867,-0.4109714126586914
2.700669527053833,1.9676287174224854,-0.2563012725114822
2.0657527446746826,6.357476234436035,-0.46229091644287107
0.12475299835205078,1.32536780834198,-0.36676071166992186
2.6556756496429443,7.272774696350098,0.14142735958099367
1.30831778049469,6.413538455963135,-0.22294253945350645
5.094756603240967,3.7668251991271973,-0.03558968067169188
3.213273286819458,3.1798267364501953,0.1271434164047241
-1.8726040124893188,0.45916712284088135,0.13226808786392213
2.1941537857055664,0.31601640582084656,-0.3450149917602539
2.4861950874328613,3.1452510356903076,-0.14349344015121457
-2.4866740703582764,7.335214138031006,-0.3167698669433594
1.0692373514175415,3.6460211277008057,-0.5330017852783203
-1.141608476638794,3.2191474437713623,-0.4631592559814453
4.423630714416504,6.2251105308532715,1.158613739013672
0.8114293813705444,9.164983749389648,-0.046861343383789056
3.6503615379333496,7.899993896484375,0.39068652629852296
0.4179718792438507,7.428836345672607,-0.24870439529418945
3.154592514038086,7.459500789642334,0.19382174730300905
0.8871715068817139,7.68617582321167,0.03792533993721009
1.9598499536514282,-1.0122469663619995,0.22072712898254396
1.5031627416610718,3.2165157794952393,-0.39432708740234373
5.992038249969482,3.1637163162231445,-0.09710868835449221
3.3654403686523438,3.0474696159362793,-0.327994270324707
1.900225281715393,3.8764030933380127,-0.05401551246643066
2.034245014190674,5.095063209533691,0.060105472803115845
-4.391035079956055,7.541387557983398,-0.23055344581604004
-0.6080204248428345,6.842658519744873,0.025818322896957402
1.3489376306533813,7.737264633178711,-0.369012131690979
-3.1226022243499756,3.239799737930298,-0.385283088684082
-1.0032124519348145,10.122612953186035,-0.311602897644043
1.4779330492019653,6.339693546295166,-0.37878204345703126
-2.194659948348999,6.446938991546631,0.032584222555160525
2.1802384853363037,6.881583213806152,0.17778016567230226
1.783524751663208,8.704391479492188,-0.027386420965194724
1.3126288652420044,7.45021390914917,-0.02134950518608092
-0.7656620144844055,3.967224597930908,-0.2586585235595703
2.8354873657226562,3.0438244342803955,0.005556201934814431
3.3540313243865967,3.3464767932891846,0.12361557006835938
1.2048660516738892,5.89064884185791,-0.2451409149169922
-1.8195393085479736,2.0864171981811523,-0.31583539962768553
-0.6806076169013977,5.18925666809082,0.20520599365234377
0.47072842717170715,9.407259941101074,0.12749833106994624
2.6583611965179443,7.989754676818848,-0.5396592330932617
2.8116626739501953,-0.8391578197479248,0.08691589593887328
-2.138997793197632,4.26085901260376,-0.46249149322509764
2.589543342590332,4.884881019592285,-0.20161565005779264
2.962165355682373,2.6395936012268066,-0.2524608612060547
2.2168517112731934,6.0327887535095215,0.3032844877243042
0.985236406326294,2.312657117843628,-0.29448985338211064
-0.951409637928009,3.4620304107666016,-0.22822888612747194
-0.49636170268058777,7.83164119720459,-0.2959774017333984
1.418753981590271,4.609274387359619,0.006166839599609397
1.9947967529296875,7.182455062866211,-0.09300613880157471
1.534096598625183,6.088859558105469,-0.1977503752708435
2.641901731491089,-0.8110575079917908,-0.3090361213684082
0.14746972918510437,3.6079235076904297,-0.40788677215576175
-0.2350609451532364,2.970513343811035,-0.3002640342712402
0.5607190132141113,7.661442279815674,-0.2443863534927368
2.0829312801361084,8.96998405456543,-0.4388855743408203
0.807007908821106,7.815248012542725,0.22550190448760987
2.3088552951812744,2.8517684936523438,-0.018179769515991206
2.657005548477173,-1.8720132112503052,-0.2755555534362793
0.652959942817688,-0.7489210367202759,-0.078963623046875
1.5874743461608887,2.995279550552368,0.11469763278961181
2.417128324508667,4.256969928741455,-0.20501903057098386
1.0519616603851318,8.380868911743164,-0.46964229583740236
-0.41237494349479675,5.1913557052612305,-0.2009257048368454
1.350040316581726,3.5756213665008545,-0.5240850448608398
1.9824061393737793,3.7495899200439453,-0.004829885959625246
2.925342559814453,7.014804840087891,-0.18858587265014648
0.7863197922706604,9.046640396118164,-0.41490768432617187
0.9304487705230713,2.7768232822418213,0.172278470993042
2.4241783618927,8.210698127746582,-0.04987388610839849
0.4606073796749115,6.570096492767334,0.15088487148284913
-0.306077778339386,8.606026649475098,-0.3911270523071289
0.1039000004529953,3.2692501544952393,-0.14848519444465635
1.608778476715088,3.033649444580078,-0.32791130065917967
-0.6737167239189148,3.6927483081817627,-0.2245629119873047
5.031485080718994,4.073305130004883,-0.4081901168823242
-1.9123892784118652,6.985860824584961,-0.3140625041723252
1.9672080278396606,2.8965530395507812,-0.02219708979129792
-2.9395785331726074,10.16270637512207,-0.41998531341552736
-0.6076468229293823,5.990419864654541,0.6169977068901062
1.0056803226470947,1.6117680072784424,-0.015127516984939582
2.4646401405334473,2.8351595401763916,0.22123272180557252
2.132795572280884,8.794289588928223,-0.2874730253219604
3.174156427383423,8.932717323303223,0.020277386903762795
3.3294827938079834,7.115301609039307,-0.026936872005462686
0.7522503137588501,4.185792446136475,-0.0633372688293457
3.399601697921753,-1.11581289768219,-0.22989607095718378
2.1820504665374756,3.3383777141571045,0.15829944849014282
1.7797691822052002,3.549421548843384,-0.41032867431640624
2.4695820808410645,2.8782920837402344,-0.42682159423828125
4.653041839599609,5.9842915534973145,0.5914706134796143
2.9654879570007324,0.07306282967329025,-0.018310027122497574
2.94907546043396,-0.07792377471923828,-0.2274200439453125
1.592627763748169,5.3920674324035645,-0.19897467494010923
3.871859550476074,2.473362445831299,0.260726957321167
-1.601028561592102,4.045511245727539,-0.06847141504287718
0.1280537098646164,5.068770885467529,-0.3752140426635742
-0.012844736687839031,7.384843826293945,-0.09045280098915098
-1.6596953868865967,4.4201884269714355,-0.34887969970703125
1.9157510995864868,2.1635313034057617,-0.27257624864578245
6.285051345825195,3.059004068374634,-0.4462596487998962
0.3933645188808441,5.809679985046387,-0.30719767808914183
7.3653788566589355,1.0504333972930908,0.14406963348388668
-1.8233535289764404,7.997688293457031,-0.3358124160766602
-0.0945827066898346,1.6654407978057861,-0.11802667260169986
1.6789613962173462,0.18672382831573486,-0.2776980394124985
-0.026757139712572098,2.681607246398926,-0.3125887298583984
1.718436360359192,-1.3986541032791138,0.001254525184631372
0.4218710660934448,5.104124546051025,-0.47380115509033205
0.6420897841453552,6.163066387176514,-0.2919467544555664
1.8838788270950317,2.794652223587036,-0.17572288334369657
2.4972026348114014,8.10075855255127,-0.058080370426177974
4.492148399353027,6.687938213348389,0.4404204702377319
-0.8387355208396912,1.7502104043960571,-0.29372928619384764
1.0102890729904175,8.684863090515137,-0.2904545021057129
-0.30221399664878845,2.1193103790283203,-0.2488003569841385
-2.0880954265594482,7.0467047691345215,0.07947227835655213
3.701845407485962,6.54512882232666,0.2730560827255249
1.9368537664413452,3.388908863067627,-0.22497219264507295
-3.710238218307495,9.432510375976562,-0.40890960693359374
3.338911294937134,0.7658101320266724,-0.2271721214056015
-1.0295711755752563,8.164429664611816,-0.2394043356180191
2.746753215789795,2.8884060382843018,-0.01880476057529451
-2.351985216140747,2.837073802947998,-0.23817808151245118
8.48057746887207,3.2799570560455322,-0.38590727090835575
0.18985919654369354,6.786645412445068,0.07266931056976317
0.21265080571174622,3.088068723678589,-0.25556169509887694
1.425667405128479,7.3591156005859375,-0.13331653118133546
-1.2534195184707642,2.8593063354492188,0.04940074920654297
3.1073782444000244,-2.0418074131011963,-0.01726805686950683
3.636457920074463,1.3052420616149902,-0.0008369505405426136
1.8084090948104858,1.1393369436264038,-0.20930045485496523
-3.047504425048828,5.854772567749023,-0.4057272338867188
1.4696120023727417,3.310591459274292,-0.021276265382766724
-0.8548144698143005,7.2874274253845215,-0.36677520751953124
9.233697891235352,4.945235729217529,-0.2560503363609314
0.3978351354598999,5.742171764373779,-0.18988305926322935
1.4292789697647095,2.63818097114563,-0.13084445595741273
1.0632082223892212,1.638947606086731,-0.041130614280700695
3.7687265872955322,5.6658220291137695,0.3768801498413086
0.48134085536003113,4.343168258666992,-0.2618061435222626
-2.345643997192383,1.72240149974823,-0.2908504486083984
-2.471287965774536,6.3010149002075195,-0.0849478566646576
2.950164556503296,3.8494865894317627,-0.22075904846191408
0.049787167459726334,3.291083335876465,-0.3365509033203125
-0.12122438102960587,6.21926212310791,-0.15526570320129396
3.032048463821411,-0.1044219508767128,-0.4240244674682617
-0.020566154271364212,4.993227005004883,-0.23459054946899413
2.415532350540161,6.893396377563477,0.36750953197479247
-0.10584577172994614,3.486083745956421,-0.20448090314865114
1.0934360027313232,4.4225873947143555,-0.09679499804973601
-0.5894196629524231,1.5566697120666504,-0.26579822540283204
-2.1265382766723633,3.4229016304016113,-0.1419439858198166
6.3100080490112305,3.26019287109375,-0.3738659262657166
2.7864480018615723,-1.3609089851379395,-0.24510002017021182
2.7154338359832764,8.988101959228516,-0.20309558749198914
-0.2794243097305298,7.555771827697754,-0.3799542236328125
4.882182598114014,2.3218836784362793,-0.16493646502494813
9.030290603637695,6.179249286651611,-0.21831689953804018
4.362997531890869,6.751094818115234,-0.0356026124954224
0.5074775218963623,2.843562126159668,-0.2911941337585449
2.708214044570923,3.1253533363342285,-0.17893733143806456
0.7925089597702026,6.983641147613525,-0.28496591329574583
-2.9845662117004395,7.125715255737305,0.16692912817001343
0.6663792133331299,4.148390293121338,-0.311954231262207
0.9458630084991455,5.4660186767578125,-0.4367604446411133
-0.49407002329826355,4.769916534423828,-0.25913869321346283
3.511902093887329,4.162148475646973,-0.032259396314620936
-0.30151256918907166,7.050837516784668,-0.1846893310546875
-3.328407049179077,9.122152328491211,-0.16758821249008182
3.2479443550109863,-0.9252185225486755,0.05163061380386352
3.0389277935028076,8.263030052185059,-0.360471665263176
0.7518990635871887,1.3974056243896484,-0.20383022069931028
1.9485318660736084,2.3604230880737305,-0.18250868797302244
2.4631776809692383,6.541806697845459,-0.4573192596435547
1.842923641204834,2.978879451751709,-0.27409556388854983
2.9351062774658203,8.30055046081543,0.0265743589401245
1.1868176460266113,3.382988214492798,-0.3869626235961914
1.5007294416427612,6.088461875915527,-0.4014413833618164
2.5355777740478516,7.3841142654418945,0.613941044807434
-0.6834332942962646,3.488509178161621,-0.31843936920166016
2.8700804710388184,3.4291412830352783,-0.45383426666259763
1.6234244108200073,3.7827272415161133,0.13522445678710937
2.254477024078369,3.853482723236084,0.0653244745731354
-0.965331494808197,5.364934921264648,-0.1552324104309082
-0.4062269330024719,4.409170150756836,-0.33522193908691406
-0.7486008405685425,1.5156877040863037,-0.02335552096366883
-2.300175666809082,4.479032039642334,-0.4192255783081055
-0.12959665060043335,6.641003131866455,-0.3135982710123062
-0.16144412755966187,2.119688034057617,-0.4574459457397461
-2.6670379638671875,4.835916519165039,-0.2675064355134964
0.4585184156894684,3.912123680114746,-0.36048580169677735
-3.466913938522339,2.5109286308288574,0.11856400728225708
1.4235234260559082,7.531466484069824,-0.18707420051097867
0.5729289054870605,8.756321907043457,-0.18803172826766967
2.485623359680176,3.849640130996704,-0.18176071166992186
1.6689445972442627,7.556824207305908,-0.2545612233877182
2.1524879932403564,8.060216903686523,0.0776054608821869
0.01641031540930271,4.2466959953308105,-0.36866424560546873
2.04927396774292,2.4373323917388916,-0.06999191880226135
9.347151756286621,3.309260606765747,0.1595700693130493
0.19004212319850922,7.827717304229736,-0.20758802711963653
2.56937575340271,6.872461318969727,-0.488270263671875
9.425108909606934,3.783395528793335,-0.5946507263183594
3.9804294109344482,1.9501025676727295,-0.17473348855972293
1.8157871961593628,3.549437999725342,-0.42486568450927736
-0.8868361711502075,1.9620290994644165,-0.44403030395507814
1.141040325164795,5.3978142738342285,-0.2842670428752899
0.023077284917235374,6.526973247528076,0.04470075368881227
0.6604458689689636,5.141095161437988,-0.14872497200965884
0.2134242206811905,6.96450138092041,-0.16531935036182405
1.4614653587341309,5.6675028800964355,0.10089185714721682
-3.0938127040863037,5.367109775543213,-0.47291717529296873
2.1519811153411865,8.885258674621582,-0.13618707597255708
-1.1485017538070679,6.440630912780762,-0.34779949188232423
2.7405662536621094,3.9926230907440186,0.23473222255706788
2.854506254196167,6.839760780334473,0.28058878183364866
-1.2459542751312256,6.586056709289551,0.059524871110916144
1.8643993139266968,8.176310539245605,-0.45212104797363284
2.966533899307251,3.8622934818267822,0.02519156575202941
0.794881284236908,6.142969131469727,0.1360350728034973
1.0797615051269531,9.798147201538086,-0.4141286087036133
2.295442581176758,3.9184000492095947,-0.012357431650161732
1.6693302392959595,4.960612773895264,0.27720391273498535
0.8128941059112549,3.162024736404419,0.05302641272544861
-3.523146867752075,5.607911109924316,-0.016162327527999898
5.683970928192139,3.5799007415771484,-0.25523666381835936
4.682032585144043,2.947889804840088,-0.08467622697353361
3.1139161586761475,2.5066964626312256,-0.13214043498039246
0.5802199244499207,0.8493815660476685,-0.18630592107772825
1.6232528686523438,2.6034343242645264,-0.3485344696044922
0.8362982869148254,5.658971309661865,-0.3069369125366211
2.4169795513153076,3.290330171585083,-0.5223112869262695
2.7707107067108154,7.706022262573242,-0.3795341491699219
-0.17515377700328827,8.90740966796875,-0.22824476361274715
-3.620875358581543,6.307122707366943,-0.5096774291992188
-0.24335484206676483,6.9169111251831055,-0.0998909264802933
-0.930362343788147,10.228192329406738,-0.05978152513504026
0.3698979616165161,9.294445037841797,-0.1338359498977661
2.0749263763427734,4.404702663421631,-0.20415510177612306
-3.632810354232788,8.540897369384766,-0.0985749864578247
1.9459662437438965,1.6620752811431885,-0.010097653865814182
-2.998288631439209,6.498921871185303,-0.35960454761981964
-3.110110282897949,5.77750825881958,-0.29053646087646484
-2.8082892894744873,6.64960241317749,-0.41545780181884767
-3.272937536239624,7.471303462982178,-0.2550965040922165
-0.7091166973114014,8.574756622314453,-0.3816074371337891
1.4294087886810303,5.313975811004639,-0.3084650802612305
0.6220920085906982,7.557464122772217,-0.02005741119384763
0.0044547636061906815,1.898215651512146,-0.37450244903564456
2.9513115882873535,5.884857654571533,-0.01175826549530029
0.054290834814310074,3.2739927768707275,-0.39968109130859375
0.7057992815971375,2.7792348861694336,-0.44285388946533205
-1.4902663230895996,8.638287544250488,-0.15716284632682798
-0.224360853433609,3.749558448791504,0.049345054626464824
4.110548496246338,4.906315326690674,0.2259063744544983
3.07938814163208,5.268998622894287,0.44121294021606444
0.04130677878856659,4.268712997436523,-0.3534555435180664
1.3990367650985718,9.694793701171875,0.01578855633735654
0.2726479470729828,6.628159523010254,0.11089999914169313
-1.3664742708206177,5.137412071228027,-0.4355361175537109
-4.783629894256592,4.935245513916016,-0.009028421640396134
6.5387492179870605,5.07738733291626,0.29508601665496825
-0.16141511499881744,2.8414361476898193,0.38574480533599853
2.1405351161956787,3.5028111934661865,-0.5412361145019531
1.4261856079101562,2.892110824584961,-0.04197459340095522
0.8202031850814819,3.820690155029297,0.12653246164321902
-2.1221914291381836,9.828797340393066,-0.35717939078807825
0.8718770742416382,8.378006935119629,-0.3727705383300781
1.129636526107788,8.850975036621094,-0.29964362680912016
1.1409924030303955,2.9574642181396484,0.041911303997039795
-1.1311933994293213,0.7754552364349365,-0.18263833940029145
-0.132786363363266,5.147027015686035,-0.43726173400878904
-2.164921283721924,5.364601135253906,-0.4050970339775085
0.5620197653770447,7.387267589569092,-0.27961091995239257
9.456033706665039,3.48734712600708,-0.4016878604888916
1.384039044380188,7.542848587036133,-0.21947247326374053
0.7755523324012756,4.918456077575684,-0.19154585123062134
-1.048271656036377,3.762554168701172,-0.12072724282741548
1.2195098400115967,8.630624771118164,-0.22268884778022768
1.8655250072479248,2.5887954235076904,-0.4062596130371094
1.3578003644943237,1.942357063293457,-0.08781817495822908
1.3456599712371826,3.3037734031677246,-0.219971706867218
0.9202123284339905,4.437358379364014,0.13348574995994567
2.1628034114837646,6.094613552093506,0.006499795913696316
9.81185245513916,6.313230037689209,-0.3529856872558594
1.9940545558929443,3.6178412437438965,-0.4427786636352539
0.7606210112571716,5.629751682281494,-0.16642303109169004
2.45088267326355,1.1069386005401611,-0.08103597998619078
-2.961473226547241,7.957808494567871,-0.3448307800292969
1.8992112874984741,2.1792447566986084,-0.045965003967285145
-2.500154972076416,10.426393508911133,-0.08553624987602232
-0.5948953628540039,6.106453895568848,-0.32534481048583985
2.981549024581909,8.13231086730957,-0.22451425552368165
3.051886796951294,8.395256042480469,-0.023405499458312995
2.175013303756714,2.4041643142700195,0.05168877601623534
1.0203461647033691,9.740878105163574,-0.293577995300293
3.6490564346313477,5.110463619232178,0.5234065079689025
2.851297378540039,8.107955932617188,0.38059603214263915
-3.676576852798462,7.725655555725098,-0.19452951431274415
3.380066394805908,-0.027182653546333313,-0.35061988830566404
1.8750622272491455,7.100863456726074,-0.10843806445598603
2.4444267749786377,4.351114749908447,-0.19504223346710203
1.6524654626846313,7.541615009307861,-0.1893327164649964
0.8615400195121765,9.246196746826172,0.005427412986755364
0.7645045518875122,6.640399932861328,-0.18684172093868257
-1.125016689300537,4.231958866119385,-0.37838069915771483
-0.07333648204803467,8.329485893249512,-0.3090011405944824
3.1179306507110596,-0.5330954194068909,-0.1994395637512207
1.5758519172668457,3.823071002960205,-0.27917541384696964
2.695514678955078,7.300654888153076,0.01865694046020505
2.507025718688965,8.797334671020508,-0.30097725927829744
7.10626220703125,3.9305686950683594,0.2910322594642639
-0.3496827483177185,1.7612766027450562,-0.2958796501159668
1.53488290309906,1.4169548749923706,-0.3257877349853516
-0.2723757326602936,3.0429461002349854,-0.4413034439086914
1.2139561176300049,2.6463751792907715,-0.25942014694213866
2.7814154624938965,7.3836140632629395,-0.08430301904678345
-0.24141497910022736,4.89671516418457,-0.49867313385009765
3.2919623851776123,7.40346097946167,0.0928641700744629
1.2763190269470215,8.237103462219238,-0.05577486395835879
-2.2629315853118896,1.4050366878509521,0.5259890031814576
-0.2315492480993271,3.456315517425537,-0.3872731399536133
1.3885999917984009,4.461413860321045,-0.4391754531860352
3.296118974685669,6.205545425415039,-0.21112070441246034
1.779016137123108,8.879379272460938,-0.2375831615924835
2.5268096923828125,3.014364242553711,-0.31438846588134767
5.366456985473633,3.360206127166748,-0.14607785820961
0.6643900871276855,9.609111785888672,0.09188166856765745
0.36900174617767334,6.936160087585449,-0.33160111904144285
3.0812621116638184,5.262831687927246,0.08256864547729492
1.43329656124115,6.619013786315918,-0.08269704818725587
3.498582124710083,5.006402492523193,-0.06738740801811216
1.7633583545684814,2.461353063583374,-0.23071187913417818
0.8245940804481506,7.231635093688965,-0.31115428924560545
1.7185472249984741,6.732895374298096,-0.10642093896865845
6.517096042633057,2.939237117767334,-0.11886010766029359
1.2612085342407227,2.6105098724365234,-0.12958848476409912
7.90651798248291,4.0544657707214355,-0.09327771425247194
-0.9300305843353271,2.351073980331421,0.025614877939224234
-0.6532965302467346,8.67481803894043,-0.21050851464271547
2.852360725402832,5.0283966064453125,-0.05139049053192141
2.9128692150115967,7.81209659576416,0.2916768169403076
-2.6112940311431885,6.970483303070068,-0.40846488952636717
1.3183648586273193,2.30747652053833,0.25867918491363523
1.1928048133850098,4.6527228355407715,-0.19365473389625548
-0.8338868021965027,2.6054601669311523,-0.19733964920043945
1.302667260169983,0.7776975631713867,-0.1538056230545044
1.221706509590149,2.8304595947265625,-0.36962356567382815
0.9334287643432617,8.523127555847168,-0.5459120559692383
1.4394562244415283,6.855301380157471,-0.5728851699829102
-0.27156636118888855,6.946544647216797,-0.2726884460449219
-0.669032096862793,8.381352424621582,-0.31239166259765627
0.5687768459320068,4.673502445220947,-0.02663845658302305
-1.7870712280273438,8.022361755371094,-0.2545234215259552
0.6799672842025757,3.0311851501464844,-0.07609514594078065
1.0840154886245728,2.7250373363494873,0.10588906288146971
7.619915962219238,2.6230692863464355,-0.1832369065284729
2.664538621902466,5.398111820220947,-0.3925471878051758
0.1992541402578354,10.03909683227539,-0.4730639266967773
2.4560065269470215,6.654471397399902,0.4499904799461365
-6.072594165802002,2.6262686252593994,-0.4618385314941406
2.3673815727233887,8.06755542755127,-0.3262792843580246
3.6175944805145264,6.997607707977295,0.4836793375015259
-3.993504762649536,6.569972038269043,-0.005424957275390607
2.554936647415161,-0.5853922963142395,-0.34700210571289064
2.2963345050811768,4.1979660987854,0.33996798515319826
0.4371718466281891,5.059633731842041,-0.4254909515380859
3.1687800884246826,-1.1812776327133179,-0.43046108245849607
-1.597211241722107,4.039400100708008,-0.2739506721496582
0.37711817026138306,3.7070491313934326,-0.2542227554321289
1.5146070718765259,7.266592025756836,-0.12382771193981168
1.787777066230774,2.685868263244629,-0.11069523334503173
1.5745567083358765,5.9123945236206055,-0.4450061798095703
2.6024394035339355,5.214080810546875,0.25531874418258665
1.649435043334961,8.76219367980957,-0.07563048958778379
-0.7369029521942139,5.870091438293457,-0.3316168212890625
1.523665189743042,-0.9715892672538757,-0.31734878540039063
1.7663447856903076,3.5930700302124023,-0.25734146118164064
-3.080249786376953,2.7614617347717285,-0.18541832506656647
2.3522021770477295,6.169595241546631,-0.1040793323516846
-0.08410656452178955,2.8267810344696045,-0.17669172286987306
2.613952159881592,6.206018447875977,0.5651520061492921
1.623354196548462,9.483732223510742,-0.2252359789609909
-2.463639259338379,3.6495370864868164,-0.45704410552978514
1.992303729057312,4.414587020874023,-0.224158878326416
-0.42048072814941406,5.870110988616943,0.2830604088306427
3.4861056804656982,4.553198337554932,0.2706910061836243
0.26146888732910156,4.9636054039001465,-0.3172050094604492
-0.05040770769119263,1.8475911617279053,-0.34830780029296876
-1.6247220039367676,7.140994071960449,-0.11340302228927612
1.2486721277236938,8.33183479309082,-0.5098619079589843
-3.061974048614502,4.96863317489624,-0.5519185256958008
3.8746988773345947,6.97452974319458,-0.19719576835632324
3.3171799182891846,7.975074291229248,0.19610441207885743
2.4527738094329834,5.64353609085083,0.008966895341873171
-0.9425985813140869,5.490062713623047,-0.43462066650390624
-0.17310528457164764,2.1785435676574707,-0.44990779876708986
1.5380089282989502,3.48370099067688,-0.1780391848087311
1.5283490419387817,4.55831241607666,-0.3970623397827148
0.9308100342750549,6.428079128265381,0.14057455778121947
2.0166385173797607,2.778467893600464,-0.3242813754081726
2.239105463027954,7.328425884246826,-0.24672838211059572
0.5855504274368286,4.0943989753723145,-0.09174420237541198
2.865561008453369,6.215207576751709,0.23537427186965942
2.955731153488159,3.698472023010254,-0.2908284950256348
2.7748208045959473,7.6916656494140625,-0.24256267607212068
-2.243891716003418,5.464206695556641,-0.40149971008300783
0.7236562371253967,7.455934047698975,-0.4288819885253906
0.7405683994293213,8.92522144317627,-0.06054070472717288
0.08800961077213287,4.756191730499268,-0.41562259674072266
-0.5602970719337463,2.621805191040039,0.2137096834182739
-1.5281414985656738,6.087196350097656,-0.20715732574462892
1.5718363523483276,8.532125473022461,-0.2517397081851959
-3.703840970993042,7.91880989074707,-0.2695365142822266
0.684187650680542,7.356276035308838,-0.15512651205062866
1.793243646621704,2.7243778705596924,-0.028793706893920912
2.926360845565796,7.275646209716797,-0.40925697267055516
3.8263542652130127,2.0245277881622314,-0.3568177032470703
-2.2252326011657715,8.771759033203125,-0.23601898312568664
-1.3321454524993896,6.834981918334961,-0.11165743231773378
-0.526481568813324,5.361720085144043,-0.278284969329834
1.9899104833602905,3.401864767074585,-0.46516708374023436
1.4557932615280151,5.267050266265869,0.12294983863830566
-1.0434564352035522,3.7378158569335938,-0.38369701385498045
9.58392333984375,3.6799376010894775,-0.2891564440727234
2.750483274459839,4.548378944396973,0.32377697467803956
1.8483545780181885,-0.09529813379049301,-0.19272909164428711
6.934670925140381,2.450326681137085,-0.40084592580795286
2.181906223297119,7.8045244216918945,-0.1552737617492676
2.218315362930298,6.126138687133789,-0.22749164462089544
0.8385663032531738,3.1301841735839844,-0.008729473352432238
0.31460294127464294,2.192784309387207,-0.21734272003173827
0.8153955936431885,2.0948808193206787,0.23589114904403685
1.257951021194458,3.2363154888153076,-0.15355371773242948
0.4170548617839813,3.349172830581665,0.10119696855545043
2.2498068809509277,0.3656741976737976,-0.2666995620727539
1.2285958528518677,4.025146007537842,0.32130186796188354
-0.04311208426952362,9.29938793182373,-0.386663932800293
1.7869330644607544,3.8069469928741455,-0.02944233655929568
-1.5760473012924194,8.031344413757324,0.05523524880409242
-0.4159339368343353,8.332621574401855,-0.06557446837425229
7.858663558959961,4.993923187255859,-0.46178226709365844
1.0984001159667969,4.5886921882629395,-0.07272090554237365
2.769850730895996,7.602313995361328,-0.39899166166782374
-0.655106246471405,5.08425235748291,-0.04525316178798677
0.14609868824481964,4.0078582763671875,-0.3022817230224609
2.4281177520751953,6.837672710418701,-0.4621621704101562
5.917754173278809,3.375725746154785,-0.32702993929386137
-3.102090358734131,2.8719289302825928,-0.4388338851928711
-0.7642707228660583,6.152781963348389,-0.14060806989669805
-0.01682107336819172,3.7777152061462402,-0.2881698226928711
-2.58797550201416,9.546653747558594,0.1738821792602539
1.6572167873382568,5.766263008117676,-0.3816001510620117
-2.418893814086914,2.5490798950195312,-0.13168415069580078
2.4367313385009766,6.461847305297852,-0.4996401977539062
-1.3589308261871338,5.840456962585449,-0.02014593243598939
0.7301519513130188,3.751152276992798,-0.021355594396591182
3.869077205657959,5.675350189208984,0.3012301254272461
1.7344363927841187,7.05419921875,-0.2873112696409226
-1.9264254570007324,8.310445785522461,-0.01849357366561888
7.796867847442627,3.8199117183685303,0.024135606288909928
2.1809682846069336,3.0477070808410645,-0.38276206970214843
2.930996894836426,7.9260053634643555,-0.37979846954345703
2.852722644805908,6.78486442565918,-0.341861664056778
6.724902153015137,2.8458595275878906,-0.030155956745147705
2.821387767791748,7.50839376449585,-0.3711805725097656
-0.18552938103675842,7.5319929122924805,-0.018806742429733292
-2.7067906856536865,5.24250602722168,-0.1835263055562973
-0.7663320899009705,7.742244243621826,-0.3035243517160416
0.9967517256736755,2.7025187015533447,-0.5309870529174805
1.0914243459701538,6.172027111053467,-0.4188706970214844
1.4896177053451538,1.8657176494598389,-0.4285308074951172
1.3140959739685059,2.3400771617889404,-0.5096707153320312
-2.704026937484741,6.945619106292725,0.09230620622634889
0.957176685333252,4.869089603424072,-0.34617470085620883
2.887859582901001,6.777598857879639,0.5362928509712219
2.3337714672088623,7.1134772300720215,-0.5427837371826172
2.6507761478424072,2.8073999881744385,0.29165050029754636
1.0350761413574219,7.609009265899658,-0.20582218170166017
7.821794509887695,5.345502853393555,-0.30044581770896917
2.0605645179748535,6.971484661102295,0.047595865726470954
2.3513290882110596,7.915978908538818,-0.5038977813720703
-1.1223719120025635,4.850172996520996,-0.16991331100463866
-1.569936990737915,2.601146697998047,-0.10964148998260498
-0.7061238884925842,0.32667312026023865,-0.49911277770996093
-2.210925340652466,3.6801533699035645,-0.11497452735900879
1.5302609205245972,3.5797910690307617,-0.448984260559082
-0.9007019996643066,3.476577043533325,-0.4103058624267578
3.8880176544189453,4.382172107696533,-0.47700035095214843
9.702009201049805,5.284940719604492,0.05294412136077886
-2.464078426361084,6.818660736083984,-0.37805023193359377
1.3777015209197998,4.174740791320801,-0.09474772989749908
0.6037508845329285,3.659087896347046,-0.29114494323730467
2.341312885284424,7.795147895812988,0.2609212779998779
2.607686996459961,3.3148386478424072,-0.15286195039749145
0.8098727464675903,4.643725395202637,-0.4057424545288086
-2.048311471939087,5.337294101715088,-0.04182706236839295
2.2754790782928467,2.3807196617126465,0.10839467048645018
0.44811785221099854,5.187143325805664,-0.0024839425086974898
-2.114863634109497,3.5766706466674805,-0.179791454076767
2.987997531890869,8.258800506591797,0.07951369047164919
-3.029254198074341,6.557474613189697,0.32869726181030273
1.4113671779632568,8.959983825683594,0.151175297498703
2.8683345317840576,6.676787853240967,-0.252611797451973
3.315798282623291,6.588259696960449,-0.08607998728752131
0.8713276982307434,3.7605581283569336,-0.41870349884033203
0.0562501922249794,5.7654900550842285,-0.5549005889892578
3.060579538345337,7.614522457122803,-0.0977048420906067
1.4760936498641968,8.193424224853516,-0.4017292785644531
1.6163852214813232,8.597467422485352,-0.3796757888793945
2.318425416946411,6.9403395652771,0.09204613208770751
2.0984036922454834,3.031550407409668,-0.3428870391845703
1.8491361141204834,4.2176384925842285,-0.0656991910934448
1.1676346063613892,4.648812770843506,-0.10706942915916445
1.894838809967041,5.900448799133301,-0.030305831432342556
0.32723525166511536,5.553973197937012,-0.2772132956981659
8.350184440612793,4.071855068206787,-0.18823366463184354
9.679036140441895,3.683367967605591,-0.2361842310428619
2.3150691986083984,2.569201946258545,-0.48591808319091795
-3.655640125274658,8.045934677124023,-0.2550680613517761
-1.6153062582015991,6.961330413818359,-0.14583804011344909
7.499791622161865,5.155338764190674,-0.4950891101360321
-3.432260036468506,3.720233678817749,0.28221421122550966
9.816446304321289,3.9169363975524902,-0.4925816345214844
0.5447700023651123,5.4837822914123535,0.10602456092834472
1.5897951126098633,3.8270225524902344,-0.21956486940383912
-0.34683117270469666,6.5414958000183105,-0.22474681854248046
2.3033130168914795,7.950620174407959,-0.08640673041343688
0.3038215935230255,7.049995422363281,-0.10804418683052064
-1.3792755603790283,6.1983962059021,-0.29506975173950195
8.314108848571777,5.213716506958008,-0.1267152142524719
3.2069101333618164,-0.23301765322685242,0.23075342655181885
1.2386835813522339,6.7077484130859375,-0.041018393039703394
2.7371227741241455,3.138094186782837,-0.3014113998413086
2.018179416656494,5.002622127532959,0.03824677944183352
2.485884189605713,5.414520740509033,-0.05830091834068296
2.7560737133026123,3.1067726612091064,-0.06695092916488649
2.849546194076538,7.006428241729736,-0.19701057314872739
0.6105835437774658,6.959273338317871,-0.025827214717864977
3.2783825397491455,4.1666131019592285,-0.07580082654953002
3.4899487495422363,6.423388957977295,0.1813377904891968
4.831737518310547,6.615873336791992,0.13788016557693483
-0.1082063540816307,1.6139953136444092,-0.019138908386230447
1.4611130952835083,5.236746788024902,0.1528090238571167
1.4788446426391602,8.478791236877441,-0.2592965465784073
3.2775659561157227,2.6460938453674316,-0.4614977264404297
3.8685832023620605,0.4138582646846771,-0.49299896240234375
3.6719489097595215,2.322378158569336,-0.24971317291259765
-2.595043659210205,7.40695333480835,0.1608651351928711
0.6429545283317566,3.9460601806640625,-0.14673382461071016
2.2982113361358643,3.6351277828216553,0.3478893280029297
2.4976930618286133,6.818301677703857,-0.4978759294748306
-2.8022918701171875,6.865206241607666,-0.4208681106567383
1.5521821975708008,3.1037631034851074,-0.11711841106414794
4.219075679779053,6.232248783111572,0.2545863151550293
2.2375268936157227,6.681101322174072,-0.09380294203758238
0.5204483270645142,5.125579833984375,-0.19493417143821717
-0.27012333273887634,2.956024646759033,0.101738657951355
9.766864776611328,5.962473392486572,-0.3526258492469787
0.006274066865444183,6.446961879730225,-0.30548921585083005
0.04664374142885208,9.718121528625488,-0.1333995175361633
2.4732563495635986,4.763434410095215,-0.3266614532470703
2.349135398864746,6.162383556365967,0.21212769269943238
-1.4346548318862915,5.91661262512207,-0.21362706303596496
1.327836275100708,3.0823705196380615,-0.4484856414794922
-1.699836015701294,10.01147174835205,0.11366373538970947
0.47210898995399475,4.960608005523682,-0.4089595031738281
1.9628846645355225,5.8597211837768555,-0.35553455352783203
0.9664810299873352,2.2801671028137207,-0.16333738207817078
1.5232889652252197,4.19284200668335,0.26038752555847167
-0.12396767735481262,5.040709495544434,-0.4404376220703125
-0.996527910232544,2.888902187347412,-0.30722393035888673
2.6527950763702393,3.4722468852996826,-0.07694998025894167
1.6048182249069214,4.566057205200195,-0.539828987121582
-0.9838009476661682,6.89323616027832,-0.26057165682315825
-0.7632169723510742,8.587835311889648,-0.42027912139892576
-2.4992246627807617,8.001092910766602,-0.19658282458782195
-0.03705783560872078,9.638062477111816,-0.2817929458618164
-2.0947611331939697,3.6001999378204346,-0.0035644912719726696
0.9468383193016052,4.53525972366333,-0.3787131118774414
0.9877302646636963,5.439645290374756,-0.30650245666503906
-3.420731782913208,2.12095308303833,-0.35301116943359373
-1.8495522737503052,0.5143120288848877,-0.14087059736251833
-1.5428166389465332,4.840865612030029,-0.29890933632850647
0.844712495803833,5.186709880828857,-0.025319645404815683
2.31557559967041,6.88868522644043,-0.1404886519908905
1.0224651098251343,3.3424429893493652,-0.0379804587364197
0.8980510830879211,4.10451602935791,-0.22394824981689454
-2.177797794342041,4.169710636138916,-0.3869781494140625
-1.1993659734725952,1.9124234914779663,-0.4099298858642578
-3.156646728515625,6.3218913078308105,0.11674930095672609
2.965102434158325,6.799438953399658,-0.23816896736621856
2.1091392040252686,6.40571403503418,-0.07311767637729644
0.9744653105735779,6.759882926940918,-0.2834649437665939
1.0634503364562988,4.775434970855713,-0.1406675064563751
-2.056093692779541,4.416926860809326,-0.14206609964370726
1.1840941905975342,3.8391659259796143,-0.06944672107696531
0.8398282527923584,2.1550045013427734,-0.31978343963623046
-2.526716470718384,4.235499858856201,-0.1422116470336914
1.4634679555892944,-0.4399382472038269,-0.3323231887817383
3.142009973526001,5.163259506225586,0.1400212907791138
0.6557919979095459,3.1447572708129883,-0.29356911301612854
5.117038249969482,6.246349334716797,0.9934464740753174
9.345185279846191,4.262513637542725,0.39118505477905274
-0.46124863624572754,3.294527530670166,-0.14829275131225586
0.9927642941474915,8.092490196228027,0.22140647649765016
1.2073044776916504,6.285208702087402,0.05107823848724363
0.6904847621917725,-0.2764784097671509,-0.07936184406280518
0.8633551597595215,6.957430362701416,-0.06161481618881226
1.695133090019226,8.473800659179688,0.06054493427276608
-1.0237549543380737,4.539343357086182,-0.010880922675132743
2.972294330596924,-0.7050890326499939,-0.3948735046386719
2.6016292572021484,2.5873420238494873,-0.2803964042663574
1.9625811576843262,4.317465305328369,-0.2666946029663086
0.5185676217079163,2.6293132305145264,-0.3902983856201172
4.063697814941406,5.341108798980713,0.9511567258834839
1.112483263015747,4.799647331237793,-0.18619649052619935
1.6523065567016602,6.283481597900391,-0.23949492812156675
2.794325590133667,6.374179840087891,0.1464661455154419
-0.041139550507068634,2.2828550338745117,-0.16354297637939452
0.049752384424209595,5.750542640686035,-0.07492625296115873
2.162604331970215,5.812111854553223,0.0699607276916504
8.1238374710083,3.8984875679016113,-0.3934228134155273
4.634289741516113,2.2439141273498535,-0.1642295515537262
9.76659870147705,6.31857442855835,-0.1887064152956009
0.5467492938041687,8.604483604431152,-0.11661848068237304
1.8374489545822144,8.21040153503418,-0.10724911808967585
2.0232760906219482,4.177797317504883,0.1351321816444397
1.6966277360916138,1.8731156587600708,-0.0030336898565292425
0.7937730550765991,4.362370491027832,-0.38793853759765623
8.863492012023926,3.4108083248138428,0.1011847496032715
1.9326030015945435,4.2020955085754395,0.026002388000488263
9.579604148864746,4.994462013244629,-0.4565278625488281
4.998526096343994,6.117818355560303,0.5782615756988525
6.989957332611084,4.1516265869140625,-0.519526618719101
4.282202243804932,5.498871326446533,0.6424742937088013
8.078592300415039,5.063664436340332,0.6413039112091065
1.5355960130691528,6.854544639587402,0.22280694723129274
-0.04330763965845108,3.398946762084961,-0.28698780059814455
1.949385166168213,3.6832780838012695,-0.20544971466064454
1.0504258871078491,-0.3975487947463989,0.22315296173095703
-0.009101726114749908,1.966801404953003,0.33076757431030274
-2.125262975692749,4.588923931121826,-0.17910831451416015
1.8490992784500122,4.657135963439941,-0.3880434036254883
-1.2574732303619385,5.2896342277526855,-0.13355935394763946
1.7370415925979614,7.726189613342285,-0.1859210205078125
0.9174089431762695,4.399329662322998,-0.29110599517822267
-1.4974803924560547,4.6612348556518555,-0.061630481481552146
6.4387617111206055,3.277514696121216,-0.15446947753429413
0.34739950299263,8.26218032836914,-0.11763250946998594
-0.4964149594306946,6.3475022315979,-0.20485210418701172
-0.24493612349033356,5.296802520751953,-0.26421791076660156
8.850285530090332,4.215900897979736,-0.2809434604644775
3.1056740283966064,5.017319202423096,0.3177671694755554
1.1763273477554321,4.889360427856445,-0.0729298174381256
0.3879130482673645,8.030806541442871,-0.3792786407470703
1.7662854194641113,7.536505699157715,-0.37371589660644533
1.0489627122879028,4.876269817352295,-0.3712431716918945
-2.4801056385040283,3.548308849334717,0.8136825561523438
0.08707112818956375,5.693842887878418,-0.05372957229614258
2.768484592437744,-0.455022394657135,-0.42806640625
4.381345272064209,5.076918125152588,0.6884037017822265
1.9768142700195312,6.340085983276367,-0.39450668334960937
2.214707136154175,7.577401638031006,-0.43883060455322265
3.088897228240967,4.090538501739502,0.8284925746917724
2.290977716445923,5.803136348724365,0.007558686733245834
3.4867045879364014,4.896198749542236,0.22635838508605954
4.141147613525391,1.891787052154541,-0.16719544053077695
0.9107816219329834,4.0279011726379395,-0.4812451171875
3.411329746246338,6.118488788604736,-0.49893081665039063
-0.1221776008605957,7.371070384979248,-0.0544391083717346
-1.1160165071487427,5.195977210998535,-0.2524883270263672
1.7117687463760376,7.286362648010254,-0.4446320343017578
-2.0004615783691406,3.5916497707366943,-0.10261274337768554
3.4052278995513916,5.129409313201904,0.35029045581817625
1.626710057258606,4.461976051330566,-0.3962223815917969
1.4327244758605957,2.256772756576538,-0.27749756336212156
0.7357249855995178,9.339666366577148,-0.3450146484375
0.9631252288818359,7.5739641189575195,-0.33435427427291875
3.371917247772217,4.0527448654174805,-0.29109874069690705
2.4056992530822754,7.605741024017334,-0.36999027252197264
-5.587556838989258,3.5507776737213135,-0.5356945037841797
0.8347675800323486,4.864421367645264,-0.29134111404418944
0.9931190013885498,3.2139973640441895,-0.17220380127429963
-0.42142975330352783,6.468191146850586,-0.3110659217834473
-2.193282127380371,2.542736053466797,-0.33411106109619143
0.010406311601400375,3.5607211589813232,-0.274814567565918
1.504898190498352,3.3703179359436035,-0.15693506479263308
2.8522682189941406,3.0072124004364014,0.19152480125427246
6.185608386993408,3.4901492595672607,-0.03441530346870425
1.0597461462020874,6.5548858642578125,0.06323436379432679
0.4800988733768463,4.8341064453125,0.1640616762638092
2.1246395111083984,3.9743480682373047,-0.3722837448120117
1.5827443599700928,2.360722303390503,-0.11316154479980468
0.21497654914855957,0.03995579853653908,-0.09337235450744628
1.9150830507278442,1.541497826576233,-0.39892904281616215
2.393704891204834,5.768059253692627,-0.038914167881011985
8.000152587890625,3.1570067405700684,-0.2671749627590179
0.5979962348937988,7.128087997436523,0.14733720779418946
0.4578790068626404,3.364407777786255,0.2639759016036987
4.472031116485596,3.221222162246704,-0.03951831817626955
2.114269256591797,5.066895961761475,0.022150226235389703
2.5405917167663574,2.757335901260376,-0.21556366920471193
0.7284843921661377,2.2593986988067627,-0.3329397964477539
-3.3438756465911865,8.340494155883789,0.22193679332733152
0.5981956124305725,7.9045915603637695,0.061718547344207786
0.769837498664856,3.18670916557312,-0.14835792303085327
2.075762987136841,4.393182754516602,-0.11162435472011567
-2.38835072517395,9.739060401916504,-0.2198353409767151
3.0217642784118652,1.947230577468872,-0.22784221649169922
-0.4588976800441742,3.680107831954956,-0.09404706954956055
2.4916067123413086,7.210094451904297,-0.4186348724365234
1.2847625017166138,0.46062779426574707,-0.18738432765007018
0.07550270110368729,2.8907082080841064,-0.22861181259155272
1.2155998945236206,5.969883918762207,-0.389913444519043
1.151724100112915,5.940080642700195,-0.017738840579986592
2.3920185565948486,2.7893686294555664,0.0719171643257141
1.692609429359436,6.0387139320373535,0.0612663269042969
1.514314889907837,3.9293887615203857,0.12140286564826966
4.782180309295654,6.765753746032715,0.9862643718719483
7.057758331298828,3.4817821979522705,0.25698394536972047
-3.014782428741455,2.200268507003784,-0.26994327545166014
-0.7696447372436523,3.4791200160980225,-0.3327713775634766
-4.0270891189575195,3.456275701522827,-0.09784828782081606
2.768418788909912,7.091028690338135,-0.007285196781158465
7.405999660491943,0.9428253173828125,-0.25658617973327635
0.5797842741012573,7.583639621734619,-0.3704781419038773
6.427583694458008,3.0483996868133545,-0.34190658569335936
-2.5220694541931152,3.1939141750335693,-0.11535396575927734
2.861975908279419,6.890449047088623,0.17747758388519286
-0.9653614163398743,7.85744047164917,-0.3322675323486328
0.034345488995313644,9.219941139221191,-0.1470890200138092
-4.450210094451904,4.723881721496582,-0.19870859384536743
3.2678370475769043,4.738716125488281,-0.003192603588104248
1.480628252029419,5.8302903175354,-0.22020496368408204
-2.6870317459106445,4.036744594573975,-0.0872615694999695
5.316003799438477,5.863964557647705,1.4587719249725342
5.148250102996826,4.348450183868408,0.07841027379035947
-0.6738276481628418,8.507702827453613,-0.35404205322265625
0.06693840026855469,5.000579833984375,0.18304353952407837
0.9767467379570007,6.782402515411377,-0.006286778450012187
1.0170857906341553,9.764915466308594,0.043151280879974385
-0.252080500125885,6.720069408416748,-0.2976894760131836
0.19161784648895264,-0.10543231666088104,-0.1185919189453125
1.5905753374099731,7.246157169342041,-0.017375583648681636
7.621813774108887,4.865161418914795,-0.5120980834960938
4.396632194519043,5.999458312988281,0.33912972927093504
-1.5735478401184082,8.32170295715332,-0.4615683364868164
0.8368832468986511,3.052192449569702,-0.18984699249267578
2.305086612701416,8.627707481384277,-0.4329167175292969
1.6303672790527344,4.42615270614624,0.04626553297042846
2.3159115314483643,6.704390048980713,-0.25921078383922574
-0.25624340772628784,8.542821884155273,-0.3877746200561523
-1.956504464149475,6.402036190032959,-0.13082297801971432
2.038707733154297,7.749640941619873,-0.24963987350463868
2.140517473220825,8.607781410217285,-0.4562504827976227
-0.2801239788532257,7.518160343170166,-0.04640486717224124
2.382051944732666,7.672232627868652,-0.47497364044189455
0.6621019840240479,7.880004405975342,0.26613694190979004
-0.12909266352653503,7.893057823181152,-0.4333465957641602
0.651156485080719,2.1625277996063232,-0.09785388946533204
0.12478620558977127,7.8465046882629395,-0.11576437592506411
-0.3645869493484497,2.7243738174438477,-0.07700866222381592
-0.7048872709274292,7.141617298126221,-0.28927978515625
2.8187310695648193,6.643038749694824,-0.3414534860849381
2.319200277328491,6.932448863983154,-0.2889496672153473
-0.616976797580719,3.9862277507781982,-0.2849602699279785
-0.5900605320930481,8.242361068725586,-0.4327369689941406
4.747579574584961,5.443010330200195,0.5392731714248657
1.2826435565948486,8.013250350952148,-0.38199695587158206
-0.7749335169792175,5.834268569946289,-0.27473154067993166
4.436829090118408,6.250150680541992,0.41181196212768556
1.8749735355377197,6.35060977935791,-0.037262356281280495
8.812665939331055,3.673733711242676,-0.3840699243545532
-1.6485410928726196,9.010212898254395,-0.40334293365478513
0.08863198012113571,7.115054607391357,-0.16839275360107422
2.0093910694122314,3.7017714977264404,-0.4116374015808105
-0.08643773198127747,9.16362190246582,0.04542502164840698
1.1819431781768799,3.0824129581451416,-0.41859123229980466
1.3252218961715698,5.611085891723633,0.2525388956069946
0.17924152314662933,5.203436851501465,0.16798388361930847
0.061912089586257935,3.918813705444336,0.05663877367973327
-5.326629638671875,4.010737895965576,-0.41899940490722654
0.04999172315001488,2.8465826511383057,-0.13588533401489258
0.7510812282562256,4.203797817230225,0.2942227864265442
-1.5781724452972412,7.3576979637146,-0.4866489410400391
-2.849844455718994,4.836998462677002,-0.3253467559814453
-3.6810691356658936,8.04666805267334,0.5555528688430786
0.6159836053848267,9.734147071838379,-0.3884473037719727
-4.085494041442871,3.604773759841919,-0.4207633972167969
1.5480921268463135,5.907179832458496,0.24569201707839966
-0.4583137035369873,4.552448272705078,-0.39702762603759767
2.5908124446868896,5.6803059577941895,-0.4083935546875
1.7998262643814087,6.009532928466797,-0.39121799170970917
-2.751662254333496,8.802530288696289,-0.09042425751686095
0.24296051263809204,4.90372896194458,0.29782243967056277
-1.7715401649475098,9.051058769226074,-0.0008627033233642445
0.45818081498146057,6.939767837524414,0.4410594892501831
0.47569677233695984,4.554540157318115,0.22655876874923708
-1.6016429662704468,5.122303009033203,0.059945081472396855
2.0450804233551025,6.046871662139893,-0.45606197357177736
-0.22103355824947357,8.34879207611084,-0.5021266555786132
0.7507790327072144,8.848584175109863,-0.15477232694625853
2.226508378982544,0.44231605529785156,-0.5465574645996094
2.789766788482666,7.08095121383667,0.27359691619873044
1.188411831855774,8.414700508117676,0.23677908420562743
-0.9038978815078735,7.27590799331665,-0.40264411926269533
0.3513637185096741,4.680933952331543,-0.22366912841796877
-4.106204509735107,2.279888391494751,-0.021532106399536177
0.5310600996017456,2.9453582763671875,-0.25664894104003905
-3.7299389839172363,3.2554931640625,-0.07667400836944582
2.151578664779663,3.482473373413086,-0.25850067138671873
-0.9048328399658203,3.193969249725342,-0.29244557678699495
1.3301457166671753,8.253662109375,-0.16723362207412718
-1.4509519338607788,3.8352773189544678,0.2750769889354706
5.082082271575928,3.7987844944000244,-0.22357187390327454
6.708687782287598,2.867426872253418,0.18627692937850954
-0.26252955198287964,8.766406059265137,-0.38593952178955077
-0.41422998905181885,7.599726676940918,-0.19382562696933747
-0.7944086194038391,6.06980037689209,-0.2450040054321289
3.467097282409668,3.1005990505218506,-0.1888725006580353
2.2718989849090576,3.748933792114258,-0.41984283447265625
8.5737886428833,3.8020217418670654,0.5568353939056396
-0.14027139544487,7.216852188110352,-0.48544021606445314
-1.2656947374343872,7.018167018890381,0.07840768814086913
1.1679737567901611,8.387022972106934,-0.24466701805591584
-4.541626453399658,4.095813751220703,-0.5136661529541016
-1.1592806577682495,9.020925521850586,-0.20363326668739318
1.450452446937561,8.874013900756836,-0.4851284408569336
2.200824022293091,7.451931953430176,-0.2973853951692581
-4.719396114349365,5.148312568664551,-0.4479197311401367
2.4519271850585938,8.657013893127441,-0.54517578125
-1.2275192737579346,4.721546649932861,0.559186987876892
1.6034927368164062,8.567283630371094,-0.05525086164474485
-4.42350435256958,4.002310276031494,-0.07027502298355104
4.94792366027832,6.794129848480225,0.3280961608886719
4.282430648803711,4.6895318031311035,0.3065595602989197
1.4090092182159424,8.267350196838379,-0.2946786308288574
-1.9745090007781982,1.8022480010986328,-0.4277875518798828
1.6935583353042603,6.398131847381592,-0.049800250530242895
0.8639044761657715,7.630579948425293,-0.09216301441192626
0.9222972393035889,6.526922225952148,-0.2858130645751953
0.9114112257957458,5.879883289337158,-0.3824981689453125
-0.566515326499939,5.106040954589844,-0.18161455154418946
-0.10397133231163025,8.112525939941406,-0.3953484046459198
2.144883871078491,8.245386123657227,0.20713135600090027
-2.6885151863098145,9.626335144042969,-0.29221734166145324
0.8341977596282959,9.700401306152344,-0.3633041763305664
-2.0370044708251953,1.0127931833267212,-0.4077473831176758
-2.6255569458007812,5.081151962280273,-0.45175106048583985
-1.240585207939148,8.112899780273438,-0.2539895474910736
2.1233975887298584,7.8318190574646,-0.315401668548584
-1.304514765739441,5.807476043701172,-0.3185881996154785
2.5304486751556396,0.19836051762104034,-0.3599552536010742
-2.624098777770996,4.112991809844971,-0.42585742950439454
1.030940055847168,4.4229416847229,0.3260189390182495
0.05897705256938934,9.415877342224121,-0.3286386871337891
1.9631356000900269,8.911473274230957,-0.3513531875610352
2.6510517597198486,7.603315353393555,0.061148064136505115
2.5217978954315186,8.97386646270752,-0.4509503173828125
-2.4378371238708496,3.6312167644500732,-0.38870180845260616
-3.149381160736084,3.1121914386749268,-0.36993629455566407
-1.0315009355545044,6.270305156707764,0.7340844345092774
4.672711372375488,6.408876419067383,0.028784439563751207
0.7648512721061707,6.534451484680176,-0.1974191474914551
2.198267936706543,8.984273910522461,-0.293333683013916
1.8337719440460205,6.461856842041016,-0.1923112189769745
-0.22929419577121735,10.050386428833008,-0.19675175189971922
3.26279878616333,3.3706212043762207,-0.1847458267211914
2.559541702270508,4.184149742126465,0.12895422220230102
-0.5708651542663574,3.1385035514831543,-0.1668880844116211
-1.7708534002304077,3.7460734844207764,-0.3265483856201172
2.421485185623169,8.390182495117188,-0.2787690401077271
-3.186157703399658,5.558712959289551,0.19445975065231325
1.701418161392212,3.8500521183013916,-0.030107685327529887
1.936797857284546,8.582144737243652,-0.0855892252922058
0.6052294969558716,4.637832164764404,-0.24486839294433593
9.46617603302002,5.355878829956055,-0.25813898026943205
0.4397979974746704,5.990050792694092,-0.2650520896911621
1.9698374271392822,6.351218223571777,-0.2803200489282608
-0.7266792058944702,8.281085968017578,0.03644132018089297
2.280883550643921,6.2298078536987305,-0.24568347334861756
-2.7403805255889893,9.757204055786133,-0.4032974624633789
1.2061928510665894,8.087702751159668,-0.4635714340209961
-0.1494605988264084,7.844890594482422,-0.2805198287963867
0.5686787962913513,6.851500988006592,-0.2715070915222168
0.9730232954025269,5.551609039306641,-0.31563194990158083
7.32206392288208,1.1651008129119873,0.09934714555740354
1.7110193967819214,7.6161723136901855,-0.259432555437088
5.68292760848999,4.211447715759277,0.7512836837768555
0.7761271595954895,9.150184631347656,-0.11911857247352597
1.5470930337905884,8.747365951538086,0.015807770490646356
-0.7017986178398132,8.995294570922852,-0.6469810485839844
-4.05057430267334,8.611164093017578,0.22828925609588624
-0.06090414524078369,6.586076736450195,-0.28891448974609374
0.2251966893672943,8.871725082397461,-0.29653837203979494
0.24033531546592712,6.412735462188721,-0.26948363900184635
2.6117095947265625,7.419500827789307,-0.2852723634243012
1.6705650091171265,6.334079265594482,-0.3468214797973633
-0.08574655652046204,6.906679630279541,-0.09352161467075348
-0.3667609989643097,6.1164398193359375,-0.47615299224853513
0.09542129188776016,4.809925556182861,-0.4782147598266602
4.153528690338135,6.850133419036865,0.4198838472366333
-0.3220852315425873,8.273624420166016,-0.0891937828063965
0.6999102234840393,7.411442756652832,-0.024301801919937138
0.9256125688552856,4.735302925109863,-0.15481156468391416
2.12469744682312,5.004278182983398,-0.24350417912006378
-3.3598990440368652,4.992419719696045,-0.31078712463378905
-0.8192360997200012,6.392397880554199,-0.301299963593483
-3.837333917617798,4.555009841918945,-0.19547142982482912
1.2822619676589966,9.138825416564941,0.11783715486526491
-1.3932017087936401,5.390575408935547,-0.25862630844116213
2.006608724594116,3.4950225353240967,-0.1998412013053894
0.470734566450119,7.19619607925415,0.021523290872573875
2.1179897785186768,3.0337231159210205,-0.40511192321777345
-3.5500309467315674,3.922104597091675,-0.39430130004882813
-0.16024146974086761,3.7355539798736572,-0.1545312875509262
-3.5511507987976074,2.232530355453491,-0.41774883270263674
3.626828670501709,2.410824775695801,-0.36106075286865236
1.2258644104003906,7.454316139221191,-0.3135795783996582
1.2354240417480469,8.434381484985352,-0.13454959750175477
1.8756283521652222,5.479522705078125,-0.19611427307128904
0.6951078176498413,7.404208660125732,-0.18572134613990787
-1.5231225490570068,6.120570659637451,-0.287706298828125
0.5452319383621216,9.379722595214844,0.2883964776992798
-2.1551475524902344,3.450562000274658,-0.29817626953125
8.192658424377441,5.488846778869629,-0.3393547439575195
3.5138297080993652,2.0747056007385254,-0.12036138534545898
3.9978091716766357,6.013830184936523,0.12563539981842042
7.961941719055176,3.683962821960449,-0.22580678939819335
4.218771934509277,6.005643844604492,0.5467268228530884
7.915060520172119,5.278870582580566,-0.3468959426879883
7.536672115325928,3.8140690326690674,-0.22609603881835938
3.3117144107818604,3.4545061588287354,-0.4483349609375
7.540905952453613,4.466375350952148,-0.1687628936767578
3.8192367553710938,1.990103006362915,-0.20422117233276368
4.425790309906006,4.951898097991943,0.5950786018371582
8.642620086669922,4.9553985595703125,-0.15778232574462892
2.896857261657715,4.8616437911987305,-0.3786017608642578
3.6194570064544678,2.963881254196167,0.0668018448352814
1.3140369653701782,1.8288705348968506,-0.013185153007507333
4.476273536682129,2.2464940547943115,0.07280220389366149
7.825044631958008,5.748907089233398,-0.16948509216308594
-4.196237087249756,6.8774733543396,-0.04024156093597414
4.835580825805664,5.758695602416992,0.9518339109420777
-3.229248523712158,5.780742645263672,-0.12084599614143371
7.025567531585693,5.161569595336914,0.44960675239562986
7.062346458435059,3.889341115951538,-0.12585170745849608
1.746088981628418,4.031007766723633,-0.23892763137817383
-0.4303170144557953,4.648421287536621,-0.11185005187988281
8.983288764953613,3.9782912731170654,-0.10230856895446777
2.39565110206604,2.1404359340667725,-0.35185367584228516
8.239608764648438,5.219550132751465,-0.2130824851989746
8.157855987548828,3.8971784114837646,-0.23313758850097657
8.904808044433594,3.924341917037964,-0.348883171081543
4.475604057312012,3.2728500366210938,-0.09552198886871338
7.875368595123291,5.244700908660889,-0.24436389923095703
7.912736415863037,3.6680831909179688,-0.19275758743286134
5.879208564758301,3.554626703262329,-0.1919474983215332
-1.4472362995147705,9.40998649597168,-0.23206460833549497
3.7767560482025146,5.544394016265869,0.9579494094848633
3.7575531005859375,1.315047025680542,-0.3026385116577148
8.178000450134277,5.462693691253662,-0.3086318588256836
8.13563060760498,5.447739124298096,-0.2293885040283203
7.806145668029785,5.237865447998047,0.23208357095718385
-1.2270854711532593,3.383557081222534,-0.3015761375427246
-2.7080018520355225,7.092292308807373,-0.49247146606445313
-3.0594937801361084,9.658982276916504,-0.4430544662475586
1.6960972547531128,0.19408105313777924,-0.30743892669677736
7.680910110473633,4.6242523193359375,-0.2286362648010254
-6.036589622497559,3.7256805896759033,-0.3552016067504883
0.20717673003673553,6.740647792816162,-0.29479045867919923
2.2710280418395996,7.797308444976807,0.1477131676673889
-2.5369150638580322,8.74487590789795,-0.03363145887851715
-0.8967916965484619,8.632904052734375,-0.49657154083251953
1.3629558086395264,9.422531127929688,0.04915823817253112
1.4560538530349731,7.613830089569092,-0.06891101121902465
-1.9979304075241089,7.8079304695129395,0.1407694625854492
-0.044111087918281555,8.837400436401367,-0.1420600837469101
-4.349211692810059,4.968285083770752,0.1902314066886902
-0.02485554665327072,8.447471618652344,-0.11953835368156435
1.2922362089157104,6.33917236328125,-0.0726859509944916
1.4056328535079956,9.1377534866333,0.10758072376251221
3.0221524238586426,7.222586631774902,-0.08388927102088928
-0.1560661345720291,1.1588681936264038,-0.2943954849243164
-1.329461693763733,3.6237432956695557,-0.4962442779541016
1.1393126249313354,7.96651029586792,0.0028704667091369873
9.428878784179688,6.201478481292725,0.5966175651550293
3.6973650455474854,5.874533653259277,0.503966407775879
7.2020111083984375,5.3120622634887695,0.4374146556854248
7.013727188110352,5.421849727630615,0.2324088168144226
3.7066099643707275,4.309389591217041,-0.3547753143310547
6.759790420532227,5.235326290130615,-0.17273674368858338
2.606243848800659,7.350957870483398,-0.22848195791244508
3.6574862003326416,6.0551042556762695,0.6876954078674317
-1.2192763090133667,9.382946014404297,0.08210717678070067
6.189368724822998,4.3365159034729,-0.3236293411254883
8.974465370178223,2.9914803504943848,-0.1663361978530884
1.1887625455856323,7.614789962768555,-0.38351978302001954
2.1212260723114014,8.3572359085083,0.050133299827575695
0.03133664280176163,6.440908908843994,0.24002240777015688
2.3280646800994873,8.242754936218262,-0.2598410803079605
3.94651198387146,5.356055736541748,0.2528036117553711
-3.1404154300689697,9.501289367675781,-0.3970515823364258
6.380224704742432,2.941060781478882,-0.48316455841064454
2.2799887657165527,6.532867431640625,-0.174774169921875
0.09887820482254028,6.191916465759277,-0.3338944625854492
5.202779293060303,5.804652690887451,1.007147192955017
0.7273929119110107,9.393179893493652,-0.4314000701904297
8.708690643310547,4.156169414520264,0.06220737338066101
-0.4971502423286438,5.986821174621582,-0.2727968215942383
-4.192671298980713,8.342281341552734,-0.3380021667480469
0.7396085262298584,5.361360549926758,-0.09414325714111328
3.4449188709259033,7.265735626220703,0.5814039063453674
3.4779133796691895,6.349860191345215,0.20024579048156738
4.2959723472595215,5.20671272277832,0.4666019678115845
0.33743274211883545,5.091965675354004,-0.20869274139404298
3.318525552749634,4.732990741729736,0.5852185821533203
-0.22248601913452148,9.004454612731934,-0.2918438529968262
0.03978652134537697,8.253583908081055,-0.38320091247558596
-2.18133282661438,7.5341105461120605,-0.09874257922172547
2.970363140106201,5.189511299133301,0.3024481201171875
3.710920810699463,0.7337401509284973,-0.30752899169921877
-1.7166838645935059,8.851791381835938,-0.058935630321502674
-4.095315456390381,4.820812225341797,-0.2919368362426758
0.09528803080320358,0.7827277183532715,-0.3115445327758789
8.655675888061523,6.1727399826049805,0.22265038251876834
3.5184640884399414,3.3685269355773926,0.18379903793334962
-2.5496087074279785,10.6724853515625,-0.3401028060913086
1.7890889644622803,1.906398057937622,-0.2831211280822754
9.238544464111328,3.8819761276245117,0.026719231605529803
1.9642928838729858,5.688024520874023,-0.2980708694458008
1.0887341499328613,7.241041660308838,-0.26331656515598295
3.1921944618225098,5.661628723144531,0.20568276405334474
1.4718809127807617,8.296063423156738,-0.3713361358642578
-3.0162150859832764,5.970262050628662,0.1427165126800537
1.7761386632919312,5.37062931060791,0.13063511610031128
2.5274248123168945,-1.0981961488723755,-0.10505774259567263
-2.031860828399658,7.362522602081299,0.1938897490501404
1.886547565460205,3.788999557495117,0.04453670144081115
1.619981050491333,7.992876052856445,-0.23864328384399414
2.664344549179077,7.030090808868408,-0.15048876404762268
-3.179969549179077,5.717463970184326,0.16058667302131652
5.956566333770752,4.698038101196289,-0.37369426727294924
0.438175231218338,3.494967460632324,-0.20844038009643553
-0.314222127199173,6.956399440765381,-0.2876271629333496
-1.4975119829177856,6.3178791999816895,0.03275521993637087
7.0021071434021,3.514058828353882,-0.33905601501464844
2.175283432006836,3.2762858867645264,-0.3102525520324707
7.017123222351074,2.9191083908081055,-0.15255568861961366
-2.0424675941467285,8.015275955200195,0.07181005835533141
3.650089979171753,6.060651779174805,0.5233536839485169
0.7119420766830444,9.49970817565918,-0.09510625362396241
-1.3936549425125122,6.389697551727295,0.048646831512451194
3.159684419631958,5.870691776275635,0.31010154247283933
-1.7220818996429443,6.544530868530273,0.1272137236595154
3.8401105403900146,2.929969310760498,-0.15462301373481752
0.2045128047466278,7.727815628051758,-0.20613336563110352
-0.6156740188598633,8.99195671081543,-0.09000609457492831
0.36010587215423584,7.769881248474121,-0.22176956176757812
2.8171091079711914,7.489884376525879,0.12676002979278567
4.334148406982422,5.842576503753662,0.11356852412223817
5.055990695953369,6.045598983764648,0.5096054267883301
1.1660305261611938,6.900130271911621,-0.05592461585998537
0.503741443157196,7.200473785400391,0.19607510566711428
-1.6843397617340088,9.921229362487793,0.18937779307365418
2.6750435829162598,4.836928844451904,0.5716152477264405
-2.600519895553589,9.044421195983887,-0.35283092498779295
8.33188247680664,3.9442074298858643,-0.021954419612884524
9.232433319091797,4.615231990814209,0.12278102636337279
-1.0645701885223389,7.068615436553955,-0.2479119873046875
-1.8797543048858643,9.92054271697998,-0.18501576006412507
0.4857374429702759,5.684175491333008,-0.31372989654541017
-0.9485636949539185,8.432343482971191,-0.13976494669914247
-2.578198194503784,3.2175683975219727,-0.4115719985961914
0.511948823928833,8.988662719726562,-0.3531230545043945
7.171667575836182,4.290434837341309,-0.39075225830078125
2.117063283920288,7.53533411026001,-0.27849803924560546
2.393615484237671,-0.7823854088783264,-0.17988327622413636
4.395364761352539,5.9519476890563965,0.6778640413284303
6.0848894119262695,3.9490296840667725,0.8797466897964478
9.577020645141602,4.10398530960083,-0.3367925870418549
8.60798168182373,6.029423713684082,0.09067281246185305
2.4402921199798584,-0.46691328287124634,0.06331053137779236
-1.4105699062347412,10.33576774597168,-0.3805058288574219
6.1701202392578125,3.3158950805664062,0.10382233381271366
-1.3262710571289062,9.699055671691895,-0.3105735969543457
-2.0064377784729004,7.821292400360107,0.065173397064209
2.5447311401367188,5.669268608093262,0.03673680067062379
4.2104082107543945,6.451459884643555,1.3027803134918212
3.2411000728607178,3.5895559787750244,-0.016984341144561765
9.523829460144043,5.238057613372803,-0.023434495925903298
-1.2889788150787354,9.11341381072998,-0.1254784822463989
-1.3269437551498413,9.37631607055664,-0.325835075378418
0.8790919184684753,6.790639400482178,-0.06675389528274533
4.280422210693359,3.5531764030456543,-0.39159635901451106
0.7634914517402649,3.390794515609741,-0.1929168701171875
0.6679311394691467,8.25052547454834,-0.2769029235839844
-1.236470341682434,9.20820140838623,0.23177290201187134
3.568164587020874,0.05498082563281059,-0.21511295318603516
2.7962088584899902,6.582805156707764,-0.34731464385986327
2.220576286315918,7.2547221183776855,-0.02410341501235963
-1.5594059228897095,7.205406665802002,0.3814476490020752
-1.586949110031128,9.381930351257324,-0.06632283806800843
-1.4404727220535278,9.329828262329102,0.09705976963043211
8.504363059997559,2.8433995246887207,0.28562877178192136
-1.7633517980575562,5.65435266494751,-0.45671939849853516
3.672086238861084,5.727015018463135,0.19725244283676147
9.681373596191406,5.722114562988281,0.4760948705673218
-0.8549586534500122,9.575601577758789,-0.192858943939209
-0.18608291447162628,6.614985466003418,0.20090057134628297
6.715054988861084,2.7830705642700195,0.5147161221504211
3.4767861366271973,6.603329181671143,0.08046956777572634
-0.7586641907691956,8.857521057128906,-0.15102993726730346
0.88137286901474,9.166608810424805,-0.3321896743774414
3.890512466430664,6.828794479370117,0.6137694072723389
3.75880765914917,4.902922630310059,-0.3153636360168457
-0.20792606472969055,6.724359035491943,-0.022684147357940665
2.781944990158081,6.977077484130859,-0.2225634765625
2.0237317085266113,8.138382911682129,0.0038251245021820035
2.20475697517395,8.569962501525879,0.2530356788635254
1.463769555091858,9.230904579162598,0.4343774890899658
2.0588297843933105,5.816673755645752,-0.27743747711181643
-1.644796371459961,3.7036614418029785,0.2797651648521423
3.162752151489258,5.183807849884033,0.0059607303142547585
5.775332450866699,4.240023612976074,0.8171444988250732
4.775607585906982,6.983241558074951,1.0163533115386962
3.454230785369873,2.9440414905548096,0.026540648937225353
1.3561897277832031,8.114056587219238,0.0799188470840454
4.0090436935424805,4.703126907348633,0.42874237060546877
0.5249354243278503,4.574273586273193,-0.07169207572937014
-2.1142168045043945,8.115482330322266,-0.3712981414794922
-1.818647861480713,8.109172821044922,0.32006285190582273
2.897289514541626,7.392282485961914,-0.37229733943939214
9.184929847717285,6.2764363288879395,1.362283616065979
2.0374577045440674,5.66716194152832,0.181629239320755
8.892199516296387,3.4248459339141846,0.127405252456665
-0.13817259669303894,9.6898775100708,0.16603067636489865
0.4668349027633667,8.661484718322754,-0.2673995018005371
6.830169677734375,4.67201042175293,-0.29442907333374024
-3.2157018184661865,7.1478657722473145,-0.2782171630859375
4.701944351196289,3.070307493209839,0.3919150257110596
1.2887765169143677,6.972873210906982,0.055416473150253304
2.046773672103882,7.635281562805176,-0.4401660919189453
3.60526180267334,6.3973164558410645,0.21445588111877445
7.873053550720215,5.228859901428223,0.037658164501190194
1.7342314720153809,8.436800956726074,0.6693071198463441
-3.1506571769714355,6.874639987945557,0.04745812416076661
1.969072699546814,8.150585174560547,0.04411240816116335
6.183331489562988,3.24969744682312,-0.20987096786499024
1.9060850143432617,0.728485643863678,-0.0942622947692871
4.0447306632995605,6.8157782554626465,-0.050664945840835585
2.9276013374328613,6.769936561584473,-0.3592994689941406
3.8450448513031006,1.2154592275619507,-0.08172376513481139
3.804542064666748,6.931138038635254,0.533049087524414
8.641507148742676,5.288043022155762,-0.08701633214950566
0.6333260536193848,5.22709846496582,-0.10918372154235839
4.370380878448486,5.92928409576416,0.5506507778167724
-5.650557994842529,4.425721168518066,0.0008757960796356157
3.931149482727051,7.076066970825195,0.1919755721092224
3.917769432067871,6.945923805236816,0.3706573677062988
2.856849431991577,5.559749126434326,0.4332471919059753
0.26658207178115845,7.291775703430176,0.18004703521728516
1.402400255203247,6.988574981689453,-0.25920061111450193
1.2025872468948364,2.3060872554779053,0.024023433923721305
-2.428220510482788,3.6613903045654297,0.22136308670043944
0.4361976385116577,8.725399017333984,-0.0869763946533203
-0.42270421981811523,8.048408508300781,0.09594788551330569
-0.42334654927253723,7.0529866218566895,0.12533653974533082
3.9248077869415283,5.194794178009033,-0.2871314239501953
-2.137814521789551,7.792557239532471,-0.17443558275699617
-1.3043396472930908,8.6122465133667,-0.3584796905517578
-2.5447871685028076,8.46697998046875,-0.2727451705932617
3.3858909606933594,4.312169551849365,0.1672899913787842
1.771837592124939,8.400835037231445,-0.15150383472442625
-1.9973033666610718,3.2042901515960693,0.5215590429306031
-0.28892266750335693,7.760523319244385,0.013362505435943584
-2.3003385066986084,9.389213562011719,-0.056484001874923695
9.405405044555664,3.827808380126953,-0.02883586406707761
-1.2222952842712402,8.544424057006836,-0.3347830963134766
1.2720381021499634,9.0961275100708,-0.2508504295349121
-0.6500551104545593,8.949687004089355,-0.2830313110351563
-0.43923044204711914,2.232461452484131,-0.1721424102783203
4.09943151473999,6.139623641967773,0.7893256664276123
5.259146690368652,6.080525875091553,0.8279561471939088
2.695852518081665,5.920205116271973,-0.3181961631774902
4.281906604766846,5.920774459838867,0.08043559074401857
6.825621604919434,1.8389068841934204,-0.42314656853675847
-1.0499601364135742,7.722939968109131,-0.38534912109375
1.1860554218292236,7.5071821212768555,0.14719865441322327
9.787846565246582,3.7667458057403564,-0.3317450368404389
4.213006973266602,4.76977014541626,-0.0746935963630676
4.1860857009887695,7.048917770385742,-0.09508882880210878
2.9673075675964355,3.8399980068206787,0.3948043775558472
9.696434020996094,5.332819938659668,-0.19028620243072514
1.1401997804641724,8.405038833618164,-0.29018775939941405
-4.367228984832764,3.299320936203003,0.8674441957473755
4.445137977600098,6.195030212402344,0.7425426149368286
1.092246651649475,5.204643726348877,0.06313926815986634
8.272543907165527,2.744572401046753,0.10473349094390871
-0.7829501628875732,3.2492403984069824,-0.12072958946228027
-2.8367438316345215,3.5386416912078857,0.19035399317741394
1.577701210975647,7.531687259674072,-0.1700178164243698
3.3788602352142334,5.526987075805664,0.12856326937675477
-4.803053855895996,4.1382975578308105,-0.161881103515625
-2.570342540740967,2.759960651397705,0.19149110674858094
0.613987386226654,6.457873344421387,-0.2951106071472168
0.01836317591369152,6.100863933563232,-0.19663593292236328
-1.1293433904647827,6.213696479797363,0.1689162528514862
0.23341697454452515,8.347174644470215,0.1552549922466278
0.8240272402763367,8.687623977661133,-0.4108467102050781
-1.3679120540618896,6.73120641708374,-0.11856195449829102
-0.2886199653148651,5.8183088302612305,-0.2507659530639648
3.282447099685669,4.724555015563965,0.24024716615676878
-2.3009185791015625,4.87837553024292,-0.35661556541919703
-3.7407195568084717,4.716981410980225,0.10038762807846069
3.3062071800231934,6.762448787689209,0.08416132688522338
0.13405725359916687,9.014652252197266,-0.3667150115966797
6.720735549926758,3.8325564861297607,0.301302170753479
0.3818448483943939,5.959943771362305,-0.16976415634155273
-0.5125201940536499,7.374102592468262,-0.1384739112854004
4.399303436279297,7.05101203918457,0.19316107749938966
4.205370903015137,4.488908767700195,0.6293753242492676
-0.8820637464523315,7.074075698852539,-0.21549854278564454
8.759244918823242,6.121703147888184,0.33167444229125975
-2.076416492462158,7.817577362060547,0.035890730619430544
-2.1936213970184326,9.844439506530762,-0.0362111061811447
5.835337162017822,3.920283317565918,0.7314494037628174
4.139708518981934,5.235274314880371,0.02559127449989318
1.1080273389816284,8.18656063079834,-0.19316925048828126
4.284253120422363,5.738767623901367,-0.025124864578247086
5.809647560119629,3.2655556201934814,-0.42563934326171876
-0.7520192861557007,7.900282382965088,-0.4145452880859375
4.280086040496826,4.792459011077881,0.15957238197326662
2.7892637252807617,6.826179027557373,0.6191052293777466
2.2925119400024414,7.533287048339844,-0.42393150329589846
1.6341530084609985,7.574666500091553,-0.013756172657012955
4.452433109283447,3.9394781589508057,0.22094043016433715
-1.091176152229309,7.6691718101501465,-0.15567753791809083
0.642157793045044,6.625370979309082,0.2700180160999298
5.7824387550354,3.7044787406921387,0.6978091859817506
1.0618420839309692,1.2888977527618408,0.5024669003486634
-0.007222962100058794,8.878170013427734,-0.20213577270507813
-2.307317018508911,7.124335765838623,-0.41413341522216796
0.3953256905078888,9.378260612487793,0.001520833969116231
1.5971542596817017,6.985503196716309,-0.19486597061157226
1.754660725593567,8.92716121673584,-0.08323382735252383
8.066229820251465,5.525636672973633,-0.33238360941410067
-3.7900631427764893,4.54172945022583,-0.3191936492919922
2.1043882369995117,5.452066898345947,-0.15588248670101168
-2.8260579109191895,6.767408847808838,-0.3361273956298828
8.685762405395508,4.276721000671387,-0.01899923801422118
1.5861326456069946,8.982664108276367,0.6353152370452881
10.074535369873047,4.6701130867004395,-0.03705475091934202
2.6992990970611572,4.504556655883789,0.16651156902313233
1.456944465637207,8.68520450592041,-0.26230339050292967
0.408674031496048,6.1659722328186035,-0.2694230842590332
-2.8031671047210693,7.119231224060059,0.16445006132125856
-3.563087224960327,4.371285915374756,-0.1638209640979767
5.42418909072876,4.384425640106201,-0.17580917358398437
6.49028205871582,4.452833652496338,-0.366137809753418
3.37935733795166,4.086279392242432,0.007402498722076434
0.7739450335502625,6.082329273223877,0.0960291850566864
3.4475061893463135,6.548313140869141,-0.493026123046875
-0.8253061771392822,8.127087593078613,-0.029466757774353036
-3.10835862159729,8.33591079711914,-0.4235529327392578
-0.4040457308292389,7.123128890991211,-0.24578989028930665
2.078037977218628,8.615405082702637,-0.31353951215744014
3.440399646759033,0.43624627590179443,-0.47408500671386716
4.618806838989258,5.093199729919434,0.8855802965164185
0.3100624680519104,4.729150295257568,0.349994056224823
1.6420015096664429,0.1479070633649826,-0.21459632873535156
-0.2997196614742279,10.281317710876465,-0.3004100227355957
0.1152644157409668,8.307609558105469,-0.2969422912597656
1.9358779191970825,8.545838356018066,0.017610056400299057
0.45343726873397827,9.497300148010254,0.055643414258956914
0.726805567741394,1.7839901447296143,-0.3252710723876953
2.2208609580993652,3.4206531047821045,0.15509239077568054
3.563502073287964,6.762596607208252,0.3811829948425293
1.7153931856155396,8.901439666748047,-0.038093104362487806
-1.3720897436141968,8.383711814880371,-0.4071896630525589
-0.07470478862524033,6.954331398010254,-0.20086021423339845
2.9884777069091797,5.006018161773682,-0.3494786071777344
9.192453384399414,5.018161296844482,-0.010545779466629018
-3.283938407897949,6.288182258605957,0.2138108992576599
1.3613699674606323,2.2069320678710938,-0.3059959411621094
-2.3876118659973145,9.63138198852539,-0.20500524282455446
-0.8937961459159851,5.482479572296143,-0.20868854522705077
-1.8399895429611206,6.998934268951416,-0.36469200134277346
2.101672410964966,8.40843391418457,-0.058170784711837786
2.6451354026794434,6.475995063781738,0.058133816719055154
-1.595466136932373,7.635510444641113,-0.43349422454833986
-1.6610963344573975,6.655986309051514,-0.4351522445678711
2.4313714504241943,5.913165092468262,-0.258027400970459
-1.691701054573059,9.001626968383789,0.080346417427063
1.3548357486724854,6.500223636627197,-0.27623092651367187
8.947195053100586,4.868157863616943,0.4817548131942749
3.040536403656006,6.573777198791504,0.14112856030464171
0.21174058318138123,8.24404239654541,0.5909533786773682
4.249885082244873,6.085035800933838,0.37813530921936034
0.9274342656135559,6.566988945007324,0.12203657984733582
-0.5890011191368103,7.77976655960083,0.2768026304244995
0.9955573678016663,3.825179100036621,-0.13335561752319336
1.206481695175171,8.17973804473877,-0.21837005615234376
0.5258194208145142,7.011401176452637,-0.1860626220703125
7.004169940948486,3.8707852363586426,-0.4002694320678711
3.7160370349884033,5.223803520202637,1.1424625205993653
-4.10901403427124,4.431150913238525,0.060898219347000127
1.366758942604065,7.512269020080566,-0.32798084259033206
0.1652800589799881,7.003853797912598,-0.2561077880859375
-2.462660789489746,4.102678298950195,-0.10792058944702149
0.3588152825832367,2.1892573833465576,0.32063952207565305
0.7327525615692139,8.473968505859375,0.38908143758773805
2.7146406173706055,7.687597751617432,0.5392863893508911
2.909315347671509,7.605966091156006,-0.2718383407592773
2.847179651260376,3.9368348121643066,-0.09185433387756348
2.9168708324432373,3.8892130851745605,-0.41424468994140623
1.0371966361999512,9.167162895202637,-0.3902511978149414
0.002476657973602414,9.206694602966309,-0.23833248138427734
0.009104695171117783,7.237979888916016,-0.19910057067871093
-2.1085567474365234,9.811542510986328,0.09725105047225951
3.9486429691314697,6.432226181030273,0.42145222663879395
-0.6864410638809204,5.012751579284668,-0.29459888458251954
1.357223629951477,9.837844848632812,-0.17692352294921876
-0.6746672987937927,8.270010948181152,-0.19472843170166015
9.314453125,5.01032018661499,0.07950007915496826
3.7961902618408203,4.366108417510986,-0.1761364674568176
2.120218276977539,8.0640230178833,-0.07489742040634156
1.7998390197753906,4.702375411987305,-0.11687200546264648
-1.2065588235855103,4.789463996887207,0.21222388863563538
3.5173299312591553,5.7907915115356445,0.5403325033187867
2.197862148284912,7.489640712738037,-0.2677116775512695
0.03175394982099533,9.502001762390137,-0.34659976959228517
2.3829610347747803,6.175681114196777,0.044178223609924294
0.4343509078025818,9.042204856872559,-0.3430927276611328
0.060894258320331573,6.056375503540039,0.36757531881332395
3.04128360748291,3.563577175140381,0.08160647511482239
-1.7032933235168457,3.6747450828552246,-0.2128421211242676
2.832663059234619,9.059425354003906,0.4342841243743896
0.019353579729795456,7.5683465003967285,-0.06563432216644288
-1.5768489837646484,6.619124412536621,0.03814216494560241
4.3113908767700195,5.067615032196045,-0.04327334344387057
3.879575729370117,0.3929056227207184,0.07038500905036926
1.1398794651031494,5.9271464347839355,-0.1776291847229004
3.393311023712158,5.115085601806641,0.19691558718681335
-1.942849040031433,4.3358845710754395,-0.15643622398376464
-2.803053379058838,2.5290846824645996,-0.0012948179244995361
5.064265251159668,6.550549507141113,0.5686908674240112
-3.05947208404541,6.698268890380859,-0.07337349653244019
-2.8942790031433105,3.821526288986206,-0.050858638286590596
-3.3890252113342285,2.208097219467163,0.0778178632259369
-4.357839584350586,3.088961124420166,-0.3491896438598633
-3.2952780723571777,1.933214545249939,-0.14864356994628905
0.2855972647666931,3.8183414936065674,0.2746823048591614
-3.6854724884033203,7.4231133460998535,0.0886719572544098
3.1220543384552,2.295210361480713,-0.43579616129398346
-0.5424829125404358,0.4557400047779083,-0.006709118485450749
0.17948803305625916,1.666121482849121,-0.19690437316894532
-3.4249227046966553,7.242240905761719,0.359201545715332
4.093031883239746,4.700701713562012,0.44734652042388917
-1.0345425605773926,4.751407146453857,-0.14717147827148438
-4.2737650871276855,2.285921573638916,-0.3047127914428711
2.8838229179382324,4.597332954406738,-0.15495641708374022
7.219179153442383,4.243514537811279,-0.13980321884155272
-0.7709493041038513,2.7996819019317627,-0.38519561767578125
-1.782297968864441,2.274587631225586,-0.11191153526306152
-1.6101009845733643,4.425131797790527,-0.20358510971069335
-0.6628608107566833,7.169103145599365,-0.33643882751464843
-0.8610657453536987,0.5882858633995056,-0.23022935271263123
1.3099669218063354,4.293729305267334,-0.3257735824584961
0.621121346950531,3.193767786026001,-0.16190531969070432
4.954554557800293,6.178279399871826,1.178249807357788
-1.599481225013733,7.408041000366211,-0.2266813087463379
-4.154170513153076,6.962894439697266,-0.5231078720092773
1.667782187461853,2.7615034580230713,-0.1459905433654785
-0.3902953863143921,5.724838733673096,-0.341378173828125
-0.7799825072288513,3.0607194900512695,-0.3132175445556641
-3.6709635257720947,3.4123106002807617,-0.48079811096191405
-0.04247971996665001,3.635239601135254,-0.12227972984313965
3.8040719032287598,4.803238391876221,0.18029731273651123
-3.5992789268493652,2.553227663040161,0.3063576126098633
-2.6467695236206055,6.486806392669678,-0.32894989013671877
-2.532949447631836,2.5803022384643555,-0.08031513810157775
0.49892786145210266,3.9125757217407227,-0.2619417953491211
-2.550447940826416,3.45475697517395,-0.30304353713989257
7.551123142242432,4.0415167808532715,-0.3401607918739319
2.313136339187622,3.2587530612945557,-0.5286886596679687
-3.540269136428833,7.553134441375732,0.3671910572052002
1.3471651077270508,4.852146148681641,-0.2782612419128418
-3.797332286834717,1.810716152191162,-0.16903390526771545
1.2081561088562012,3.585862636566162,-0.38055412292480467
1.7789669036865234,4.818295955657959,-0.08595392942428587
0.2208036631345749,2.535452365875244,-0.42427806854248046
3.1184897422790527,3.7599709033966064,0.5123616361618042
-3.5299735069274902,3.442077875137329,-0.3380087053775787
-1.1242035627365112,2.274521589279175,-0.18182077407836914
-4.343903064727783,3.9706432819366455,-0.3272660446166992
-1.3094391822814941,1.8328114748001099,0.17012250065803527
-3.424304723739624,7.0807905197143555,-0.13389809310436251
-2.5634210109710693,5.131211757659912,-0.3174464225769043
-0.49130865931510925,1.4287877082824707,0.18792933344841004
0.6306833624839783,2.137357711791992,-0.40110393524169924
8.7039155960083,3.058267593383789,-0.10012550592422487
-0.039739008992910385,4.260244369506836,-0.3826371383666992
-3.4638919830322266,8.458403587341309,-0.13598329544067383
1.51814866065979,1.1014572381973267,-0.21966495513916015
-0.5220621228218079,3.398139715194702,-0.08146332263946532
4.109177589416504,4.649292469024658,0.4423606681823731
-1.7580204010009766,7.05842399597168,-0.10851119995117187
1.7847356796264648,3.4367127418518066,0.5367626094818115
-2.40415358543396,4.434625148773193,-0.19282249450683595
1.7314960956573486,3.5441958904266357,-0.3214998626708984
-1.6515045166015625,6.6255035400390625,-0.15415841102600097
-4.2372822761535645,4.014366149902344,-0.355601921081543
-2.1181488037109375,2.2002081871032715,-0.34850597381591797
-3.065258264541626,9.412124633789062,0.0454637712240219
3.6173031330108643,1.9677624702453613,-0.36947128295898435
-4.025030136108398,2.1691226959228516,-0.0533956092596054
-3.6974611282348633,6.261061668395996,0.431561062335968
0.47745853662490845,3.838876962661743,-0.3277051544189453
1.7048033475875854,3.1573092937469482,-0.14778796076774597
-1.2569806575775146,4.216626167297363,0.025044564008712744
0.9263019561767578,1.5447871685028076,-0.2809799766540527
-2.6279852390289307,2.722942352294922,-0.3788557434082031
-2.1142451763153076,7.306329250335693,0.3818372941017151
-0.5026185512542725,1.7118748426437378,-0.2858816909790039
-1.7790155410766602,7.30893087387085,0.1837783718109131
0.8002601265907288,3.458286762237549,-0.0447470724582672
-0.6959671974182129,2.6897401809692383,-0.2596491432189941
6.5254926681518555,3.0308456420898438,-0.48277217864990235
-1.8511210680007935,4.8040618896484375,-0.22988265991210938
3.2903292179107666,2.120908498764038,-0.15772075653076173
0.18242418766021729,2.3919410705566406,0.13857357501983641
-5.611320972442627,3.687591791152954,-0.27963058471679686
-4.66456937789917,4.424288272857666,-0.24567704856395722
1.632169485092163,4.1548309326171875,-0.004870351552963281
-0.9777346253395081,1.8822389841079712,-0.34844776153564455
-0.26567524671554565,6.058159351348877,-0.41048519134521483
-2.552079200744629,8.430394172668457,-0.2613371276855469
4.60665225982666,5.290128707885742,1.361074571609497
0.12600155174732208,4.4804768562316895,-0.11616367340087891
-2.5450310707092285,3.61506724357605,0.059505491256713894
-1.5389928817749023,1.7526224851608276,-0.13128423690795898
5.9544806480407715,3.288353204727173,-0.22027849197387694
-0.9466255307197571,3.205678939819336,-0.2858596420288086
-3.047206163406372,6.550548076629639,0.560688819885254
1.9367293119430542,2.549711227416992,-0.16777048110961915
-0.041182998567819595,7.788265705108643,0.08567770600318908
1.2359544038772583,5.48497200012207,-0.11243960916996004
-4.216811180114746,6.750102519989014,-0.0038982629776000977
0.49182379245758057,4.282603740692139,-0.09725976586341856
2.165508985519409,0.9760026931762695,-0.39821285247802735
6.422575950622559,3.139580726623535,-0.26097468972206117
1.8568401336669922,2.1022586822509766,-0.35793079376220704
-3.1177163124084473,5.637960433959961,0.03801159143447874
-0.034062229096889496,0.10696617513895035,-0.31607990264892577
-2.557490110397339,4.369028568267822,-0.3282154083251953
6.881441116333008,3.1232151985168457,-0.13502437591552735
0.8155625462532043,4.009971618652344,0.024689264297485358
0.9273154735565186,3.849581003189087,-0.2667631530761719
2.946808338165283,4.363193511962891,-0.44194766998291013
2.3426148891448975,-0.8222867250442505,-0.5130094146728515
-0.1481020599603653,2.5460968017578125,-0.26950544357299805
2.2552216053009033,5.237880229949951,0.35046993255615233
-2.964679479598999,6.778413772583008,-0.15770494520664213
-0.7816387414932251,3.402238368988037,-0.3523109817504883
0.6762168407440186,5.025221347808838,-0.09243197917938234
-2.485079526901245,5.152545928955078,-0.2925557518005371
-1.6830685138702393,0.312710165977478,0.379096999168396
2.480184555053711,2.7512989044189453,-0.3498951721191406
-0.4624282419681549,4.446905612945557,-0.1962265396118164
-0.2584612965583801,3.041344165802002,-0.19805654525756836
0.9861903190612793,4.581662654876709,0.09099278330802918
0.7994691133499146,6.640945911407471,-0.03870811820030212
-3.8036532402038574,2.6783244609832764,-0.35640266418457034
3.7746706008911133,4.906122207641602,0.3083926630020142
-3.271918773651123,6.120137691497803,0.4386239910125732
-0.2961236834526062,4.173990249633789,-0.26396009445190427
-4.131614685058594,8.195826530456543,1.3285077285766602
1.2272698879241943,4.778575420379639,0.02229931235313415
-5.732759475708008,2.7315335273742676,-0.39516189575195315
2.4449052810668945,4.44401216506958,-0.38474167644977575
0.4256746768951416,5.99863338470459,-0.25573862075805665
0.487800270318985,5.6581902503967285,-0.0078018677234649725
1.6566864252090454,8.414661407470703,-0.2750662875175476
2.161533832550049,8.062962532043457,-0.4560618209838867
-6.060816764831543,2.598494529724121,-0.3064763754606247
-3.33020281791687,3.9896867275238037,0.3605278730392456
7.348448753356934,4.555769443511963,-0.17770709991455078
0.6292802691459656,8.532315254211426,-0.43719093322753905
1.6372129917144775,7.502499580383301,-0.1265073585510254
1.0473005771636963,3.9072983264923096,0.01661221981048583
0.8410370945930481,2.2964534759521484,-0.2713742637634277
-0.4812370240688324,4.260593414306641,-0.1990042495727539
-1.0050078630447388,7.722607135772705,-0.29370325088500976
1.4052693843841553,6.006686210632324,0.3017472243309021
1.0276974439620972,6.604488372802734,-0.29549991130828857
2.0202925205230713,8.863174438476562,0.06984243988990785
1.5788147449493408,6.12709903717041,-0.40071758270263674
1.4018558263778687,6.644668102264404,-0.03230458736419678
0.49686190485954285,6.4322509765625,-0.28852415084838867
1.6376652717590332,8.180135726928711,0.21377135276794434
-0.08080955594778061,6.462945461273193,-0.21793087005615233
2.452883005142212,8.60562801361084,-0.36629261016845704
-2.5401484966278076,9.259053230285645,-0.2140476882457733
0.6763297319412231,4.6011857986450195,-0.15151159286499025
1.7342013120651245,6.734664440155029,0.06285299420356749
1.6426259279251099,4.8724446296691895,-0.08078964829444885
2.289138078689575,8.724417686462402,-0.06644346475601193
-1.5625165700912476,7.157657146453857,-0.20959049224853515
2.081786632537842,8.171330451965332,-0.06139420151710512
0.24488134682178497,9.425312042236328,-0.07301659345626832
-1.3916523456573486,8.616974830627441,0.1604262936115265
0.7463520765304565,8.778043746948242,-0.275065975189209
1.2744301557540894,5.5993218421936035,-0.1492668056488037
-0.6552718877792358,6.602805137634277,-0.10192754030227663
-0.7353830933570862,4.036172866821289,-0.09666903734207155
-3.0169007778167725,2.283189058303833,-0.1483420753479004
0.546359121799469,7.901805877685547,-0.2249205756187439
0.4461703896522522,8.57935905456543,-0.3608843231201172
-1.9274704456329346,9.865884780883789,-0.09110095739364626
-0.09482648223638535,5.843491077423096,0.16775137424468994
0.8957437872886658,8.464912414550781,-0.4915903854370117
-0.5781548619270325,7.5448832511901855,0.007984739542007457
-2.6363072395324707,9.5938138961792,0.01921380996704103
-0.6473697423934937,5.744091987609863,-0.5005618667602539
-0.11454308778047562,8.733057022094727,-0.5382357788085937
-0.4242227077484131,6.213618755340576,-0.34145000457763675
-0.3208898901939392,6.936367034912109,-0.3125992965698242
2.7735226154327393,8.033086776733398,-0.052175704240798926
-3.2113234996795654,8.851422309875488,0.3785109114646912
-1.1659208536148071,7.423384666442871,-0.18129984974861146
7.1042799949646,2.754399061203003,-0.3475946295261383
3.0353200435638428,5.824184894561768,0.5219905662536621
0.5836485028266907,7.528895854949951,-0.44958011627197264
0.9909624457359314,6.347445011138916,-0.2800483322143555
3.2858457565307617,7.993648529052734,0.1478970241546631
0.45052632689476013,9.338939666748047,-0.2920305913686752
-0.25751787424087524,8.745566368103027,-0.28570247054100034
4.000693321228027,2.972644805908203,-0.22178123354911805
-0.3756742477416992,8.090012550354004,0.006776043176650981
4.101462364196777,6.0596723556518555,0.09501198530197141
4.150198459625244,7.231601238250732,0.7316371870040894
-0.7811899185180664,7.304232120513916,-0.18838335037231446
1.2287342548370361,6.810956001281738,-0.08107484459877012
-1.4976321458816528,5.606963157653809,-0.36566097259521485
2.8617234230041504,3.2963526248931885,-0.05834119081497191
-0.12525925040245056,9.925512313842773,-0.15501865148544314
-3.4894049167633057,9.580452919006348,0.42126556873321536
9.365191459655762,3.316812515258789,-0.29752505421638487
-2.078956365585327,4.6284942626953125,-0.28805103302001955
2.6725356578826904,6.930894374847412,-0.18128842830657954
0.5452789664268494,8.97446346282959,-0.37152896881103514
4.5914998054504395,4.961411952972412,0.8640865993499756
3.8267977237701416,4.824073314666748,0.6633056163787842
-1.3863552808761597,7.948762893676758,0.4002133059501648
8.296490669250488,2.5695242881774902,-0.41417620539665223
-4.403665542602539,2.932682991027832,-0.3375226593017578
0.5217975974082947,9.691864013671875,-0.4082692718505859
0.5492556095123291,6.536123275756836,-0.23218875885009765
3.9547979831695557,4.9567341804504395,0.09254358530044554
4.455200672149658,3.0855066776275635,-0.030053019523620605
-0.5692206621170044,4.884129047393799,-0.20259454727172851
-0.291818767786026,6.779026985168457,0.012243608236312875
-1.0479482412338257,8.824542999267578,0.23974058628082273
3.4567711353302,4.7620697021484375,0.36724561691284174
0.8989158272743225,9.446937561035156,-0.30985530734062194
-2.9970993995666504,6.233779430389404,0.35281120538711547
-1.9862059354782104,9.753500938415527,0.015303640365600613
1.7682788372039795,7.607085704803467,0.0361935067176819
0.270233154296875,9.41283893585205,-0.40365577697753907
0.7121468186378479,7.357730865478516,-0.17100175857543945
0.914189875125885,4.312899589538574,-0.3206085801124573
-1.424633502960205,7.905683517456055,0.45370100021362303
-0.9289842247962952,7.117135047912598,-0.45502532958984376
4.083416938781738,6.493609428405762,0.3936255311965942
0.11881674081087112,8.910408973693848,-0.41987361907958987
2.8188118934631348,8.058401107788086,-0.14717081785202024
-0.12900660932064056,7.3446431159973145,-0.3036777877807617
1.9641937017440796,9.424384117126465,-0.47698287963867186
0.05901660397648811,3.0615200996398926,-0.30401729464530947
3.457697868347168,5.165309429168701,0.4640314865112305
1.062740683555603,9.400832176208496,-0.00608170986175538
1.9521338939666748,8.776505470275879,-0.3254137682914734
2.670015811920166,8.412638664245605,-0.47512638092041015
-1.8702834844589233,8.963150024414062,0.4517443442344666
0.4731040596961975,6.54680871963501,-0.2796249198913574
2.2034871578216553,7.105384349822998,0.42390396595001223
-0.46355000138282776,6.17787504196167,-0.2793255805969238
5.0219316482543945,7.1881937980651855,0.1459458994865418
-1.8134852647781372,7.0222296714782715,-0.2661933708190918
1.243651032447815,6.440455913543701,-0.3544395065307617
-0.5902165174484253,7.456607341766357,-0.43597667694091796
1.6638988256454468,6.689854145050049,-0.3752264404296875
-1.6072591543197632,7.137084484100342,-0.14519824683666227
0.6103900074958801,4.970700740814209,-0.5623876190185547
-0.14349088072776794,4.018524646759033,-0.18423675537109374
3.838374376296997,5.550045490264893,-0.07821849822998045
2.437807083129883,8.119842529296875,-0.10448477387428284
4.053046703338623,0.836848795413971,-0.006251481771469114
-0.3258449137210846,7.59763240814209,-0.3533077621459961
-0.5560309290885925,8.481084823608398,-0.1520783889293671
-0.695810854434967,6.74708890914917,-0.2259969902038574
0.9145914316177368,7.500782489776611,-0.19506019592285156
-2.8405470848083496,8.824810028076172,-0.16565218925476072
0.7373049855232239,6.114764213562012,-0.3520992279052734
1.8037875890731812,8.772056579589844,-0.3583282470703125
0.6564292907714844,6.026947975158691,-0.48605567932128907
4.246649742126465,6.464293003082275,0.7790854501724243
-0.3385401964187622,5.327936172485352,0.09289747595787046
-1.088674783706665,10.380949974060059,-0.10087032675743102
3.2315077781677246,7.943247318267822,-0.21555692493915557
-1.2594386339187622,5.288536071777344,-0.2895512008666992
2.000962257385254,7.73573637008667,-0.12925343751907348
-0.20872168242931366,10.093762397766113,-0.4028265380859375
1.8296566009521484,8.303866386413574,0.04715987682342532
2.5434813499450684,7.152305603027344,0.25057302713394164
3.0179226398468018,3.887310028076172,-0.12310835361480715
0.17999516427516937,8.273086547851562,-0.34281551361083984
2.312948226928711,3.81143856048584,-0.31165437698364257
-0.3305157423019409,9.259217262268066,-0.5899861907958984
4.141663551330566,4.64785099029541,0.16114618062973018
2.350687026977539,6.70565128326416,-0.23579633176326753
-1.620771050453186,9.760747909545898,-0.40138351440429687
3.4282267093658447,6.0961384773254395,0.10964174509048463
0.9930868744850159,4.95383358001709,-0.44103599548339845
0.5135268568992615,6.526047706604004,0.2079559564590454
0.4870177209377289,7.595455169677734,-0.1384813851118088
2.6720774173736572,8.565797805786133,-0.1098330402374268
2.143669843673706,7.0067291259765625,-0.34436153411865233
-0.9004883766174316,6.66873836517334,-0.356744270324707
0.49525630474090576,5.521695613861084,-0.25593692779541016
2.035536766052246,2.3689823150634766,-0.2986054611206055
1.7849475145339966,8.609665870666504,-0.17323343753814696
2.8352150917053223,3.749852418899536,-0.3613691711425781
-2.2231507301330566,6.485483169555664,-0.5309121704101563
9.189495086669922,5.770325660705566,0.33666127204895024
-2.029573678970337,3.7935996055603027,-0.1308802032470703
0.8230908513069153,8.272056579589844,0.12197668194770814
0.5284988284111023,7.683743476867676,-0.24348852157592774
1.0894057750701904,7.142722129821777,-0.30405344009399415
-2.9797658920288086,8.929264068603516,-0.2887345200777054
-2.6490478515625,5.1690673828125,-0.3938263702392578
0.2962109446525574,9.404406547546387,-0.21896841049194335
2.839411497116089,8.85134220123291,-0.03402036786079404
6.986149311065674,4.150234699249268,-0.304915714263916
1.8802274465560913,5.166776657104492,-0.3954561698436737
4.578789710998535,6.195951461791992,0.4384242296218872
3.2628631591796875,7.843714237213135,-0.10030430316925049
2.8262336254119873,3.5241191387176514,0.2002439594268799
-3.124459981918335,9.562166213989258,0.37756512403488157
0.9178998470306396,9.844575881958008,-0.3895851135253906
-2.965283155441284,9.82313346862793,0.3965841102600097
3.7254436016082764,6.8626322746276855,-0.04903490781784059
-2.798374891281128,5.954715251922607,0.04190957069396972
3.4900097846984863,8.196925163269043,0.36370646953582764
1.118862271308899,7.200088977813721,-0.3881157684326172
1.3870538473129272,7.6590118408203125,-0.009964718818664564
0.6875696778297424,7.17268705368042,-0.4236559295654297
0.7272899746894836,3.989541530609131,-0.3243895721435547
1.8640828132629395,8.94082260131836,-0.48362361907958984
4.6091389656066895,5.082908630371094,0.8171547603607178
1.5517905950546265,6.8905510902404785,-0.5134292984008789
1.616339921951294,7.839879989624023,-0.13637701272964475
0.2967066764831543,8.357277870178223,-0.4190982437133789
2.0896921157836914,8.965010643005371,-0.43516845703125
-0.28757184743881226,7.293428421020508,-0.34338031530380253
0.33051159977912903,7.978904724121094,-0.24570225894451142
-0.2786181569099426,8.619941711425781,-0.31641172170639037
2.80769944190979,7.096548080444336,-0.1777965068817139
-0.8131754994392395,8.795063018798828,-0.396973991394043
1.1262493133544922,8.390007019042969,-0.38697879791259765
5.93422794342041,3.1203973293304443,-0.22526600599288937
6.815203666687012,1.709836483001709,-0.44447109222412107
1.740706443786621,6.078769207000732,-0.34368438720703126
-2.6524603366851807,9.763972282409668,0.32680663108825686
1.7662608623504639,9.309042930603027,0.11880219459533692
3.5523478984832764,5.089507579803467,0.7764887952804566
0.635009765625,8.05312728881836,-0.1819456958770752
0.2021532654762268,6.903838634490967,-0.41213996887207033
0.9581672549247742,8.698606491088867,-0.29056196212768554
0.41978779435157776,9.777115821838379,-0.4023881912231445
2.624901056289673,8.52215576171875,-0.013200762271881106
-2.84732985496521,9.59581470489502,-0.5338407897949219
0.7947225570678711,8.837498664855957,-0.3193395805358887
0.20752698183059692,7.384883880615234,-0.0753509318828583
0.3322408199310303,7.740431785583496,-0.06178108096122742
7.5916852951049805,5.491554260253906,-0.2262449836730957
-3.012279987335205,9.53649616241455,0.23794941186904905
0.12590959668159485,8.896952629089355,-0.04061786413192747
-2.1983232498168945,9.478789329528809,0.0030647242069244407
2.9958701133728027,2.103041410446167,-0.3817660903930664
0.7021386027336121,9.598599433898926,-0.23985316514968869
0.550857424736023,7.963384628295898,-0.13976355075836183
2.5654966831207275,7.649709701538086,0.05207523345947268
8.869856834411621,4.135634899139404,-0.14571426391601563
7.971569061279297,3.8418209552764893,-0.2626114273071289
0.1874050348997116,8.057207107543945,-0.3724427795410156
2.2360143661499023,5.3658037185668945,-0.415211398601532
0.7242334485054016,7.628588676452637,0.5960788917541504
-2.9512271881103516,8.747956275939941,0.011773734092712429
0.590539276599884,7.652332305908203,0.25274320602416994
0.5847253203392029,6.559514045715332,-0.17552394151687623
-0.4230394661426544,8.15346908569336,-0.36838585853576655
1.0597987174987793,0.5499564409255981,-0.40453060150146486
1.5234564542770386,7.363967418670654,0.00991195917129517
2.3336148262023926,3.0558390617370605,-0.35535728454589843
-1.6153888702392578,10.029863357543945,0.31889445781707765
4.679619312286377,6.445271968841553,0.41459606647491454
1.59360671043396,8.41345500946045,-0.20047044217586518
-3.7798078060150146,3.6425633430480957,0.037931185960769664
-1.6871317625045776,8.868556022644043,-0.06125441551208499
0.20039935410022736,6.410008907318115,-0.4082535934448242
2.2417399883270264,5.572509288787842,-0.3544424819946289
4.310380935668945,2.492460012435913,0.17845262050628663
2.666308641433716,8.474617958068848,-0.2992788004875183
3.0019850730895996,4.699802398681641,0.28617660760879515
-0.9243805408477783,8.332411766052246,-0.3588330078125
3.66386079788208,6.959969520568848,-0.14724596977233884
3.0289738178253174,7.003378391265869,0.5059669780731202
7.070888042449951,4.7049336433410645,-0.41965427398681643
-0.6516021490097046,9.467826843261719,-0.05313402533531186
2.250659465789795,6.2339768409729,-0.09198382735252375
-0.23607119917869568,2.265810489654541,-0.4227255249023438
2.1795711517333984,8.546509742736816,-0.5361110305786133
-0.5369360446929932,5.924088478088379,0.17867441058158876
-2.225922107696533,1.945098876953125,0.07817928194999696
6.123716354370117,4.590010643005371,-0.34268238067626955
-3.7668473720550537,6.653498649597168,0.7107038021087646
1.5025744438171387,5.6598968505859375,-0.2748965072631836
7.738764762878418,5.487665176391602,0.10835750937461852
2.0816874504089355,8.603485107421875,-0.07495121896266937
-2.72774076461792,4.039604663848877,-0.21334636688232422
-2.002763032913208,6.423368453979492,-0.23478635072708132
2.848902702331543,9.028316497802734,-0.4811894607543945
-0.2507839798927307,6.569192409515381,-0.2944839668273926
-3.036241292953491,5.977864742279053,0.09986693143844605
7.451039791107178,4.928123474121094,-0.15451387405395509
4.291249752044678,3.5886247158050537,0.14400252103805541
1.0740116834640503,7.618896484375,-0.3848084259033203
-1.5767991542816162,6.990464210510254,0.11287157058715819
2.4753503799438477,7.629051208496094,-0.068314266204834
0.440604031085968,9.005322456359863,-0.24225306153297427
1.1598678827285767,8.071044921875,-0.5171625518798828
0.3545410633087158,8.775654792785645,-0.01145284295082094
-0.22186917066574097,9.405838012695312,-0.40398929595947264
-2.8682713508605957,9.05953598022461,0.2046778154373169
0.7273998260498047,8.54940128326416,-0.44965042114257814
1.8004086017608643,7.355964183807373,-0.46664119720458985
1.574370265007019,8.643362998962402,-0.332254838347435
3.3369903564453125,0.07291027158498764,0.10773901224136354
4.574273586273193,6.924657344818115,0.5781535863876343
-0.0063154795207083225,8.307286262512207,-0.11781149864196777
1.9426809549331665,6.545402526855469,-0.3694598639011383
2.6852033138275146,6.423292636871338,-0.2584102338552475
-3.7619848251342773,4.148159980773926,-0.03560882091522216
0.6557772755622864,8.100615501403809,-0.3116888427734375
1.2997007369995117,7.095398902893066,-0.32684165954589844
1.8483892679214478,8.122889518737793,-0.4576851272583008
2.042525291442871,3.1668925285339355,0.2869225406646729
0.39103972911834717,6.337881088256836,-0.19271011352539064
1.9790760278701782,3.965536117553711,-0.23044564366340636
4.258097171783447,6.014031410217285,0.17344966888427732
2.2230193614959717,4.037799835205078,-0.13271367311477666
-0.6184374094009399,6.670608043670654,-0.358743896484375
1.8318519592285156,6.631460189819336,-0.29871187210083006
2.902843713760376,6.905211925506592,0.14745431900024414
2.3262786865234375,7.196346759796143,-0.050227676630020146
3.434091806411743,6.98058557510376,0.43337880849838256
1.539812684059143,9.047983169555664,-0.39854644775390624
1.187058687210083,3.065824270248413,0.04691820502281191
10.148652076721191,5.659135341644287,-0.3100191885232926
2.814810276031494,7.330094337463379,-0.3587522506713867
-0.48418834805488586,5.513905048370361,0.21161625862121583
1.5185950994491577,8.697301864624023,-0.29301375031471255
7.253279685974121,4.45707368850708,-0.2081185531616211
-0.3381614685058594,6.883909225463867,0.23591933250427244
2.82200026512146,9.094183921813965,-0.022780172824859612
6.0211310386657715,4.508629322052002,-0.2677116394042969
-1.623879075050354,6.869691848754883,-0.18663568258285523
-3.02976393699646,3.7320520877838135,-0.47819286346435547
7.118808746337891,4.50915002822876,-0.297618397474289
2.4586312770843506,7.049356937408447,-0.24775907397270203
1.410873293876648,5.520178318023682,-0.16546999752521513
-2.6573479175567627,2.616658926010132,0.23691751837730407
0.5166757702827454,6.793636322021484,-0.36998088836669923
-0.23390917479991913,8.714149475097656,-0.41047760009765627
3.023005247116089,4.41247034072876,-0.30834304332733153
2.456575870513916,8.088316917419434,-0.008906359672546382
0.9578334093093872,7.443828105926514,-0.06130255818367003
-2.5146095752716064,7.291595935821533,-0.33789398193359377
0.8288816809654236,5.885167598724365,-0.24093138217926025
-0.4436676800251007,6.756215572357178,-0.49447982788085937
-4.868497371673584,4.101228713989258,-0.23482033133506774
-0.5991398692131042,4.2007670402526855,-0.22264440536499022
7.275195121765137,1.4407469034194946,-0.24479124903678895
3.080576181411743,1.0561350584030151,-0.23105046451091765
-2.8828656673431396,7.676054000854492,0.16877172470092772
2.816688299179077,6.675591468811035,-0.1374487054347992
0.05327761173248291,6.125208854675293,-0.022572618126869226
0.22626903653144836,5.450713157653809,-0.22018400192260743
-0.3885713219642639,7.149149417877197,-0.562697639465332
2.1480298042297363,8.141980171203613,-0.15344640493392947
1.5309911966323853,8.397872924804688,-0.2265467244386673
0.6665715575218201,8.727931022644043,0.06875734448432924
1.593716025352478,9.16894817352295,-0.523317985534668
2.7504472732543945,7.671527862548828,-0.41102704405784607
-0.18519216775894165,7.03543758392334,-0.2161714744567871
-0.610426127910614,5.924201011657715,-0.34555788993835446
3.135037422180176,6.3762335777282715,-0.05876914739608763
1.4887340068817139,5.573523998260498,0.04833899259567259
-1.163506269454956,6.189161777496338,-0.31275962829589843
0.7434846758842468,8.937321662902832,-0.26726640343666075
1.988324522972107,6.2021307945251465,0.028375806808471626
-0.9907088279724121,5.285696506500244,-0.0160497295856476
-1.6082632541656494,7.200967311859131,0.2725863981246948
3.5597667694091797,0.6764143109321594,-0.33107921600341794
1.6679481267929077,4.047490119934082,0.3115109133720398
0.24082837998867035,9.55749797821045,-0.3725839996337891
2.952960252761841,5.697064399719238,0.34173948764801027
10.077054977416992,4.4937944412231445,-0.4069457978010178
0.2904994785785675,8.835427284240723,-0.47066925048828123
2.2202653884887695,9.05512809753418,-0.5012782669067383
-2.509787082672119,7.044250965118408,0.19858402729034424
-2.282665491104126,9.522360801696777,0.5435044193267822
7.165184020996094,4.44155740737915,0.08261324882507326
1.396567940711975,5.396785259246826,-0.061174972057342514
0.4399532675743103,7.194153785705566,-0.3865005874633789
0.05505475029349327,2.8201301097869873,-0.33498323857784273
0.8955981731414795,2.547358512878418,-0.3065583038330078
-2.0066657066345215,9.119357109069824,-0.2766978645324707
-0.6886758208274841,4.35878324508667,-0.25097944259643556
-0.8173744678497314,10.10844898223877,-0.022616571187973
0.6778266429901123,8.075373649597168,-0.2084049904346466
1.4028542041778564,8.643834114074707,-0.21758234977722168
1.349021315574646,7.23464822769165,-0.14385499954223635
1.0665397644042969,7.228785991668701,-0.393311882019043
-0.2462310642004013,6.138929843902588,0.10799149513244627
-2.1530234813690186,9.169317245483398,-0.5086427307128907
-0.17727506160736084,8.11859130859375,-0.3801136016845703
0.9686972498893738,9.601279258728027,-0.4588766860961914
2.9539079666137695,6.73092794418335,-0.23586766481399535
-2.5683681964874268,9.083771705627441,0.13274684667587278
-0.46475231647491455,8.67390251159668,-0.481489372253418
2.070850133895874,8.36732006072998,-0.5832463073730468
0.5387250185012817,4.830471992492676,-0.20274457573890686
1.8240814208984375,4.315690517425537,0.3244027090072632
3.7725014686584473,7.708200454711914,0.25598500728607176
-2.974172353744507,9.748287200927734,0.8620943546295166
-0.16033032536506653,8.558379173278809,-0.531304931640625
3.088330030441284,6.5717973709106445,-0.0924967420101166
0.5062515139579773,9.286661148071289,-0.3490698623657227
1.6743340492248535,7.417640686035156,-0.32535972595214846
1.8569209575653076,9.509500503540039,-0.4355370330810547
6.72897481918335,4.164895057678223,-0.008061586618423489
2.100949764251709,6.194675445556641,0.5635280799865723
7.252407073974609,4.477489948272705,-0.3641276550292969
0.5585550665855408,0.9786642789840698,-0.08641640663146972
2.0777924060821533,4.8537726402282715,-0.33335283875465394
0.31751057505607605,6.475707054138184,-0.34994651794433596
2.176680088043213,4.001480579376221,0.6089869260787963
0.8605898022651672,6.607850074768066,-0.35966503143310546
0.33635413646698,5.9159064292907715,-0.2743060302734375
3.8796157836914062,5.109944820404053,0.45101272106170653
1.2603588104248047,8.731931686401367,-0.6090860748291016
0.6493260264396667,3.8993844985961914,-0.018727334737777712
-1.200645923614502,9.86728286743164,0.030123567581176736
1.046561360359192,8.81988525390625,-0.4185093677043915
3.152137279510498,6.779994010925293,0.26918280839920045
2.0425093173980713,7.407610893249512,-0.12533590078353885
2.8422532081604004,7.856695652008057,-0.0558479106426239
1.8141200542449951,7.502257823944092,-0.04152901768684386
-4.179752349853516,6.339315891265869,-0.35886837005615235
7.161778450012207,1.2636545896530151,-0.5006255799531937
0.13959993422031403,5.457958221435547,-0.20323532342910766
3.461003065109253,5.18233585357666,0.3632914972305298
0.633963406085968,3.1917924880981445,-0.1679431176185608
1.137572169303894,6.204437732696533,-0.26732247531414033
2.8025641441345215,5.978519916534424,-0.08361786782741548
-1.8798831701278687,9.027558326721191,-0.2806183624267578
3.270125389099121,5.0849761962890625,0.0451327931880951
1.7804958820343018,7.794778347015381,-0.45881134033203125
1.180894374847412,8.088726043701172,0.018591723442077657
-0.019253619015216827,7.93514347076416,-0.32241100311279297
-3.038318395614624,3.8495876789093018,-0.33338001251220706
1.053402304649353,5.263704776763916,-0.2907637536525726
1.0167304277420044,9.02857780456543,-0.40845638275146484
0.5995205640792847,7.901632785797119,-0.31830724716186526
-2.114286184310913,8.7200345993042,-0.1991546231508255
-0.7344452142715454,7.467497825622559,-0.23920555114746095
-2.941920757293701,7.65675687789917,-0.059109658002853394
-0.29922178387641907,7.197606086730957,-0.272632942199707
3.4666526317596436,6.848151683807373,-0.1709439170360565
2.8007194995880127,4.427407264709473,0.5524095439910889
2.5017893314361572,7.622636795043945,-0.007874495983123786
2.6899688243865967,4.078918933868408,0.02933071374893187
1.6702039241790771,6.515077590942383,-0.21858219385147093
-2.0328283309936523,9.298078536987305,-0.1149118232727051
2.7707512378692627,7.053126335144043,-0.4608042907714844
2.131873846054077,4.825618267059326,-0.5061975479125976
2.164235830307007,2.8910505771636963,0.0644641327857971
1.7766048908233643,7.933655261993408,-0.4599399185180664
1.358567237854004,-0.6220765113830566,-0.32995025634765623
2.522830009460449,6.84147834777832,-0.625567398071289
2.0098159313201904,5.3693037033081055,-0.19109201312065127
-0.8865289688110352,6.128515243530273,-0.42398178100585937
-0.06931452453136444,5.615786552429199,-0.20974382758140564
4.080658912658691,3.815073251724243,-0.14594038248062136
0.9901812076568604,6.720011234283447,0.17484697103500368
-0.7938554286956787,8.827425956726074,0.09323397159576416
-0.8454853296279907,8.142316818237305,0.06354157686233519
0.691698431968689,5.359665393829346,-0.39742698669433596
-1.8913581371307373,0.34649983048439026,-0.43325645446777344
-1.1901819705963135,10.220048904418945,-0.16153998315334323
1.3663032054901123,7.241372585296631,0.1256862211227417
0.417627215385437,6.764507293701172,-0.11902533769607543
1.708505392074585,6.183974742889404,-0.3591723251342773
4.066781520843506,5.937443733215332,0.5088910388946533
1.2025939226150513,7.413774490356445,-0.2098329132795334
5.49335241317749,3.284503698348999,-0.2076631951332092
1.6202846765518188,7.3829026222229,-0.18449304580688478
-0.8730335831642151,6.210705280303955,-0.3437211990356445
-0.4080016613006592,7.058185577392578,-0.24304817199707032
1.7841448783874512,7.079126834869385,0.5049422788619995
5.582786560058594,3.8499915599823,-0.010906800031662
0.7618417143821716,4.786780834197998,-0.2831846237182617
1.892317295074463,6.461489200592041,0.3280195379257202
3.146042585372925,6.606783866882324,-0.1674214589595795
-0.5933147072792053,8.753939628601074,0.010735468864440934
4.9422125816345215,6.594125747680664,0.6343777871131897
1.9573217630386353,9.400420188903809,-0.19182351589202878
-0.4909467101097107,7.680821895599365,-0.3058119010925293
3.4907748699188232,6.7679901123046875,0.0034152793884277832
-0.1669909954071045,7.788751125335693,-0.3969545364379883
1.181370496749878,4.208529949188232,-0.19925563514232636
-3.378448724746704,9.187052726745605,-0.06684967279434206
3.2465054988861084,7.5585527420043945,-0.3423223501443863
-3.108920097351074,9.806854248046875,-0.18287956833839414
-0.2937750220298767,5.218797206878662,-0.11077644348144532
-0.017825812101364136,6.240577697753906,-0.13006013870239258
0.9075281023979187,2.40692138671875,0.014973747134208681
0.8326515555381775,4.6843037605285645,-0.1611956787109375
3.2047340869903564,0.23464153707027435,0.11594055414199828
3.240457534790039,5.775681495666504,0.23278508663177488
-1.8969744443893433,0.29665127396583557,-0.09790331244468686
1.1411712169647217,7.408370494842529,-0.38905872344970704
1.4667032957077026,9.470294952392578,0.043719723224639906
0.46975192427635193,3.415193557739258,-0.37197036743164064
3.1219775676727295,8.539590835571289,0.10023712158203124
-0.4131157696247101,4.315354347229004,-0.26061689376831054
0.9361452460289001,5.88160514831543,-0.13969191908836365
3.622896194458008,4.786324501037598,0.10664671182632446
-2.921673059463501,9.231816291809082,0.15366984367370606
3.3124687671661377,6.155323505401611,0.1306761169433594
-0.42389121651649475,6.027937889099121,0.08355775356292727
1.3944506645202637,8.486896514892578,0.33230358123779297
-2.0358359813690186,4.974933624267578,-0.26653453826904294
-0.13055066764354706,9.144940376281738,-0.1723810863494873
0.8607493042945862,8.656086921691895,0.2806312847137451
-1.4921014308929443,6.814021110534668,-0.12744966506958008
1.8885201215744019,6.979919910430908,-0.16389755249023436
4.554439544677734,6.59464693069458,0.5372932147979737
1.3676955699920654,6.4726972579956055,-0.4708809280395508
-1.3498634099960327,9.955530166625977,0.548335382938385
-0.8061922788619995,8.972209930419922,-0.22662427246570588
2.001372814178467,9.413290023803711,-0.41508304595947265
-5.895543098449707,2.7037193775177,-0.3373049545288086
2.7100720405578613,8.059807777404785,0.15441872119903566
1.0203936100006104,5.90240478515625,-0.33307220458984377
-2.876265287399292,8.390880584716797,-0.06453648567199705
0.4948621094226837,5.335975646972656,-0.474283447265625
-1.3441581726074219,10.155136108398438,-0.05678852677345275
4.515980243682861,5.7547926902771,0.578463339805603
-0.5008696913719177,3.314568281173706,0.003840849399566637
-3.177324056625366,3.3451809883117676,-0.15247531354427335
-0.8045147657394409,6.3596343994140625,0.03397227406501768
0.2609200179576874,8.179841995239258,-0.2862693786621094
1.45488703250885,8.992657661437988,-0.2749544084072113
-1.7167518138885498,8.164203643798828,0.38737353324890134
3.498911142349243,6.303016185760498,-0.10364770889282227
0.5120269060134888,5.924450874328613,-0.22282468795776367
1.300114393234253,9.127223014831543,-0.1778581041097641
1.2391959428787231,8.527952194213867,-0.39210379391908645
-3.0325310230255127,4.643115997314453,-0.34953506469726564
3.1777164936065674,6.538285732269287,-0.16757661819458003
2.5448975563049316,6.410285472869873,-0.025620831251144394
-1.0961785316467285,8.292044639587402,-0.2307069081068039
2.04736328125,8.038082122802734,-0.4739408493041992
3.8488595485687256,2.954111337661743,0.23762383222579958
2.5462520122528076,8.232650756835938,-0.5225130844116211
2.778085231781006,7.253960132598877,-0.5263752746582031
-0.4617685079574585,9.441383361816406,0.03828702926635741
1.112632155418396,7.897058486938477,-0.11918078899383544
-0.9382942914962769,5.599979400634766,-0.42017066955566407
0.8498160243034363,7.155735492706299,-0.39822921752929685
0.882911741733551,8.548820495605469,-0.2673860168457031
3.711480140686035,2.2394487857818604,-0.3443149566650391
2.168797254562378,8.745458602905273,-0.24428037643432618
7.79848051071167,5.645769119262695,0.024407638311386093
0.5158714652061462,7.483467102050781,0.18312681913375856
4.171450614929199,5.861630439758301,0.21326226711273194
1.1900486946105957,9.57393741607666,0.11169678092002866
3.7389090061187744,6.164595127105713,0.5651009941101075
-1.1986258029937744,8.380550384521484,-0.023957078456878667
1.169571876525879,6.043859004974365,-0.1511985582113266
-2.2930123805999756,6.367459774017334,-0.1939324462413788
-3.7315521240234375,7.908496379852295,-0.48422233581542967
7.811305999755859,5.064433574676514,-0.23159114837646486
-0.8314521312713623,9.25502872467041,-0.054251623153686535
3.064354419708252,6.727733612060547,0.04407399415969848
1.5158941745758057,6.372437000274658,0.1304433035850525
3.2377140522003174,8.479462623596191,0.0004950213432312056
1.6364061832427979,5.984496593475342,-0.40575710296630857
-0.23751088976860046,6.694102764129639,-0.39226646423339845
2.3568429946899414,8.22998332977295,-0.2677116394042969
1.9675240516662598,9.273932456970215,-0.22936401367187498
2.4559738636016846,7.32991886138916,0.05799760341644289
4.639438152313232,6.459534168243408,0.7132272195816041
2.6797733306884766,5.438361644744873,-0.09242566108703613
-0.4443017244338989,8.751227378845215,-0.25846353530883787
3.3148627281188965,6.054173469543457,0.027504625320434517
1.8630478382110596,8.336874008178711,-0.4781747055053711
2.3229663372039795,8.60873794555664,-0.4132889938354492
4.479681491851807,5.855139255523682,0.8547050809860229
0.6171395182609558,6.922417640686035,-0.23210418701171875
-0.0330389179289341,10.107586860656738,-0.2832204759120941
0.9138264060020447,1.7838536500930786,-0.4799539184570312
-1.7295465469360352,8.55342960357666,-0.046481593847274794
0.11803780496120453,10.045550346374512,-0.37550003051757813
2.802816867828369,7.080503463745117,-0.06904700040817263
-2.0321545600891113,0.20949970185756683,-0.3198215484619141
0.7534865140914917,6.991865158081055,-0.13813159584999085
0.18343791365623474,8.071178436279297,-0.4569171142578125
2.514711380004883,8.430253982543945,0.33860025405883787
-3.061603546142578,5.293049335479736,-0.08595263600349423
1.5694628953933716,9.007697105407715,-0.34833482623100276
2.4744889736175537,8.417583465576172,-0.03269756078720093
-2.704700469970703,8.671859741210938,-0.3587063980102539
1.5193754434585571,7.981179237365723,0.12368640422821042
-4.300380706787109,7.882126808166504,-0.4586748886108398
-0.2269783914089203,2.5295968055725098,0.22953447461128235
2.2221882343292236,8.370068550109863,0.1796642994880676
1.6463605165481567,0.07659059762954712,-0.2765324974060059
1.4747761487960815,7.542663097381592,-0.2691257095336914
4.37942361831665,5.315127372741699,0.1713455867767334
-0.44367241859436035,8.653660774230957,-0.4490011978149414
1.7751284837722778,9.979061126708984,-0.3741540896892548
1.1006816625595093,7.518174171447754,-0.010349694490432715
2.8010244369506836,9.028742790222168,0.050625824928283714
0.7417092323303223,6.1317362785339355,-0.1997321116924286
2.1792452335357666,6.172140598297119,-0.1877211308479309
0.31227943301200867,9.450725555419922,-0.38005955696105953
0.6542742252349854,1.9037662744522095,-0.1688934636116028
2.999241828918457,4.413113594055176,-0.39919902801513674
-0.2897488474845886,9.957653045654297,-0.5589714431762696
-3.308030843734741,6.741025447845459,0.06340692996978758
7.301159381866455,4.74462366104126,-0.3104689979553223
2.4195308685302734,3.6296279430389404,0.4112195777893066
-0.14821317791938782,8.005349159240723,-0.4364626729488372
0.14554265141487122,7.617709159851074,-0.21746503829956054
-2.252051591873169,9.437920570373535,-0.06414096713066103
0.07012197375297546,7.4407639503479,-0.05231080770492558
-0.10636541992425919,8.04188060760498,-0.2531810569763184
-4.492959499359131,7.049816131591797,-0.18072200536727906
0.11656157672405243,7.287026405334473,-0.3382960510253906
0.520969808101654,6.404392719268799,-0.13125928640365603
0.5341147780418396,6.224180698394775,-0.1920896989107132
1.8211883306503296,9.023536682128906,-0.18192772030830384
0.8162690997123718,8.03402042388916,-0.3143219244480133
-0.5599993467330933,3.896256685256958,-0.34505706787109375
2.291203737258911,5.896656513214111,-0.5288346099853516
2.0785467624664307,5.781363010406494,-0.48643123626708984
-0.37521809339523315,9.470972061157227,-0.19420442104339597
3.4776101112365723,7.20242977142334,-0.29702422380447385
2.3387303352355957,9.162944793701172,-0.46310077667236327
0.7132167220115662,7.55845832824707,-0.2861178183555603
-1.7804681062698364,9.29910659790039,-0.016264996528625508
0.5433846712112427,-0.1704183965921402,-0.23012802124023438
0.02849130891263485,5.851538181304932,-0.31826393127441405
2.5911428928375244,8.739787101745605,-0.21215155363082888
0.9336960911750793,7.725729465484619,0.32587820053100586
-0.999099850654602,9.804622650146484,-0.4518636322021484
-0.6232473850250244,7.325002670288086,-0.3368703079223633
-1.1001523733139038,7.1470770835876465,-0.23712121963500976
-0.14612749218940735,7.87800407409668,-0.2728648567199707
-1.0132012367248535,9.156889915466309,-0.4304525375366211
1.0832273960113525,7.286454677581787,0.044292805194854734
3.257370948791504,8.748583793640137,0.07647372722625734
1.3044146299362183,4.223034858703613,0.270748131275177
-1.2377967834472656,4.3506669998168945,-0.21102985382080078
3.960529088973999,6.565282344818115,0.20149849891662597
-2.2892868518829346,8.646064758300781,-0.08507084369659423
2.07619047164917,7.173218250274658,-0.3183141672611236
-1.7185206413269043,7.2822723388671875,-0.287332763671875
-0.4789513349533081,9.939048767089844,-0.5535331344604493
0.8696144819259644,9.635334014892578,-0.5275381469726562
1.4592565298080444,8.744686126708984,-0.41122631072998045
4.319784641265869,6.547012805938721,0.07466803550720214
0.9582245945930481,7.666147708892822,-0.5153773880004883
-0.21649320423603058,7.472448348999023,0.2273742914199829
-3.7201523780822754,8.5336275100708,-0.21726025223731993
-0.2507966458797455,8.229037284851074,-0.22676115870475766
1.5784451961517334,8.177042007446289,-0.29595313489437103
2.2490110397338867,4.47034215927124,-0.23078762769699096
-0.8466474413871765,9.769913673400879,0.07302351117134093
0.5544329881668091,7.954399108886719,-0.0005662453174590798
1.2930959463119507,8.8135347366333,-0.4568941116333008
4.141882419586182,5.276539325714111,0.5714462471008301
2.4325411319732666,0.9922498464584351,-0.40633689880371093
-1.699029564857483,6.426602363586426,-0.3196761703491211
2.1021580696105957,7.040675163269043,-0.21951388239860536
-3.408231735229492,3.4367902278900146,-0.2194169807434082
2.612231492996216,0.5345611572265625,0.06031070709228514
2.1139421463012695,6.080764293670654,-0.01142113089561464
2.2236080169677734,8.809471130371094,-0.38490150451660154
1.6155011653900146,6.30573034286499,-0.39449615478515626
3.281545400619507,1.236148476600647,-0.27147981643676755
-0.03689683973789215,8.199323654174805,-0.035900382995605495
-1.0878512859344482,8.867002487182617,-0.3444472122192383
0.6206706762313843,8.282184600830078,-0.42752403259277344
0.3741125166416168,9.694875717163086,-0.5432727813720704
-1.6138839721679688,6.188427925109863,0.10209916830062865
-2.468505382537842,9.291789054870605,-0.04159700870513916
1.445916771888733,6.872775077819824,-0.42545623779296876
1.8580094575881958,7.893907070159912,-0.2942044734954834
-0.7222054600715637,9.57709789276123,-0.056101944446563745
-1.8377574682235718,9.132354736328125,0.03760337352752685
-0.7537797093391418,7.512160778045654,-0.34456348419189453
-0.18208523094654083,10.009808540344238,-0.4023687744140625
0.32955554127693176,8.787127494812012,-0.07162588238716128
-1.8366928100585938,6.648855686187744,-0.19440851926803587
1.6009308099746704,6.6376543045043945,-0.3409742736816406
-1.539746642112732,8.6377534866333,-0.1687519335746765
-1.404553771018982,6.8896965980529785,-0.36493736267089844
7.677346706390381,3.2561447620391846,-0.6013823921978474
-2.465257167816162,7.496416091918945,0.21159019470214846
5.835862159729004,3.922248363494873,-0.13339637398719784
-1.0627996921539307,7.190828800201416,-0.22142066955566406
-3.4662530422210693,3.829423666000366,-0.32937049865722656
1.2837077379226685,9.112133979797363,-0.07961560010910035
-1.5070031881332397,5.10996675491333,-0.06578175306320189
-0.6275858283042908,6.966965675354004,-0.26371614515781405
0.540580153465271,9.164609909057617,-0.3041886520385742
4.388083457946777,4.881702423095703,0.5055266571044922
1.3009674549102783,5.620517730712891,-0.3508931732177734
-1.7736300230026245,7.310156345367432,-0.5085847473144531
3.0457746982574463,-0.426472544670105,-0.3956591796875
-5.973296642303467,3.5174527168273926,-0.4514039611816406
0.758331298828125,4.240769386291504,-0.32170639038085935
4.948841571807861,2.694631576538086,0.3454872441291809
3.0722615718841553,6.051065444946289,-0.2781448674201965
1.9861183166503906,9.276091575622559,-0.2865940892696381
2.7052669525146484,4.040106296539307,0.0289291787147522
0.673934280872345,9.120173454284668,-0.35975185394287107
2.916924238204956,7.7529497146606445,0.2735926401615143
-4.064074516296387,4.291634559631348,-0.36686244964599607
-0.6781827807426453,6.18049430847168,-0.1788115119934082
1.619308590888977,9.003307342529297,-0.4411648941040039
-1.196075201034546,4.266288757324219,-0.3093154990673065
1.9515327215194702,1.73573899269104,-0.14355592370033265
-0.8205175995826721,10.038567543029785,-0.2459447479248047
-0.09555825591087341,4.299633026123047,-0.2359164917469025
0.7330994009971619,9.511653900146484,-0.11839598119258882
1.0069831609725952,9.306211471557617,-0.39426708221435547
3.079529285430908,6.893505096435547,-0.15187720537185667
-3.114910364151001,9.139766693115234,0.5310862183570861
-1.5551401376724243,5.431412696838379,0.02569240093231201
0.891949474811554,8.532698631286621,-0.14635955333709716
-0.24204857647418976,8.46428108215332,-0.14725524246692656
2.0074448585510254,5.602537631988525,-0.22301948547363282
0.5643047094345093,8.652440071105957,-0.3111020851135254
-0.4229363799095154,4.3377766609191895,-0.3480465316772461
-3.675654411315918,6.2510881423950195,-0.3271135711669922
-0.3170652985572815,8.008644104003906,-0.5265093994140625
2.7987780570983887,7.925957202911377,-0.29171855926513673
3.4079864025115967,5.709480285644531,0.16157092571258547
0.8040997385978699,9.17680549621582,-0.4353961563110352
1.3136364221572876,8.750977516174316,-0.4881909942626953
2.631592273712158,5.926904201507568,-0.030109596252441417
0.530505359172821,7.676319122314453,-0.03176353454589842
4.90189790725708,5.812530517578125,0.7354268932342529
4.626690864562988,3.7298712730407715,-0.3479234278202057
-0.8188175559043884,7.894134998321533,-0.04023401021957396
-0.12404154986143112,5.1745686531066895,0.1307302188873291
1.1613181829452515,6.925455093383789,-0.3510089111328125
2.3201987743377686,8.03207778930664,-0.34362056732177737
1.3811131715774536,6.466475963592529,-0.22498967409133913
2.2317771911621094,5.4063615798950195,0.02635209441184999
0.1844707876443863,5.963764190673828,0.14018577218055725
2.9855356216430664,7.813485622406006,-0.5155226665735245
2.121199607849121,8.98248291015625,0.04241568088531489
3.8462181091308594,6.211535930633545,0.32468422889709475
-2.254363775253296,7.468628406524658,-0.34470367431640625
2.5972049236297607,4.2928009033203125,-0.44425067901611326
-0.776679277420044,10.036673545837402,-0.2516126191616058
0.19411583244800568,8.457606315612793,-0.46559551239013675
1.7699284553527832,6.116430282592773,0.0028550601005554177
8.585482597351074,2.9646522998809814,-0.6906470489501954
-0.8702817559242249,5.757724761962891,0.05194280147552488
3.051050901412964,7.167966842651367,-0.06413538694381715
-0.4131714403629303,9.320990562438965,-0.1318504524230957
-1.890358805656433,9.466668128967285,-0.2833930230140686
-2.2015976905822754,8.065210342407227,-0.20998645782470704
0.5103632807731628,4.641434669494629,-0.4132720947265625
-2.7970144748687744,9.92976188659668,0.38306330680847167
0.49524131417274475,6.795501232147217,0.0011714911460876665
0.9445388913154602,7.167628765106201,-0.33706653594970704
0.0891762524843216,6.605507850646973,0.09771398782730101
0.955531656742096,7.425232410430908,-0.5539146423339844
0.2669765055179596,8.633301734924316,-0.042805846929550195
3.685960292816162,0.615420937538147,-0.4360919952392578
4.2468085289001465,5.16513204574585,0.5452863168716431
2.0438075065612793,8.949226379394531,-0.49939891815185544
2.2545454502105713,7.54815673828125,0.0875249576568603
1.3066922426223755,4.254920482635498,0.30984163761138916
-2.9628520011901855,9.718748092651367,-0.030973865985870375
2.538348436355591,7.941720008850098,-0.22054182410240175
1.416982889175415,1.3398936986923218,-0.4536109459400177
-0.6365485787391663,10.093247413635254,0.2944333124160767
1.4324626922607422,7.780966281890869,-0.41579627990722656
2.0651118755340576,8.064824104309082,0.09823909997940064
2.0648560523986816,8.393775939941406,-0.08998811602592466
2.025996208190918,9.713031768798828,-0.2943035435676574
4.303836345672607,5.840865612030029,0.40152874946594236
-3.7763917446136475,4.651907444000244,-0.2465066146850586
2.85011625289917,7.907288074493408,-0.07132310986518858
-0.1314818263053894,9.967537879943848,-0.470256462097168
4.064833164215088,4.800622940063477,0.4849927616119385
0.26139968633651733,9.290060043334961,-0.3133551788330078
-1.0976977348327637,5.706999778747559,-0.16397232592105865
1.7152212858200073,8.030153274536133,-0.3377440720796585
-0.5910369157791138,7.721706390380859,-0.04021784126758576
-1.401878833770752,3.892301082611084,-0.1945635986328125
-3.173663854598999,9.507494926452637,0.0110616409778595
2.124282121658325,7.0299506187438965,-0.4082485580444336
2.290839195251465,3.5122249126434326,-0.4812096405029297
1.54413640499115,8.57979679107666,-0.3192452430725098
7.381743907928467,5.5464277267456055,0.15242933511734008
-1.2206077575683594,7.156847953796387,-0.1975785255432129
7.141731262207031,2.714085102081299,-0.4387500458955764
-5.887033462524414,3.898317575454712,0.001545150279998797
1.0800297260284424,7.666407108306885,-0.0797503685951233
1.2503873109817505,9.503877639770508,-0.03556916952133177
0.786738395690918,7.577909469604492,-0.23892961323261264
-0.6644597053527832,8.315597534179688,-0.04558471679687498
0.06339576840400696,7.375658988952637,-0.36675086975097654
7.686376571655273,4.471957683563232,0.13795904874801634
1.4597512483596802,5.830602645874023,-0.15017268002033235
-2.479961633682251,7.945437908172607,0.030201034545898398
0.546334981918335,7.519114017486572,0.03793556809425355
3.102581024169922,1.0439454317092896,-0.008044588565826405
0.36484816670417786,9.118268013000488,0.047921450138092014
-0.6447339653968811,9.127631187438965,-0.2997145080566406
0.005546663887798786,8.532946586608887,-0.08638297319412236
1.4601799249649048,5.856370449066162,0.027605714797973635
0.2837083637714386,8.916683197021484,-0.47169898986816405
-2.3945229053497314,9.604403495788574,-0.2763747352361679
1.3636606931686401,9.66927433013916,-0.36573085784912107
3.4083704948425293,7.245678901672363,0.2954052710533142
1.0859110355377197,6.3650970458984375,-0.3144226461648941
1.0384646654129028,7.472977638244629,-0.057069249153137214
7.082281589508057,1.3141074180603027,-0.487382760643959
-0.06722480803728104,6.913057804107666,-0.28602352142333987
-0.240275040268898,3.644404888153076,-0.5531500244140625
-1.6129233837127686,9.17520809173584,-0.4166425704956055
-0.25699618458747864,8.956120491027832,-0.3612757110595703
2.4931130409240723,6.792276382446289,0.13904569029808045
2.3138463497161865,8.824423789978027,-0.14419874668121335
2.24588942527771,6.897188186645508,-0.32174533247947695
0.1031777486205101,0.11383680254220963,-0.06851143479347227
4.729506969451904,2.8327434062957764,-0.4756589889526367
0.22429904341697693,8.952181816101074,-0.1771578800678253
1.217037558555603,9.972078323364258,-0.4190879148244858
2.51674222946167,7.292025089263916,-0.37287841796875
-2.3281779289245605,3.2627315521240234,0.10108392357826232
1.8590635061264038,9.501007080078125,-0.5887184143066406
0.5179376006126404,4.666555404663086,-0.13597745299339292
1.0471770763397217,6.717251777648926,-0.011651178598403922
-0.03638942539691925,7.513617515563965,0.17506103515625
0.019987624138593674,4.458369255065918,-0.18858905613422394
0.1907464861869812,3.722053050994873,-0.3468029022216797
0.06998257339000702,7.541743278503418,-0.39135692596435545
2.608027458190918,8.727622985839844,0.3357282829284668
-2.711007833480835,9.173294067382812,-0.11063659071922305
-0.6344648599624634,9.144376754760742,-0.4567070007324219
2.5008251667022705,8.748836517333984,-0.15886591434478758
-1.4517585039138794,3.4910049438476562,0.3505101728439331
1.5244183540344238,8.392136573791504,-0.08055175900459288
-1.0177545547485352,9.694721221923828,-0.39645076751708985
1.2501602172851562,6.581496715545654,-0.08535792350769045
-1.0906552076339722,8.006144523620605,-0.309234619140625
3.1380226612091064,6.630474090576172,-0.023425763845443703
2.1919753551483154,8.908445358276367,0.22200245380401612
0.6404368877410889,7.586492538452148,-0.19931953847408296
2.7541990280151367,6.294145584106445,-0.11888081669807432
1.4133081436157227,8.045491218566895,-0.15343846261501315
2.080449342727661,4.860868453979492,-0.13189993619918822
2.3080883026123047,9.314929008483887,0.12220467567443849
7.557774543762207,2.695552349090576,-0.3333468508720398
2.2720799446105957,6.79494571685791,-0.20592847764492034
7.056449890136719,1.334252953529358,-0.12858319520950312
1.9410182237625122,5.704152584075928,-0.31467057824134825
-2.5589210987091064,8.380306243896484,0.26019151210784913
-2.8301689624786377,9.469158172607422,0.4093523144721985
1.7857029438018799,6.791324138641357,-0.24411489486694338
4.054631233215332,3.385929822921753,-0.3403647994995117
2.119762420654297,5.2374138832092285,0.09214704990386963
7.166196346282959,4.8105340003967285,0.06437893390655519
1.8265681266784668,7.522868633270264,-0.1937256890535355
-1.6325830221176147,10.23304557800293,0.7790600299835205
-1.5632683038711548,10.142693519592285,0.25489083766937254
1.795934796333313,5.933871746063232,-0.2932502484321594
1.194458246231079,6.924874305725098,-0.5568141937255859
2.240302801132202,7.027310848236084,-0.2901534575223923
-0.3354991674423218,6.664795875549316,-0.29857160568237306
-3.931835412979126,5.375061988830566,-0.37100284576416015
-1.6346420049667358,8.733561515808105,-0.26768083274364474
-0.5474374890327454,10.04944896697998,-0.18025174021720886
0.8348318338394165,8.006108283996582,-0.41856922149658204
1.4420169591903687,9.648619651794434,-0.39777996063232424
-0.4389079511165619,7.628981590270996,-0.4688959503173828
1.9583760499954224,8.153764724731445,-0.40959320068359373
1.8730019330978394,7.8298139572143555,-0.038594849109649665
-1.118544578552246,5.752910137176514,-0.23321981430053712
2.9378533363342285,7.481907367706299,0.429862699508667
3.622628688812256,7.113242149353027,0.42665533065795896
-0.260695219039917,6.4930830001831055,-0.29582672119140624
1.8641715049743652,6.201219081878662,0.026920905113220206
7.343733787536621,1.1313639879226685,-0.3163464784622192
1.907273292541504,9.482053756713867,-0.06208232164382932
4.839101791381836,6.703491687774658,0.7898723220825195
0.12002112716436386,3.736571788787842,-0.17615179240703582
2.780601739883423,6.672491550445557,-0.3803055953979492
-0.6829403042793274,8.438222885131836,-0.35381694793701174
-0.18385271728038788,6.229898929595947,-0.3952484130859375
3.1406309604644775,4.524195671081543,0.2982241916656494
0.5201606750488281,4.066143989562988,-0.2108126264810562
1.4226380586624146,8.607796669006348,-0.08036265015602112
-0.05129525065422058,8.344825744628906,-0.3593844985961914
-0.8621041774749756,7.484696388244629,-0.44891067504882814
4.582181930541992,3.100694179534912,0.1166191530227661
1.737154483795166,8.476913452148438,-0.3192673492431641
6.498485565185547,2.2686309814453125,-0.2398158979415893
-1.869033694267273,9.639153480529785,0.00510437965393068
-3.6485636234283447,8.913207054138184,0.4047568368911743
0.7029082179069519,7.127994537353516,-0.3115793991088867
-0.21494337916374207,8.073177337646484,-0.4905144882202148
2.7906389236450195,7.210000514984131,-0.14421919226646424
1.503629207611084,6.991178512573242,-0.4804880142211914
3.1009068489074707,8.691742897033691,-0.3198170274496078
3.323451519012451,4.583512306213379,0.9887659931182862
6.356022357940674,4.29849910736084,-0.2535120964050293
7.294806957244873,4.893569469451904,-0.15469884872436523
-0.7328152060508728,1.5497407913208008,-0.2870294189453125
-0.38848355412483215,7.031167030334473,-0.12756614923477172
2.261063814163208,3.1979007720947266,0.03157535910606385
-0.09565647691488266,8.569427490234375,-0.4711173629760742
-3.204658269882202,5.968921184539795,-0.04829394698143008
-0.540576159954071,7.5507402420043945,0.03897183299064638
1.7072919607162476,9.345537185668945,-0.2653847885131836
2.232077121734619,2.2471683025360107,-0.1705262094736099
2.3425354957580566,9.051132202148438,-0.2206139063835144
2.074016809463501,4.619276523590088,-0.23608278274536132
1.6677674055099487,7.37494421005249,-0.018887475728988634
1.3751691579818726,6.290034770965576,0.008483610153198262
0.9172840118408203,7.972794055938721,-0.41040969848632813
-1.2233489751815796,6.5892653465271,0.6443114519119263
-0.5401447415351868,9.153413772583008,0.06319460630416868
7.6208696365356445,3.896524667739868,0.1125813353061676
1.257606029510498,8.64307689666748,-0.17398466587066652
-0.7949506640434265,6.801830768585205,-0.2971348762512207
1.978509545326233,6.029974460601807,-0.2501814693212509
-0.14036163687705994,4.4053192138671875,0.10864547491073606
2.214677095413208,8.032456398010254,-0.08890800714492797
0.539531946182251,8.616416931152344,-0.34844905853271485
-0.5689256191253662,9.441428184509277,-0.32777114868164064
-2.8727736473083496,9.855953216552734,-0.027266806364059426
0.23959606885910034,6.940695762634277,0.19167960762977598
-2.723048686981201,10.043700218200684,0.6071941471099853
-0.15026409924030304,7.803615093231201,-0.032054346799850475
0.2273411899805069,5.028675556182861,-0.3976803803443909
1.4935927391052246,7.389091491699219,0.3843874979019165
0.7984582185745239,7.702763557434082,-0.3845281982421875
-3.13687801361084,8.60986614227295,0.3825853419303894
2.381425142288208,7.105568885803223,-0.3773131561279297
0.5645298361778259,9.142641067504883,-0.10143667995929717
-0.1855723261833191,6.413355350494385,-0.22241506159305574
0.6144191026687622,5.7278008460998535,-0.3604915857315063
2.960963487625122,7.91477108001709,-0.01904296875
2.7587997913360596,4.02766752243042,0.07200007915496826
2.862086772918701,6.483733177185059,0.2442230820655823
3.0270655155181885,5.5987348556518555,0.1898467779159546
2.548068046569824,5.411752223968506,0.15386868476867677
-4.185206413269043,7.593502044677734,0.22594199657440184
6.939703941345215,4.994819164276123,0.3289826226234436
2.230095863342285,6.260487079620361,0.016075294017791758
1.344467282295227,4.877042770385742,-0.3462474822998047
0.2683198153972626,7.834622383117676,-0.3474951934814453
0.8942938446998596,9.342256546020508,-0.3681940078735352
3.220031499862671,8.186345100402832,-0.054781672954559324
0.05777506157755852,9.041428565979004,-0.5019294357299805
3.2871479988098145,7.419198036193848,-0.16529705226421354
4.593186378479004,3.5401453971862793,-0.08643970370292664
-0.6278198957443237,9.507774353027344,0.3885452318191528
5.16443395614624,6.493381977081299,0.933943395614624
-0.19768504798412323,8.077012062072754,-0.47293380737304686
1.2334727048873901,9.062183380126953,-0.2639560741186142
-2.0005807876586914,10.208422660827637,-0.11681628942489619
-1.2879257202148438,5.36965799331665,-0.08928154230117796
0.434262752532959,7.185746192932129,-0.1532140678167343
3.200319528579712,7.27209997177124,-0.1005421900749206
1.6489704847335815,7.23606014251709,0.08436133384704592
2.397427797317505,7.127737998962402,0.14825358390808108
6.940521717071533,4.441616058349609,-0.3692596435546875
-2.8323919773101807,8.670995712280273,0.5308749866485596
-1.6056232452392578,7.038390636444092,-0.49403488159179687
0.9135616421699524,9.109034538269043,0.3076359748840332
-4.563042163848877,4.475427627563477,-0.152352893948555
-0.2272571623325348,6.094974994659424,-0.08197769522666931
3.938044548034668,6.577112674713135,0.09434449315071108
2.32950496673584,7.17069149017334,0.06785821199417114
4.564965724945068,3.4981515407562256,-0.14149213552474976
-2.126854419708252,9.3900785446167,0.03955257654190064
4.095618724822998,6.749959945678711,0.05076458215713503
6.632514476776123,2.9830732345581055,-0.09050508975982663
0.5739825367927551,8.267910957336426,-0.14626198768615722
6.3182373046875,4.478507995605469,-0.22731481552124022
2.579664468765259,9.016717910766602,0.03141634821891787
2.254532814025879,6.622135639190674,-0.11356202960014344
0.18652993440628052,6.4168243408203125,-0.41132892012596134
3.4156739711761475,6.012600898742676,0.15813500165939331
0.15376253426074982,6.882186412811279,-0.2666537094116211
7.709552764892578,4.911310195922852,0.22877382278442382
-3.246015787124634,8.375770568847656,0.09634865522384639
-2.377304792404175,7.434677600860596,-0.13201654195785523
3.121849775314331,7.7857255935668945,-0.014964423179626485
2.7786865234375,5.797266483306885,0.05091783761978147
4.2415385246276855,6.724091053009033,0.7095795059204102
2.532663106918335,6.036929130554199,-0.40794254302978517
0.060213685035705566,6.745610237121582,-0.30361385345458985
0.990958034992218,4.14213228225708,-0.20720827102661132
-3.4800209999084473,9.166472434997559,0.24183627128601076
4.290713310241699,6.208836555480957,0.2787178659439087
1.796726107597351,7.418402194976807,-0.2198359513282776
1.2930101156234741,8.27366828918457,-0.4921418762207031
0.6515657305717468,6.385829448699951,-0.42805809020996094
-1.4559835195541382,8.905145645141602,0.2859133100509643
3.3172500133514404,0.1777012199163437,-0.3000822687149048
0.8145201206207275,9.532561302185059,-0.3706486511230469
-0.3908390402793884,8.14645004272461,-0.38066295623779295
0.6710740327835083,8.972700119018555,-0.006755526065826412
0.5135598182678223,8.82962703704834,-0.04681931734085082
3.8877947330474854,5.249334335327148,0.1366644215583801
1.5363271236419678,8.894963264465332,-0.2547203135490418
0.4716411828994751,10.015880584716797,0.05865907669067383
-0.788824200630188,6.665823459625244,-0.16740572154521943
2.8781275749206543,4.965303421020508,0.09038562297821046
3.4265472888946533,6.476386070251465,0.30699368000030514
0.9575905799865723,6.070600986480713,-0.2786518096923828
1.6661807298660278,9.219674110412598,-0.29364154815673826
-4.362899303436279,8.09488296508789,-0.31543455123901365
1.8452343940734863,8.565620422363281,-0.44202911376953125
0.7732912302017212,9.631436347961426,-0.17295887708663937
-1.8320112228393555,3.7574336528778076,-0.18549696683883665
3.1124837398529053,8.405913352966309,-0.13122727513313293
-1.8519493341445923,9.39022445678711,0.04591638326644898
1.989109992980957,6.904136657714844,0.03234870433807374
3.0645580291748047,7.757934093475342,-0.27767633259296415
1.2965556383132935,4.442010879516602,-0.2574089229106903
-2.619943380355835,10.175042152404785,0.5232185244560241
4.80101203918457,3.0122604370117188,0.033448903560638454
1.7858644723892212,8.06663990020752,0.12021158218383787
1.8781697750091553,8.463902473449707,-0.057388844490051216
3.877026319503784,3.939664363861084,-0.10430913567543032
0.45266324281692505,7.8725266456604,-0.5349693298339844
-0.5832089185714722,6.711435794830322,-0.3384770202636719
0.16225183010101318,6.892597675323486,0.270931613445282
-2.894225597381592,8.760074615478516,-0.43872066497802736
3.110243558883667,8.644674301147461,0.12480242967605593
-1.4230917692184448,6.1067681312561035,-0.205829941034317
2.884336471557617,-1.3397681713104248,-0.1992327159643173
0.9277902245521545,6.25004768371582,-0.19111650586128237
-0.7457740902900696,5.126163005828857,-0.1447483730316162
0.9291651248931885,9.136292457580566,-0.17208825767040253
-2.3093173503875732,3.8759753704071045,-0.3304386520385742
-0.6749729514122009,5.675439834594727,-0.27417086124420165
0.5212559103965759,8.693598747253418,0.34537718296051023
-2.9621102809906006,7.890895843505859,-0.13243455886840821
1.1733909845352173,4.71598482131958,-0.163257309794426
-3.1619720458984375,9.187727928161621,0.2599236512184143
3.0556557178497314,7.513656139373779,-0.16547268629074097
2.848903179168701,8.248677253723145,-0.13751091957092287
0.6807951927185059,5.527512550354004,-0.33474849700927733
1.6966373920440674,7.781721115112305,0.3027358627319336
-2.952937602996826,9.136134147644043,-0.04653642773628236
-1.5026315450668335,6.864088535308838,-0.3675750732421875
0.97927325963974,6.252641201019287,-0.44787593841552736
0.3723240792751312,4.850739479064941,0.019966666698455815
-2.602008581161499,8.666827201843262,0.3223112964630127
-3.4244964122772217,6.084448337554932,-0.5138163375854492
0.34269392490386963,6.976076602935791,-0.16329124450683594
0.6703023910522461,6.716536521911621,-0.4759014892578125
-1.126387357711792,7.282069683074951,-0.4559133529663086
0.18807795643806458,6.811155319213867,-0.4401324462890625
4.119816303253174,6.287766456604004,0.06255349874496458
1.3094544410705566,7.873245716094971,-0.06313066959381103
-1.7638860940933228,3.0366311073303223,-0.3286160814762116
-0.763344407081604,9.388225555419922,-0.10433102488517759
0.3747040927410126,5.503249168395996,0.24812541484832765
4.491933345794678,5.988490581512451,0.4616462516784668
2.8942978382110596,6.180324077606201,0.5828128528594971
6.071564197540283,3.6198318004608154,0.7467578601837158
3.0289595127105713,0.6193820834159851,-0.24638296365737916
2.486704111099243,7.196331024169922,-0.2374424982070923
6.880843639373779,4.192126750946045,0.2840333080291748
1.887573480606079,7.47019624710083,-0.25110120058059693
3.9296934604644775,2.7249834537506104,-0.16746345996856687
0.7366630434989929,6.080010414123535,-0.049595267772674534
2.008265733718872,2.8410074710845947,0.03825931310653685
-0.10984569042921066,10.048360824584961,-0.21607772946357728
-0.3858190178871155,7.585503101348877,-0.3611442565917969
2.2910473346710205,-0.5755390524864197,-0.1694584172964096
1.1235907077789307,8.284436225891113,-0.36951160430908203
0.006567021831870079,9.716493606567383,-0.3632832717895508
1.0434314012527466,10.121481895446777,-0.5556175231933593
2.326347589492798,7.5635833740234375,-0.5067074584960938
-4.307005882263184,3.7917640209198,-0.284277548789978
2.7307960987091064,8.801653861999512,0.07280987977981568
0.940239429473877,8.456070899963379,-0.12468864917755129
1.8745499849319458,7.598900318145752,-0.3772708511352539
1.4305421113967896,7.674284934997559,-0.10967896580696107
2.1929638385772705,7.598567485809326,-0.23999203443527223
-3.7717010974884033,8.015235900878906,0.10096708774566654
6.301628112792969,5.252408027648926,-0.39707986831665043
-1.0795475244522095,7.327311038970947,-0.21776889622211454
2.0929226875305176,4.793092250823975,-0.3221961212158203
1.9064000844955444,5.6443562507629395,-0.169728017449379
3.0043528079986572,8.573542594909668,-0.21310040593147273
2.074669122695923,7.176440238952637,0.09865801692008974
1.7727751731872559,6.60711145401001,-0.2326628112792969
2.5205612182617188,8.193384170532227,-0.4260870361328125
6.630400657653809,4.5391058921813965,0.22860703945159913
-1.450855016708374,7.5046067237854,-0.4228645324707031
-1.5550819635391235,9.31600570678711,0.15586246967315676
2.220076084136963,5.00935697555542,0.2764458131790161
1.070499062538147,7.658868789672852,-0.3791183853149414
1.770026683807373,9.307917594909668,-0.12288168013095857
-2.929635763168335,9.22904109954834,-0.017114100456237846
1.320454478263855,7.675126552581787,-0.4851455307006836
1.4243816137313843,6.284982681274414,-0.06887331247329714
2.0738580226898193,6.375551700592041,-0.3152340126037598
-0.9637354612350464,9.653964042663574,-0.21740135192871093
-0.5500002503395081,9.081162452697754,-0.1744944953918457
0.217170849442482,9.839665412902832,-0.17834104478359225
-0.3111375868320465,6.358702182769775,-0.4005722427368164
0.6320172548294067,7.156741619110107,-0.24751750946044923
0.6705869436264038,8.94639778137207,-0.4962082672119141
5.230978012084961,6.909795761108398,0.20196283578872676
-2.417945384979248,6.643110275268555,-0.3361463755369186
-0.4432269334793091,9.906370162963867,-0.40246307373046875
-1.2227646112442017,5.389071941375732,0.06820103883743284
0.059682365506887436,9.730619430541992,-0.20787266552448275
1.208322525024414,0.4056336283683777,0.16814846396446229
-1.0216717720031738,5.2406840324401855,-0.10158761978149414
-0.3131100535392761,7.482626438140869,0.33553675651550297
-3.2202565670013428,9.63754940032959,0.28003347396850586
-1.6683932542800903,8.073464393615723,-0.24535867512226106
2.738532304763794,8.434981346130371,-0.04269409894943238
1.8484498262405396,5.833436965942383,0.25760349273681643
1.3268946409225464,5.45970344543457,0.08297088623046878
-0.5557813048362732,9.736564636230469,-0.5171760559082031
-2.555535078048706,3.0038888454437256,-0.3615989685058594
6.613841533660889,4.882328510284424,0.16044631958007813
-1.7145929336547852,9.93952465057373,-0.21216877579689025
1.5779672861099243,8.204124450683594,0.015887613296508785
2.63173770904541,0.1888686567544937,-0.06018734455108643
0.038558490574359894,9.166431427001953,-0.1552176237106323
-0.3534092307090759,8.25110149383545,0.29395596742630004
0.4253898859024048,0.9301186203956604,-0.2929810905456543
-0.42548149824142456,9.90530014038086,-0.4768881607055664
1.4879953861236572,8.383460998535156,0.12070654988288879
-3.596708297729492,4.31476354598999,-0.18857110500335694
-2.4809927940368652,9.57135009765625,-0.4289252471923828
-0.7998892664909363,10.277588844299316,-0.07863857388496398
2.2740983963012695,8.295695304870605,-0.10370147585868839
0.8943461179733276,4.137125492095947,0.1155206549167633
-3.726165533065796,3.799464225769043,0.37025568962097166
1.795557975769043,9.153837203979492,-0.3029999303817749
0.8110840916633606,4.391359329223633,0.1379543733596802
-1.2074724435806274,7.181981086730957,-0.3829034423828125
4.467480659484863,6.50736141204834,0.5859171056747436
2.0677011013031006,8.204582214355469,-0.07769392251968382
0.5210457444190979,6.136602878570557,-0.46028450012207034
-4.110611915588379,4.568923473358154,-0.4163004302978516
2.4934589862823486,3.524794340133667,0.02647320270538328
-2.4193530082702637,6.543574810028076,0.07102876186370854
-0.23962080478668213,5.584117412567139,-0.04172763943672181
0.6468478441238403,5.443174839019775,-0.2477327346801758
-0.435583233833313,8.574544906616211,-0.2016549289226532
9.294625282287598,3.2807223796844482,0.15353664398193362
0.9773248434066772,7.4621782302856445,-0.20316141128540038
7.203770160675049,4.050965785980225,-0.25278778076171876
6.715025424957275,4.171783447265625,-0.17754806756973268
1.1405717134475708,6.879077434539795,-0.06945081949234011
0.6446071863174438,8.317523956298828,-0.1005544364452362
-1.8003956079483032,8.663670539855957,-0.14988206148147581
-1.2702157497406006,10.028643608093262,-0.24742790997028352
-1.7341562509536743,9.285077095031738,-0.1958526408672333
2.4879136085510254,3.9411323070526123,0.2600956404209137
-1.7695153951644897,4.96641731262207,-0.38707462310791013
1.1581403017044067,7.936187744140625,0.07373175382614136
-2.5586888790130615,6.412728786468506,-0.02779686629772188
-0.4443526566028595,6.660375595092773,-0.061457197666168195
3.6217143535614014,1.9401161670684814,-0.0984476947784424
3.1516025066375732,7.328132629394531,0.039651572704315186
-0.058058712631464005,8.172683715820312,-0.4037941360473633
-0.11558020114898682,9.140074729919434,-0.20482527256011962
0.27911385893821716,9.30959415435791,-0.12914606332778933
-2.803043842315674,7.10369873046875,0.4611575698852539
2.6791656017303467,6.89361572265625,-0.1900612235069275
2.7823517322540283,4.282066345214844,-0.11771343588829042
1.620647668838501,9.301353454589844,-0.3906984710693359
-0.5889030694961548,6.2134480476379395,-0.4488636779785156
6.870220184326172,2.1402759552001953,-0.5167729336023331
1.5581610202789307,4.4510602951049805,0.2502632737159729
0.3949988782405853,7.992334365844727,-0.4158577728271484
-2.3994476795196533,9.570161819458008,0.1907695770263672
-2.652190685272217,9.245877265930176,-0.2881131571531296
2.8204338550567627,6.532691478729248,-0.17315033912658695
1.2579197883605957,3.392597198486328,-0.13163099288940427
0.005953396670520306,6.920164108276367,-0.3799701690673828
1.465491533279419,6.369877815246582,-0.4873118591308594
-2.151951551437378,2.893049955368042,-0.3253207486867905
-0.25055938959121704,9.896038055419922,-0.3535065460205078
7.187862396240234,1.2272497415542603,-0.642608887553215
1.213286280632019,7.3667778968811035,-0.06969813108444212
-3.1992135047912598,9.819559097290039,0.14370113372802734
-0.4321223497390747,6.327784061431885,-0.18564337491989136
-0.6541948318481445,5.703444957733154,0.09487560153007507
0.20989637076854706,5.716418266296387,-0.22273971557617187
0.9329999089241028,7.687053203582764,-0.3232872009277344
-0.3038986027240753,5.988827228546143,-0.43645946502685545
6.068021297454834,4.977998733520508,0.1349964916706085
-1.2672559022903442,5.006049156188965,0.2156105613708496
2.1553776264190674,5.74087381362915,0.22035701274871827
3.486957311630249,5.376204490661621,0.38022608280181885
1.8787915706634521,8.62045669555664,0.11608393907546999
-0.5604872107505798,7.220404624938965,0.09881626367568969
-2.667186975479126,9.565876960754395,0.2924561357498169
0.712753176689148,8.971579551696777,0.010551944971084581
-2.1461308002471924,9.320783615112305,-0.4940236282348633
-1.9913734197616577,8.524730682373047,0.43935228586196895
-2.933872699737549,3.1026864051818848,0.3505287718772888
1.0891534090042114,7.986303329467773,-0.4169920349121094
3.127110719680786,8.261127471923828,-0.18873604297637941
0.6417127251625061,9.316240310668945,-0.4845106506347656
-0.5445637106895447,6.01775598526001,-0.24192108154296876
2.3596487045288086,5.58196496963501,0.5377728509902955
-2.622328758239746,9.941709518432617,0.2594493246078491
-2.0124027729034424,8.084159851074219,-0.10118877649307256
0.41279909014701843,5.443984508514404,-0.22197553634643555
1.0006295442581177,8.033477783203125,-0.2954307174682617
7.33418083190918,4.578732967376709,-0.20570335388183594
1.0874874591827393,6.919615268707275,-0.28006481170654296
-2.470106363296509,9.055901527404785,-0.03521933794021603
-1.1184438467025757,7.69291353225708,0.138678994178772
1.0579042434692383,8.754990577697754,-0.32781280517578126
2.4335081577301025,5.354602813720703,0.09151819705963135
-1.192108154296875,8.077545166015625,-0.025094711184501656
-0.23191550374031067,8.616972923278809,-0.48301029205322266
0.5347216725349426,5.210334300994873,-0.09979397058486938
-3.1299922466278076,9.713164329528809,0.6041269016265869
-0.3469086289405823,7.2099175453186035,-0.15184651374816893
0.7796337008476257,5.180447578430176,0.16722896575927734
0.8459507822990417,9.18329906463623,-0.37121925354003904
-0.9913214445114136,5.629499435424805,0.2530355525016785
0.4536695182323456,7.03715181350708,-0.22750442504882812
1.912094235420227,8.67346477508545,-0.29604009628295896
-0.6306023001670837,5.626208782196045,-0.18935863494873048
1.3362027406692505,2.0669753551483154,-0.36692560911178584
-0.5363893508911133,4.565271377563477,-0.16155838012695312
-0.02125820331275463,7.306494235992432,0.044519916772842394
1.1868079900741577,7.72311544418335,-0.031283329725265485
-0.026391923427581787,5.385256767272949,-0.1913586699962616
3.3673882484436035,3.3406054973602295,0.13104363441467287
1.383032202720642,7.957140922546387,-0.025992335081100437
1.356878399848938,9.545167922973633,0.07957219123840331
1.7020829916000366,8.258315086364746,0.03656534790992738
-0.319540798664093,8.779143333435059,-0.45873920440673827
0.50778728723526,9.38528060913086,-0.3793951809406281
0.1152898371219635,6.237809181213379,-0.25735130310058596
1.943711519241333,7.413277626037598,-0.3672018814086914
-0.7517788410186768,7.197701454162598,-0.30104621887207034
3.062746047973633,7.00329065322876,-0.4887631225585938
1.1096996068954468,7.161549091339111,0.14075162410736086
-0.007124142721295357,6.7984514236450195,-0.3261417388916016
0.08392484486103058,3.322981357574463,-0.19612748980522154
1.8920241594314575,8.17070198059082,-0.4801417541503906
0.31315886974334717,8.355247497558594,-0.35169769287109376
-1.4733641147613525,9.594388008117676,0.17642041921615603
0.46324285864830017,7.410709381103516,-0.28159217834472655
10.185514450073242,4.135530471801758,-0.05889034986495972
0.11075714975595474,6.75658655166626,-0.3482238388061523
-0.21042290329933167,7.653152942657471,-0.23473806500434874
9.965376853942871,4.842686176300049,-0.09585638999938961
3.9049456119537354,5.494149208068848,0.8602006387710571
-2.0306806564331055,9.858434677124023,-0.396701545715332
2.456716299057007,8.336446762084961,-0.08297928571701052
0.33139005303382874,8.194647789001465,-0.19034151077270509
2.1274263858795166,8.79148006439209,-0.22390337646007535
3.62153697013855,2.1802961826324463,0.04485227346420287
7.326942443847656,3.659160614013672,0.0094049233198166
0.5945829749107361,4.40455961227417,-0.29556386947631835
3.248025417327881,3.8954250812530518,-0.17802704811096193
2.9074082374572754,8.088847160339355,-0.17029755115509032
2.9978840351104736,6.478908538818359,-0.11349470257759092
2.6136951446533203,7.640573501586914,-0.3064661806821823
1.833642840385437,8.221613883972168,-0.33659603118896486
2.6639132499694824,8.34596061706543,-0.5415774536132812
-3.5800578594207764,9.300557136535645,-0.056239781379699705
1.9351707696914673,0.22593261301517487,-0.1464238166809082
-0.6041651964187622,5.861019611358643,-0.1287522315979004
2.1384940147399902,8.229482650756836,-0.4510694122314453
1.4557030200958252,5.514286041259766,-0.27044145584106444
-0.28371182084083557,5.871519088745117,-0.261276330947876
6.773204803466797,2.073079824447632,-0.1679029870033264
0.6393535137176514,7.503654956817627,-0.1715939033031464
0.2977652847766876,7.536393642425537,-0.17055245041847228
0.827011227607727,7.485707759857178,0.1362986421585083
-3.0381855964660645,9.730514526367188,0.4136717367172241
2.1681740283966064,8.885763168334961,-0.3796243369579315
-1.083004355430603,4.033762454986572,-0.4222463607788086
0.19568000733852386,5.700989723205566,-0.13437003135681153
-3.044332265853882,9.724470138549805,0.4038120722770691
3.0371763706207275,7.18051815032959,0.23558122396469117
1.733729362487793,9.0407133102417,-0.1573060882091522
-0.17166221141815186,10.046293258666992,-0.15597516238689424
-2.4616549015045166,9.673924446105957,-0.2845931130647659
1.5456814765930176,7.996580600738525,0.7258893013000488
1.3434594869613647,7.329459190368652,-0.39039321899414064
2.6574087142944336,8.157803535461426,-0.24133659005165098
0.3311113119125366,7.829513072967529,-0.14499019622802733
-0.4919916093349457,8.124213218688965,-0.07464087009429932
0.15583756566047668,5.672521114349365,-0.3021140670776367
2.118448257446289,8.21701717376709,-0.05443117022514343
3.6486895084381104,4.272040367126465,0.14175880432128907
7.377775192260742,4.262946128845215,-0.42079280853271483
3.500476837158203,5.959068775177002,0.3688327217102051
3.9739391803741455,6.887063980102539,-0.10672403454780577
-1.091102957725525,6.984131336212158,-0.22207487106323243
-3.226790189743042,8.837874412536621,0.21287314891815184
-1.5565556287765503,8.748664855957031,0.08036141872406005
1.5415010452270508,5.902875900268555,-0.3885367965698242
1.3727182149887085,9.359922409057617,-0.20820201456546783
2.251002550125122,6.70085334777832,0.2750913763046265
2.286679983139038,3.6995697021484375,-0.0504356825351715
-1.3185714483261108,7.2000885009765625,0.020997442007064826
-0.18800413608551025,7.612624645233154,-0.17169889688491824
-1.450168490409851,7.969803333282471,0.11559919834136961
3.8585000038146973,6.511608123779297,0.47946842432022097
-4.816695213317871,4.495288372039795,-0.4533252716064453
1.5703150033950806,9.051309585571289,-0.16758175373077394
7.538116931915283,4.420877933502197,-0.24909864425659178
-1.1945704221725464,5.849192142486572,0.06696531772613523
-1.62608802318573,6.862765312194824,-0.27956290006637574
0.6571722626686096,4.744076728820801,-0.3279698944091797
-3.399202585220337,6.739011287689209,0.11121407389640808
-0.4060896039009094,8.511847496032715,0.23490920066833498
-3.208158254623413,4.333803653717041,-0.17971566259860994
1.7445151805877686,5.027052879333496,0.08659157156944275
-1.5484694242477417,9.794856071472168,-0.22542099356651302
0.8131837248802185,7.621053218841553,-0.3950178527832031
7.2983784675598145,1.0810598134994507,-0.36961175084114073
1.4437421560287476,8.095739364624023,-0.2893861961364746
-0.3036659359931946,8.93919849395752,-0.4885361099243164
-0.19750316441059113,9.176928520202637,-0.21103696942329409
-2.2501821517944336,8.983094215393066,-0.009308568239212056
-3.7948861122131348,3.997138023376465,0.6162591934204101
3.976548910140991,6.497979164123535,0.36808147192001345
-2.2594895362854004,1.83501398563385,-0.5931299209594727
1.1356350183486938,8.117693901062012,0.32033529281616213
0.6383140683174133,4.532898902893066,0.26821452379226685
2.0277445316314697,0.5453782677650452,-0.38811058044433594
1.4027423858642578,8.335102081298828,0.030825129747390767
7.367612361907959,0.977128803730011,-0.03292456269264221
1.888314127922058,7.889799118041992,0.34726078987121584
-0.5527064204216003,5.18096399307251,-0.20514999389648436
2.2365305423736572,6.56606388092041,0.09353930711746217
-1.6999247074127197,8.453346252441406,0.7623906993865968
7.757986068725586,5.571133136749268,-0.3344962692260742
3.3297035694122314,3.590308904647827,0.13622775197029113
-0.46056869626045227,5.9596686363220215,-0.26787506103515624
1.7795336246490479,6.451453685760498,0.2318803930282593
-1.3902555704116821,8.11584186553955,-0.1409660029411316
1.108920931816101,8.662898063659668,0.07148529529571535
0.662428617477417,9.237890243530273,-0.41631416141986843
2.286466360092163,8.384530067443848,-0.10336179375648497
2.6193456649780273,3.198049545288086,-0.007640163898468
0.6660487651824951,7.093326568603516,-0.2310124552249908
0.10528317838907242,8.69084644317627,0.0029629611968994274
-0.4561748802661896,7.798035621643066,-0.361049919128418
0.9132282733917236,8.555971145629883,-0.11611667394638059
3.723299980163574,7.439720153808594,-0.04013503789901729
3.940323829650879,6.138501167297363,1.2097140073776245
4.723571300506592,6.731192111968994,0.8328543901443481
1.9073889255523682,6.762155532836914,0.06474963545799256
2.3455967903137207,5.1133928298950195,0.1842231512069702
4.740499973297119,5.811156272888184,1.1161736583709716
1.7178363800048828,-0.1451355218887329,0.1380055785179138
1.5604026317596436,5.175589084625244,0.16067540168762207
6.9884419441223145,2.8153271675109863,0.7800195074081421
0.43874773383140564,7.897377967834473,-0.05152507483959198
0.9230625629425049,8.845954895019531,0.4083849883079529
0.2591642141342163,7.444229602813721,-0.1870648837089539
1.336511254310608,7.617539882659912,-0.06892241954803469
1.7249250411987305,4.714062690734863,0.17622934341430663
1.852219820022583,7.233156681060791,-0.20893720626831055
2.0426483154296875,3.8326356410980225,0.45743476152420043
4.245776653289795,6.817013263702393,0.9814821815490722
0.3419313132762909,8.124028205871582,-0.2788589191436768
1.8752778768539429,6.921950340270996,-0.315518736243248
1.9042000770568848,9.266558647155762,0.3808497738838196
3.465291738510132,4.236387252807617,1.0547918033599855
0.596427857875824,5.131876468658447,-0.2159237515926361
0.8937323093414307,4.500046253204346,-0.25085159301757814
3.4520998001098633,5.279603481292725,0.27391663312911985
4.922280788421631,5.281004905700684,1.0064827156066896
0.8798614740371704,7.405289173126221,0.4458098602294922
2.1773133277893066,3.086116313934326,0.16415316820144654
8.447010040283203,4.411608695983887,-0.25551151275634765
8.80101203918457,4.50819730758667,0.21973877429962158
2.2575950622558594,8.62744426727295,0.005259726047515845
2.451817274093628,2.1694345474243164,-0.42448661804199217
3.360675573348999,6.263806343078613,0.6627866315841675
-0.2638739347457886,4.705836296081543,-0.1740263557434082
5.832272529602051,3.594268798828125,0.44070452690124506
2.57722806930542,4.022371768951416,-0.0145713758468628
3.7648940086364746,4.141797065734863,1.235830545425415
1.7677044868469238,4.753610610961914,-0.35329396545886993
1.9649677276611328,6.199647903442383,0.569679172039032
4.275949001312256,5.248834133148193,0.40914789915084837
3.904390811920166,5.560215473175049,0.7661183834075928
2.418430805206299,5.49605131149292,1.0803708124160767
4.374164581298828,5.462264537811279,0.6150091409683227
2.116563320159912,7.58833646774292,0.16739669799804685
4.538329601287842,4.891292572021484,1.349055004119873
3.1813571453094482,4.271359443664551,0.2577966165542602
0.06196782737970352,2.493551254272461,0.2599517321586609
4.75769567489624,5.750134468078613,0.8777360439300537
0.8720521926879883,4.674535751342773,0.21380162596702576
0.027833616361021996,1.7899307012557983,0.32666237354278566
1.4326508045196533,1.5591613054275513,0.18711543083190918
4.478148460388184,6.171041488647461,0.7234090518951416
-2.105708599090576,4.7364501953125,-0.16015166997909547
4.485185146331787,6.615749359130859,1.01293851852417
0.4603118896484375,0.21007473766803741,-0.33597488403320314
9.794225692749023,6.114057540893555,0.2182706069946289
2.3673529624938965,7.518139362335205,0.14593022346496587
1.0099656581878662,7.754800319671631,-0.06843166232109071
2.7124147415161133,5.070042610168457,0.47966131925582883
1.272443413734436,8.09157943725586,-0.2403668975830078
1.7244644165039062,8.175942420959473,0.420358407497406
3.0370521545410156,7.086739540100098,0.7533741664886475
2.7992258071899414,7.145978927612305,0.7618745613098145
2.263153076171875,5.398684501647949,0.7970148801803589
2.0784072875976562,7.122261047363281,0.1581264925003052
9.476460456848145,3.681152820587158,0.04101977825164793
-0.5716772079467773,4.7499542236328125,0.43795997619628907
2.712493658065796,5.396342754364014,0.3485291314125061
-4.327887058258057,3.027780294418335,-0.0626661729812622
2.1533315181732178,1.2237179279327393,-0.2631227684020996
2.696145534515381,7.072044849395752,0.545131630897522
4.508232116699219,6.218135833740234,0.7453542423248292
4.104621887207031,5.767528533935547,0.42007205247879026
-0.045466963201761246,7.8117876052856445,-0.34683731079101565
0.10104914009571075,3.032371997833252,0.0036360263824462835
7.863106727600098,5.665334224700928,-0.1467811393737793
3.017778158187866,8.118453979492188,0.6259088659286499
6.316972732543945,2.9247334003448486,-0.2947294276952743
1.9793627262115479,4.373016834259033,0.9755252265930175
4.268111705780029,4.895726203918457,0.3366947340965271
-0.7317723035812378,4.354238986968994,0.355841166973114
2.497208595275879,8.159680366516113,-0.3738198566436768
3.027029275894165,7.363839626312256,0.7088466215133666
3.489051580429077,4.59318733215332,0.19123733758926387
-3.1084115505218506,3.5098652839660645,-0.35908199310302735
0.8657471537590027,-0.5343296527862549,-0.11535396575927734
8.951290130615234,2.893387794494629,0.7408925104141235
2.10487699508667,4.9126996994018555,-0.27959695518016814
3.7250304222106934,5.123024940490723,0.3717915463447571
6.250621318817139,4.995718002319336,0.3767766261100769
2.110761880874634,3.8661928176879883,-0.09003515124320982
1.8213998079299927,3.934480667114258,-0.10359575092792511
4.1121506690979,4.545891761779785,0.5063711738586425
2.8072755336761475,7.530777454376221,-0.4095353317260742
1.1355087757110596,6.116252422332764,-0.2896964836120606
9.658042907714844,4.761490821838379,-0.20488313913345335
1.225036859512329,3.525315284729004,-0.06268493890762328
-0.9455472230911255,3.8221004009246826,0.15254395246505736
2.4387552738189697,1.745519757270813,-0.25152580261230467
1.0368438959121704,7.695627689361572,-0.46926048278808596
1.7791098356246948,4.931756019592285,0.1569997811317444
3.5978381633758545,4.375868320465088,1.506803774833679
1.5700353384017944,3.6017117500305176,-0.03793025016784668
1.463975191116333,2.9504735469818115,-0.4047977447509766
2.1018381118774414,8.384798049926758,-0.410854377746582
1.9143028259277344,9.068471908569336,0.3287568163871765
-0.7972707152366638,-0.024210501462221146,-0.32445697784423827
3.9551923274993896,6.472097396850586,0.1491415071487427
2.1283645629882812,7.394434452056885,0.055957508087158214
3.4376413822174072,6.603702545166016,0.3787119436264038
-0.8070281744003296,4.184512138366699,0.18124884843826294
2.8779687881469727,3.632453680038452,0.31745136976242067
2.7103404998779297,-0.8502470254898071,0.2023320198059082
1.1334408521652222,6.5487542152404785,-0.3504563522338867
3.859772205352783,6.319681167602539,0.20167779445648193
2.2932827472686768,8.254495620727539,0.5599328565597534
0.7469112277030945,5.9979729652404785,-0.07944087266921995
3.5913093090057373,4.7343854904174805,0.7546300458908081
7.454221248626709,4.935695648193359,-0.3563230514526367
0.4188128411769867,8.340518951416016,0.04084078073501585
4.814761638641357,5.45828914642334,1.2790174388885498
9.387022018432617,3.7905492782592773,-0.14411391377449034
7.893007278442383,5.6142578125,-0.09095619201660154
0.6128222346305847,1.1058322191238403,-0.29859004974365233
4.180824279785156,2.109570026397705,-0.5899196243286133
0.1234423816204071,3.320675849914551,-0.2515840911865234
2.637939214706421,6.298883438110352,1.088731198310852
2.8082122802734375,4.806180000305176,0.2463776397705078
1.9896631240844727,5.962385177612305,-0.010449635982513417
2.7214419841766357,7.1097822189331055,-0.12929130196571348
5.21882438659668,6.305608749389648,1.0385269260406493
6.876029014587402,3.9272496700286865,0.19505795001983645
1.709680199623108,4.204758644104004,0.457098650932312
2.6501340866088867,2.9675328731536865,0.046971163749694844
2.37208890914917,7.464117527008057,0.010635812282562274
-1.3129281997680664,6.879187107086182,-0.16995044231414796
1.597614049911499,4.554251194000244,-0.12606366038322447
-0.12197066843509674,1.2097361087799072,-0.13359883308410644
0.8486578464508057,7.877046585083008,-0.25657897055149076
-1.9101793766021729,3.9135074615478516,0.039547462463378924
5.050408840179443,6.462775707244873,1.161370496749878
3.9159011840820312,5.744779109954834,0.8102492904663086
6.564379692077637,4.811076641082764,-0.13397535920143128
3.3700053691864014,5.044200420379639,0.6882888031005859
6.733702659606934,2.8499233722686768,0.21943318367004394
1.5500043630599976,7.531005382537842,0.37695926666259766
1.2413755655288696,3.112300395965576,0.34332269191741943
9.869399070739746,6.292779922485352,0.4697696018218994
4.11441707611084,6.437556743621826,0.765152611732483
0.5782901048660278,8.763761520385742,-0.12083329319953917
0.5672392845153809,7.51355504989624,0.2297897005081177
7.18985652923584,1.2025865316390991,-0.06315549850463864
4.279888153076172,4.122260570526123,0.12410975456237794
1.9060014486312866,6.902855396270752,0.38740374326705934
2.531958818435669,7.986773490905762,0.21751411437988283
0.8814149498939514,2.2749524116516113,-0.24458885431289673
2.9461162090301514,6.592288970947266,0.5550910449028015
4.944460391998291,6.692725658416748,1.1073143529891967
5.398113250732422,3.5926642417907715,0.16513117671012878
2.944286584854126,4.898194313049316,1.5242477464675903
5.834239959716797,3.1074652671813965,-0.16280137658119198
0.8147363662719727,5.024445533752441,0.43038843154907225
3.711062431335449,6.12360954284668,0.559551010131836
1.6773277521133423,7.225909233093262,-0.30062671661376955
1.3127844333648682,5.347482204437256,-0.2566280424594879
3.0701301097869873,-0.052423831075429916,-0.13584410667419433
9.302061080932617,3.3614253997802734,-0.38229850828647616
2.419011354446411,2.6615865230560303,-0.19308032870292663
3.1615357398986816,2.136326789855957,0.233840959072113
1.4367659091949463,0.46640363335609436,-0.18545705795288087
0.9888853430747986,4.719714641571045,0.22914544939994813
1.1035420894622803,4.101330280303955,0.2212721347808838
1.5892657041549683,3.4371182918548584,0.36400249481201175
-2.1397311687469482,4.393640041351318,-0.2894247055053711
1.854659914970398,4.299582004547119,-0.06007329583168031
8.748392105102539,3.491354465484619,-0.008215291500091537
-0.1665312945842743,9.214090347290039,-0.2893175506591797
1.2786723375320435,4.88053035736084,0.4748694324493408
0.6765576004981995,3.899890899658203,-0.21637449264526368
9.345565795898438,3.9912798404693604,-0.32616891622543337
-0.731748640537262,2.260314702987671,0.5946691703796387
1.6622051000595093,6.33349609375,0.23250068664550783
3.5702707767486572,0.9700348973274231,0.027956105470657355
3.0962870121002197,2.1898930072784424,-0.21421728134155274
9.740296363830566,3.8131802082061768,-0.4304297950863838
4.882635116577148,6.653625965118408,1.7203201103210448
1.8705071210861206,6.8826904296875,-0.09181355237960814
4.0840559005737305,7.8162431716918945,0.09220751047134401
-0.7005296349525452,5.928237438201904,-0.20485095977783202
4.050558567047119,6.582054138183594,0.7537669944763183
0.5161651968955994,5.992328643798828,0.013490898013114927
4.00261116027832,5.537847995758057,0.45390140771865845
7.890736103057861,4.047191619873047,-0.21317807555198665
4.822327613830566,5.172585964202881,1.341859016418457
1.581617832183838,8.976140022277832,0.5432847476005553
2.305886745452881,3.308756113052368,0.20785510063171386
2.867018699645996,7.946416854858398,0.45762091636657715
4.405096054077148,4.964168071746826,1.0120220518112182
3.2171812057495117,2.828139305114746,-0.3778138732910156
3.6948392391204834,3.770277738571167,0.7058428001403808
-1.8010796308517456,2.427402973175049,-0.0042020869255066096
3.995535135269165,0.45934322476387024,-0.0794713193178177
0.6154196262359619,8.052931785583496,-0.137254855632782
4.611273765563965,6.1129655838012695,0.6386836862564087
7.312277317047119,2.6297385692596436,0.8813892269134522
3.162954807281494,3.7551448345184326,0.1578478717803955
2.2638328075408936,6.005519390106201,1.1351518106460572
3.7918708324432373,6.219816207885742,0.21161433339118957
0.9572405219078064,7.780295372009277,-0.013646507263183616
1.966699481010437,3.9059746265411377,0.38058165550231937
0.795992910861969,3.506812334060669,-0.33064468383789064
1.2824546098709106,7.660668849945068,0.40878231525421144
2.7377777099609375,6.677004814147949,0.4423852586746216
2.4613566398620605,6.873127460479736,-0.08461356401443476
1.4527475833892822,7.879859447479248,0.08694622516632078
-0.07164166867733002,7.149080753326416,-0.3810624313354492
0.735848069190979,2.290104627609253,0.45300912618637085
1.3638715744018555,-0.08840706944465637,0.20557689428329468
1.7935786247253418,3.0147626399993896,0.30201273441314697
2.896226644515991,5.728429317474365,0.6974586009979248
5.161759376525879,6.379961967468262,1.3455794048309326
-0.900002658367157,5.9145660400390625,-0.21726139307022097
1.6514636278152466,5.776362419128418,-0.12008049488067629
2.1852376461029053,2.4107513427734375,0.22459283351898196
1.549895167350769,4.785614013671875,-0.04189725160598756
3.036656618118286,4.17035436630249,0.37197223424911496
2.8048698902130127,3.4953744411468506,-0.2855920481681824
0.9592822194099426,3.058030843734741,-0.24832965850830077
0.8993583917617798,5.141912937164307,-0.3773059844970703
-1.786483645439148,2.455554723739624,-0.3399581146240234
2.780526876449585,7.681301116943359,-0.10294711470603946
-0.20829744637012482,3.857452154159546,-0.31174556732177733
2.2137320041656494,6.657119274139404,0.662134714126587
0.19304613769054413,0.6151356101036072,0.1524752128124237
4.527835845947266,5.825554847717285,0.869123330116272
2.5439181327819824,0.041106026619672775,-0.1434864103794098
2.3419954776763916,4.114295959472656,0.4949514627456665
5.323219299316406,4.275966644287109,0.8846490478515625
-1.1891283988952637,5.221889972686768,0.20727953910827637
-3.3516793251037598,8.791045188903809,0.01825792312622071
3.6301679611206055,5.653796672821045,0.8915605640411377
8.799189567565918,6.115252494812012,0.5965553188323975
3.6673643589019775,5.407827854156494,0.3842509865760803
3.784045696258545,5.262699604034424,0.9358637571334839
0.3527710437774658,2.074162244796753,-0.5064756774902344
3.2197256088256836,2.3989174365997314,0.17714017868041987
3.077425956726074,1.7355592250823975,-0.3351906967163086
0.021547432988882065,2.2795886993408203,-0.4386358642578125
3.91664981842041,6.181970119476318,0.5239082789421081
1.5093780755996704,7.141204833984375,-0.2519096374511719
-2.0101318359375,6.807318210601807,0.5883478212356568
2.2156198024749756,3.4568750858306885,0.7988286352157592
1.945010781288147,4.0417256355285645,0.42152382850646974
-2.1228737831115723,2.408947467803955,-0.05273848533630371
4.547453880310059,6.69286584854126,1.6380681896209717
1.217735767364502,7.249483585357666,0.3110902094841003
-2.232933521270752,7.8181939125061035,0.7048569679260254
3.017490863800049,4.941140174865723,0.4988939094543457
0.31319037079811096,7.2963056564331055,0.1832845664024353
2.4448933601379395,5.024991512298584,0.7343459415435791
2.8963699340820312,-1.5443562269210815,-0.21668128669261932
0.9268667697906494,7.171468734741211,-0.12788211345672607
1.4573824405670166,6.256252765655518,-0.3232214188575745
2.8003227710723877,5.218113899230957,-0.0666866171360016
2.0002238750457764,5.234409809112549,-0.0051226782798767245
-0.37548142671585083,1.558673620223999,0.10499836802482604
3.176267385482788,4.736223220825195,0.5781374311447143
3.4464058876037598,2.859358787536621,-0.008111826181411763
1.978070855140686,5.6102190017700195,0.9997556495666504
-2.813033103942871,2.91323184967041,0.2326879334449768
4.633344650268555,6.676934719085693,0.24586772203445434
1.1256744861602783,0.5040591359138489,0.5065270066261292
1.0464648008346558,4.946965217590332,0.15822726368904114
8.988155364990234,3.077566385269165,0.5940781259536743
2.2036776542663574,2.788184881210327,0.5053632831573487
0.802667498588562,9.62723445892334,0.04503895521163942
6.956404209136963,4.382342338562012,-0.040871753692626966
1.7633881568908691,7.95379114151001,0.37432796001434326
2.701474189758301,8.639762878417969,0.14173922061920163
2.3038997650146484,5.583367824554443,0.8706662368774414
0.046135999262332916,2.533054828643799,-0.24218236923217773
1.7358254194259644,0.8122367262840271,-0.016610527038574213
1.3049077987670898,2.1053593158721924,-0.3445797348022461
3.0118393898010254,3.625518560409546,-0.015630222558975226
4.2143659591674805,3.5038673877716064,-0.07497305750846861
1.422291874885559,6.01214075088501,-0.21712262392044068
1.9069085121154785,4.305143356323242,-0.18600089073181153
0.026706499978899956,5.16834020614624,-0.15213098526000976
-2.544487953186035,4.308526039123535,-0.26911319732666017
-3.389108657836914,3.5847084522247314,-0.028145552873611424
4.5993757247924805,6.274232864379883,1.1678233051300049
0.9907779097557068,2.759251356124878,-0.2212870216369629
4.000483512878418,7.649791717529297,1.0629464101791382
2.929567575454712,8.273052215576172,0.31935456991195676
2.0630006790161133,6.489786148071289,-0.07712123513221741
3.0321879386901855,5.69840669631958,0.2396258354187012
4.309080123901367,4.049652576446533,0.07912500977516174
-1.9090218544006348,7.935542583465576,-0.14528337240219114
3.625868558883667,6.946102142333984,1.0242917919158936
3.2785539627075195,2.3958423137664795,0.2672180318832397
4.956645965576172,5.602169513702393,1.819400625228882
6.069633960723877,3.3114395141601562,0.47240653038024905
-3.766838550567627,4.544032573699951,-0.20617942810058593
6.769475936889648,3.523960590362549,0.0007820379734039262
3.778761386871338,6.835513114929199,0.8497454452514648
2.8404221534729004,6.684028148651123,0.21678615808486934
1.4125056266784668,6.074222087860107,0.08798851013183595
9.555444717407227,6.161630153656006,0.40137696266174316
-1.04618501663208,4.767184734344482,0.19289494633674623
0.5609222054481506,2.9739952087402344,-0.16390822470188143
0.37303027510643005,8.064476013183594,-0.33591011047363284
0.8463976979255676,5.299463748931885,-0.31102762222290037
2.2051258087158203,5.396669387817383,0.043703001737594616
3.971328020095825,4.116894721984863,0.4745448923110962
1.1454412937164307,6.35443639755249,0.17758174896240236
4.885640621185303,6.378909111022949,1.2861801767349244
2.761650562286377,5.426846981048584,0.8756399583816529
2.6917459964752197,4.160869121551514,-0.3383521270751953
0.7557851076126099,4.200082302093506,-0.4514844512939453
3.1621320247650146,4.2604193687438965,0.07989504337310793
2.824505567550659,7.834014892578125,0.057438712120056135
0.16796225309371948,8.806031227111816,-0.17863948583602907
5.216816425323486,3.5217742919921875,0.003945237398147561
1.6725519895553589,8.503893852233887,-0.02034788489341738
0.9594701528549194,6.6835103034973145,-0.11259887099266053
0.44461381435394287,6.179160118103027,0.5500513792037964
0.08748072385787964,6.200584411621094,-0.2121802520751953
-0.014397325925529003,4.018993377685547,-0.3320686721801758
0.05470217764377594,2.422940492630005,-0.10481709241867065
1.6294233798980713,7.511555194854736,-0.38397239685058593
6.724592685699463,2.82368540763855,0.10427434206008912
0.9070819616317749,9.340566635131836,-0.06874304652214053
1.4494386911392212,4.82597541809082,0.11080204486846923
-1.8343446254730225,9.13514518737793,-0.27720396041870116
2.976386308670044,5.344699859619141,0.6578583431243896
-1.1296777725219727,7.687134265899658,-0.1052105450630188
2.4735751152038574,7.738173007965088,0.6491762065887452
0.3408450782299042,4.424242973327637,-0.09538471102714541
1.9395238161087036,-0.8786239624023438,-0.36114585876464844
-1.765958309173584,8.201683044433594,-0.12116290807724
3.7411210536956787,5.818116188049316,1.1082577753067016
0.1435108482837677,8.531379699707031,-0.4327681350708008
3.343032121658325,7.6124587059021,0.16208827018737793
2.753633499145508,8.051496505737305,-0.11296057403087617
-0.6268328428268433,8.530089378356934,0.1754807186126709
4.619344234466553,6.8383469581604,0.18905368089675906
-0.30206364393234253,9.010103225708008,-0.019911515712738026
-0.32030189037323,3.672502279281616,-0.09116477966308593
6.3823370933532715,3.6180968284606934,-0.2100560760498047
3.3145673274993896,5.841634273529053,0.38428119659423826
-4.440213203430176,3.4466707706451416,-0.44594486236572267
1.4348764419555664,6.3589186668396,0.4311858868598938
-0.523579478263855,3.874237537384033,-0.03536938309669496
1.9889905452728271,6.345944881439209,0.0814794397354126
-1.2206264734268188,5.943007469177246,0.07570103764533997
-2.642629861831665,3.7032887935638428,0.03719533205032349
9.055079460144043,3.5928902626037598,-0.020899591445922905
-1.9257138967514038,9.713650703430176,-0.009324482679367085
2.47868013381958,8.529485702514648,-0.19356762766838076
4.479735851287842,6.887490272521973,0.9565264368057251
0.7162614464759827,9.13031005859375,-0.40011699676513673
0.23498328030109406,8.795453071594238,-0.34762054443359375
-1.884070634841919,10.14491081237793,-0.24450067520141602
-1.7753020524978638,5.851659774780273,0.4487750768661499
0.048668503761291504,7.932439804077148,-0.3501813507080078
-0.4142165184020996,7.25470495223999,-0.05428108096122741
-1.002581238746643,6.585411071777344,0.289086709022522
0.8411538004875183,7.037775993347168,-0.3341441345214844
-0.3590179979801178,6.80742073059082,-0.19865598678588867
1.2881337404251099,5.2767462730407715,-0.23772663116455078
2.2456490993499756,8.029030799865723,-0.0639442253112793
0.6205519437789917,7.6707844734191895,0.420523624420166
0.6937863230705261,6.450254917144775,0.3209130477905273
2.7982518672943115,7.881783485412598,-0.27447587966918946
7.523908615112305,3.6097052097320557,-0.27828573942184454
-0.37684157490730286,3.4538683891296387,-0.09082617759704589
-0.5197058916091919,9.550458908081055,-0.28032354354858396
9.70738697052002,3.9914495944976807,-0.49996726989746093
3.3763270378112793,3.7052783966064453,0.27809011697769165
0.9290439486503601,8.23499584197998,0.2885852599143982
0.6609156727790833,9.328747749328613,-0.40025936126708983
0.9713135361671448,7.546962261199951,0.17668482542037964
-2.025479793548584,2.887343168258667,0.14014021515846253
4.725827693939209,6.477343559265137,1.1972050189971923
2.420799493789673,6.943206787109375,-0.11298337042331696
3.613248109817505,5.927717208862305,-0.024925726652145375
9.625178337097168,3.9067282676696777,0.6662179470062256
-1.1889543533325195,4.147759437561035,-0.322732048034668
0.9013752937316895,5.655325889587402,-0.3052865600585937
3.600538492202759,6.688168525695801,0.9164248371124268
3.8199734687805176,5.4593634605407715,1.1823576021194457
-0.7340280413627625,7.7178521156311035,-0.3436382293701172
-0.8474218249320984,7.104812145233154,-0.017544306516647346
0.7133988738059998,5.814600467681885,-0.2538420295715332
-0.8914915919303894,5.220755577087402,-0.12674930572509766
-0.5362361073493958,3.2626893520355225,-0.17069477081298828
0.22533278167247772,9.314979553222656,-0.18680736541748047
3.7283968925476074,6.236047744750977,0.8069624710083008
-1.0961496829986572,6.687427043914795,-0.4145368194580078
1.2422906160354614,7.238368988037109,-0.1746394032239914
3.169862747192383,4.8357253074646,0.39784098625183106
2.9854676723480225,-0.6189520359039307,-0.15842376708984374
-0.027571506798267365,2.793170928955078,-0.18931089401245116
2.9869160652160645,7.701998233795166,0.11103399753570559
-0.24049824476242065,3.297783613204956,-0.3155036354064941
4.847709655761719,5.545319080352783,1.639719524383545
2.494253635406494,5.275084972381592,0.3118676948547363
1.6415334939956665,4.759821891784668,-0.3220932388305664
0.6908375024795532,9.007542610168457,-0.39294942319393156
2.133972406387329,5.52004337310791,0.49784920454025267
1.0789135694503784,3.744671106338501,0.16762202024459838
-1.4258711338043213,3.981837034225464,-0.17550649642944335
-2.064514398574829,8.086456298828125,-0.30240358352661134
-0.11447737365961075,8.736523628234863,-0.4377268218994141
-2.761049509048462,3.290454149246216,0.5092701530456543
4.121849060058594,6.315024375915527,1.252057852745056
1.624449372291565,6.320044040679932,0.5434149169921876
3.8409037590026855,7.087795257568359,0.5933409023284912
-0.4475926458835602,6.98452615737915,0.0794410538673401
1.2106707096099854,6.508427143096924,-0.13464888811111453
0.6445348262786865,7.485035419464111,-0.322854568362236
1.5500617027282715,3.6339383125305176,0.16254949808120728
0.3373895585536957,9.353288650512695,-0.13134527325630185
0.10711749643087387,9.41871452331543,-0.27679803848266604
0.6440626382827759,5.622232913970947,0.48893946409225464
-0.47452178597450256,6.012925148010254,-0.43451164245605467
5.089328289031982,6.4503092765808105,1.2817913579940796
-3.583195686340332,4.8540239334106445,-0.17103443682193759
-0.6983854174613953,1.784340500831604,0.02633432388305662
-2.3144991397857666,2.5693230628967285,-0.21900928497314454
0.9186785221099854,2.172269344329834,0.16559374928474427
2.3711929321289062,3.005728006362915,-0.15675697207450867
2.8852615356445312,4.181562423706055,0.8498682689666748
1.1010046005249023,7.752667427062988,-0.33343162536621096
3.701747417449951,6.385228633880615,0.49274185180664065
0.1713680624961853,9.451272964477539,-0.20051015436649322
0.4199599623680115,3.9653286933898926,0.6276733160018921
1.506531000137329,3.669625997543335,0.11190623164176941
3.1410152912139893,6.867378234863281,0.7985225296020508
-0.16173218190670013,7.863039016723633,-0.03559800505638122
-0.6442322134971619,7.163156032562256,-0.27905948638916017
0.6285151243209839,6.655319690704346,-0.41822471618652346
0.22596976161003113,4.26282262802124,0.16929102659225465
4.561233043670654,6.73386287689209,0.7110166215896607
6.699974536895752,3.7626454830169678,0.2504904294013977
0.014035261236131191,8.413322448730469,0.2218471956253052
3.424565076828003,4.354963302612305,0.5531659126281738
7.378317832946777,4.304283142089844,0.19375395178794863
-0.4237130880355835,3.3021998405456543,-0.04364176511764528
9.21004581451416,4.49525785446167,-0.10374897956848145
1.1407055854797363,7.893613815307617,-0.2607526397705078
-0.6516209244728088,9.116655349731445,-0.5168601226806641
0.9475652575492859,4.4525041580200195,-0.044206687211990336
-0.44785988330841064,10.186554908752441,0.11146122455596918
-0.995478630065918,1.3690465688705444,-0.2228749656677246
0.84708571434021,5.980318546295166,-0.288275203704834
-0.6723077893257141,5.725377559661865,0.09694082260131837
8.684009552001953,5.042569637298584,-0.4634845876693725
0.8841901421546936,6.112550258636475,-0.269311695098877
-0.06964340806007385,7.707586288452148,-0.06989188432693483
1.3910701274871826,4.590126991271973,0.9104355239868165
-0.6237313151359558,7.661209583282471,0.3962435245513916
-0.46522849798202515,4.497577667236328,-0.3192534637451172
2.383829116821289,7.927476406097412,0.38278961181640625
-0.8667687177658081,5.906070232391357,0.6081284999847412
3.3444690704345703,6.786283016204834,0.787319278717041
0.4609670341014862,6.641959190368652,0.27317334413528443
-0.2965881824493408,4.054419040679932,-0.3304409408569336
-3.2270970344543457,3.2716712951660156,-0.03172898590564727
1.845431923866272,2.855468273162842,0.15313880324363707
2.8342063426971436,8.68288516998291,-0.11489158272743227
0.9408221244812012,4.9980645179748535,-0.16509315490722656
3.591965675354004,0.46725624799728394,-0.19629947662353517
0.13590824604034424,6.562397480010986,-0.3188656044006348
5.305598735809326,7.134066104888916,1.023235092163086
0.9592679142951965,3.8132681846618652,0.7930985260009765
7.575493335723877,4.200404644012451,0.02899832606315611
4.3058247566223145,2.818169116973877,0.7138676691055298
4.480487823486328,6.568421363830566,0.29008755683898924
0.18566569685935974,4.664651393890381,-0.39371509552001954
-0.8224127888679504,7.776436805725098,-0.3546786117553711
0.13927017152309418,8.494558334350586,0.5534308195114136
5.642539024353027,3.4509270191192627,-0.002947312593460094
4.444059371948242,2.8361339569091797,1.084864616394043
3.8840489387512207,3.2415683269500732,-0.057334376573562607
-0.8993192315101624,4.73543643951416,-0.13917181015014649
-2.2284116744995117,4.1446332931518555,-0.1788115119934082
-3.4736905097961426,4.606629848480225,-0.2158082687854767
3.0963151454925537,6.548896789550781,0.9188309431076049
-1.2235119342803955,6.894403457641602,-0.1733761346340179
1.6944044828414917,7.663154125213623,0.4036313724517822
0.20557765662670135,7.947707653045654,-0.13330648422241212
3.1857893466949463,3.9638617038726807,-0.09407815933227537
0.7412074208259583,7.194841384887695,0.2316624855995178
1.1794192790985107,9.484016418457031,0.0853717803955078
1.0283616781234741,5.436710834503174,-0.0024885261058807395
4.008759021759033,7.380388259887695,1.1927778911590576
-0.9345784187316895,5.039700031280518,0.1981315815448761
1.8646811246871948,8.353608131408691,0.26271935224533083
2.5053787231445312,4.34605073928833,0.31156899452209474
1.6960688829421997,8.521997451782227,0.7999136638641358
2.2775585651397705,8.510237693786621,0.447478084564209
5.801476955413818,3.6945393085479736,0.5385489034652711
2.951996088027954,4.599087715148926,0.11300574779510497
1.4237892627716064,7.455109596252441,-0.2891246223449707
1.1972086429595947,7.300431728363037,-0.4508908462524414
1.6163780689239502,7.184274196624756,0.3847593355178833
-0.16177009046077728,9.275527954101562,-0.47385234832763673
1.0487282276153564,7.964256763458252,0.7693178844451904
-3.6133768558502197,3.740575075149536,0.1974085831642151
2.4390175342559814,3.716944932937622,0.674232234954834
8.388404846191406,5.952548980712891,0.5220089912414551
2.9118306636810303,5.099801063537598,0.7627644348144531
-1.742447853088379,10.282511711120605,0.0972286021709442
2.4042646884918213,5.611602783203125,0.5515208005905151
3.230712652206421,6.075248718261719,0.46137453317642213
-0.3156697452068329,9.833059310913086,-0.2202646827697754
2.9082722663879395,8.624009132385254,0.21214693069458007
-1.2141984701156616,8.398082733154297,0.45209641933441164
4.315063953399658,5.175177097320557,0.33919474601745603
2.4960827827453613,7.669160842895508,0.14426602363586427
-0.08356553316116333,5.602487564086914,-0.26185604095458986
1.652705192565918,8.23719596862793,-0.47793682098388673
1.6955692768096924,7.118253231048584,0.8117836761474609
1.2421393394470215,9.349207878112793,0.012365894317626969
0.9298659563064575,10.017020225524902,0.3434981870651245
1.7718842029571533,9.336281776428223,0.28359167218208314
-0.832676112651825,6.491028308868408,-0.10919500708580016
-1.2549844980239868,2.194385051727295,-0.28722219467163085
-0.15083281695842743,9.467220306396484,-0.10956939935684207
1.3175545930862427,-1.1327297687530518,-0.24467470169067382
2.0573856830596924,3.7879645824432373,-0.10695265769958495
-2.0560669898986816,4.216546535491943,-0.39302074432373046
2.041299819946289,7.820406913757324,-0.04071322441101072
1.237622857093811,4.247593879699707,0.2503217220306396
3.160529136657715,8.69467830657959,0.22891338348388673
-0.9272077083587646,8.860027313232422,0.40007633447647095
1.8369135856628418,6.687475204467773,0.9193307495117187
4.129411697387695,5.00971794128418,0.9440320587158203
1.4300254583358765,6.636462211608887,0.17181786060333254
-0.3743119239807129,2.9547688961029053,-0.2628490447998047
0.7510835528373718,8.365396499633789,0.10168770074844358
-1.1993199586868286,8.080400466918945,0.1199479055404663
0.46003487706184387,4.8730058670043945,0.22138044595718384
-4.118259429931641,4.606310844421387,-0.3371751022338867
1.688600778579712,8.829696655273438,0.6330718660354615
2.5095252990722656,6.934087753295898,-0.12534024000167848
2.8561975955963135,7.9737749099731445,0.3969768571853638
4.940763473510742,6.621752738952637,1.1660742139816285
-0.9533261656761169,7.303106784820557,-0.30339826583862306
2.911914587020874,6.8689446449279785,-0.09336737036705017
0.42176759243011475,7.775506019592285,0.19329610347747805
0.26827266812324524,7.129400730133057,0.6171845674514771
0.07874142378568649,7.574847221374512,1.291649160385132
-2.181568145751953,6.518649101257324,0.11306512832641602
-1.0992181301116943,3.1488752365112305,-0.22115436553955078
2.3481690883636475,8.333230018615723,0.1717488193511963
9.927956581115723,5.365455150604248,-0.5352536773681641
0.7282052040100098,6.743368148803711,0.3108261847496033
0.6794055104255676,6.240637302398682,-0.24838834762573242
1.2225385904312134,6.531182289123535,-0.47641021728515626
-0.2859457731246948,6.894532203674316,-0.31498722076416014
3.649184226989746,7.342080116271973,0.8858554363250732
-1.4784069061279297,4.39344596862793,-0.250335693359375
7.478428363800049,2.6179497241973877,0.08530039548873902
0.16860747337341309,8.60419750213623,0.05211155772209167
-0.19962701201438904,3.857621192932129,0.30630409002304076
0.543961763381958,7.879896640777588,0.2273508608341217
3.931898832321167,6.876441478729248,0.09378900408744811
4.769429683685303,4.227021217346191,0.6496361947059631
2.9516234397888184,8.464136123657227,0.19035717487335208
1.614423394203186,9.048458099365234,0.11723322510719297
1.8958888053894043,5.130616188049316,0.2599939823150635
3.2706527709960938,3.4217567443847656,-0.2091837936639786
3.065173625946045,8.174324035644531,0.19827755212783815
4.681656360626221,2.845553159713745,-0.061248791217803966
0.6968598365783691,1.3729221820831299,0.2763112509250641
1.8440521955490112,6.490792751312256,0.3865955305099487
2.945946455001831,3.9364466667175293,0.36790449380874635
3.4381163120269775,7.817154407501221,0.8108551406860351
-0.2168894112110138,8.741272926330566,-0.3664200592041016
3.3865392208099365,7.913454532623291,0.7708682632446289
4.4858293533325195,6.059574127197266,0.9499128723144532
3.221620559692383,5.732013702392578,0.8616832208633423
-2.685549259185791,10.537027359008789,-0.21767474830150602
-0.3012252151966095,8.563212394714355,-0.3473070526123047
3.083930253982544,6.153604984283447,0.5998185539245606
0.2161799669265747,5.647989749908447,-0.3670238494873047
2.659385919570923,8.11173152923584,0.22374017953872682
0.07784415781497955,6.9914469718933105,0.03544168472290038
2.5105180740356445,4.869938850402832,0.09438190460205076
4.210365295410156,5.21205997467041,1.4311890602111816
1.846020221710205,4.894907474517822,0.36388070583343507
-0.9319834113121033,9.285293579101562,-0.35005379647016527
4.673102855682373,6.421651840209961,1.331549072265625
2.1708083152770996,3.0642616748809814,0.28225130558013917
3.6404123306274414,5.277515411376953,0.2945447158813477
0.9999017715454102,7.875881195068359,-0.20856344401836396
5.267161846160889,7.063597679138184,0.8731345272064208
0.27928608655929565,8.028732299804688,-0.02142326176166537
1.007910966873169,7.883968830108643,0.032308723926544214
2.1623151302337646,3.373340606689453,0.5151101207733154
1.475966215133667,7.895301818847656,0.06028029084205627
-1.2926619052886963,2.5386617183685303,-0.3323712921142578
3.9783785343170166,5.704688549041748,0.6900504779815674
2.3704705238342285,4.580272674560547,0.7850921630859375
-1.5526738166809082,2.936311960220337,-0.23023927688598633
1.1859140396118164,4.534684658050537,-0.3462226104736328
-1.3899331092834473,8.645424842834473,-0.029467496871948218
1.6036103963851929,5.529138565063477,0.20321628570556638
1.676620364189148,8.008562088012695,0.6289035081863403
2.160903215408325,5.723733425140381,0.9475857543945312
1.0089342594146729,6.469606876373291,-0.4147608184814453
3.208219051361084,4.8338704109191895,0.3570306992530823
3.2110912799835205,4.825379371643066,0.9937899923324585
-1.0120251178741455,9.220515251159668,-0.3082560807466507
-4.5061774253845215,4.83904504776001,0.20404038190841678
-1.3217369318008423,2.00166654586792,-0.1823892402648926
2.757218360900879,4.406612873077393,0.357556369304657
1.912095546722412,8.524471282958984,0.17116603136062622
0.6363110542297363,4.1490044593811035,-0.24769874572753905
-2.5236849784851074,8.428319931030273,-0.21692094922065736
3.5689537525177,4.7926435470581055,0.4781013011932373
2.441455364227295,6.250061988830566,0.3284132480621338
-0.27786630392074585,9.242903709411621,-0.14229205131530764
1.7220381498336792,7.310937404632568,0.01677085757255553
1.126870036125183,9.285883903503418,-0.04484178662300109
3.0513086318969727,8.744579315185547,0.06079444766044617
3.855642795562744,6.762310028076172,0.8312080192565918
-0.676523745059967,4.50953483581543,0.15477711200714112
1.8042755126953125,8.758244514465332,-0.06675656914710998
-1.6343739032745361,2.4807181358337402,-0.1693252944946289
9.059536933898926,5.932937145233154,0.495350341796875
3.2414968013763428,5.7918171882629395,0.6373207521438599
4.075353145599365,7.241184711456299,0.8247514152526856
1.5157878398895264,3.448767900466919,-0.13869847178459166
0.4359017312526703,8.237754821777344,-0.29494070053100585
-0.9294446110725403,6.295641899108887,0.19714963674545288
0.10858254134654999,0.032980725169181824,-0.3000218963623047
-0.5501209497451782,7.920125961303711,-0.007104992866516113
-1.1850051879882812,8.134713172912598,-0.5105109024047851
-0.19426649808883667,5.1463236808776855,0.5266127014160156
3.9317705631256104,6.6388421058654785,0.3363383960723877
0.7307936549186707,6.7485880851745605,0.07847703814506529
2.840428113937378,6.567173480987549,-0.052372714281082144
3.762155771255493,6.52121114730835,0.7344860267639161
-1.4335851669311523,1.9981006383895874,-0.23200292587280275
-0.6897364854812622,4.5206804275512695,-0.10173748970031739
9.59579086303711,4.082240581512451,0.4019376492500305
-2.569901704788208,3.290940999984741,-0.11542132377624512
2.409524440765381,7.775679111480713,-0.15097953319549562
-2.348717212677002,2.332357406616211,-0.06762285232543945
4.252335071563721,7.123200416564941,0.5958480834960938
3.0243706703186035,7.5164103507995605,-0.005625393390655542
8.648849487304688,5.808046340942383,-0.28592883467674257
1.2922165393829346,4.772802829742432,-0.48699939727783204
3.430779457092285,6.884246349334717,0.4999141407012939
-2.632323980331421,1.7115973234176636,-0.22615983963012695
1.362032413482666,6.550321578979492,-0.45062511444091796
1.688632607460022,6.912684440612793,0.9723040819168091
-2.2659831047058105,9.460905075073242,-0.393026123046875
-0.4013078212738037,1.5225476026535034,0.008461120128631594
3.8997418880462646,5.665014266967773,0.3475645351409912
0.11695929616689682,8.027800559997559,-0.12864998877048495
-2.1446478366851807,8.15839958190918,-0.056616561412811295
2.973088026046753,2.4666593074798584,0.8812632179260254
-1.5477027893066406,9.163763046264648,-0.2533163046836853
-2.489407539367676,6.934228420257568,-0.4597959518432617
-0.657187283039093,7.01143217086792,-0.16977609634399415
3.2817223072052,6.55695104598999,0.36617289066314695
1.5158114433288574,5.383090496063232,0.08590288758277892
0.0677424743771553,6.864632606506348,-0.25681656241416934
1.3685778379440308,6.826263427734375,0.40136866092681883
8.3059663772583,4.566233158111572,0.7301084995269775
-1.7865065336227417,8.69705867767334,-0.25616209030151366
1.7524514198303223,7.016306400299072,0.2303916001319885
3.2059476375579834,6.21775484085083,0.6267421007156372
-0.7363808751106262,1.234675645828247,-0.2199832534790039
-1.9296104907989502,3.238067388534546,0.6503383398056031
2.4594950675964355,8.87690544128418,0.69399076461792
8.779860496520996,3.0760488510131836,-0.2611475700139999
-0.610224723815918,5.460040092468262,0.8776447391510009
2.121846914291382,7.238333225250244,-0.19379730820655822
3.036567449569702,6.301246166229248,0.38946142673492434
0.05171777307987213,9.027629852294922,-0.025088057518005358
3.186253309249878,5.851544380187988,0.2758181929588318
2.0580670833587646,5.409078121185303,0.3638953399658203
2.7722158432006836,7.042964458465576,-0.08069163441658023
-0.8690058588981628,7.267007827758789,-0.1710144728422165
2.682403326034546,6.723524570465088,0.5760557985305785
1.197264313697815,8.835906982421875,-0.4336064910888672
2.7468183040618896,4.47088098526001,1.2323692226409912
-1.7702054977416992,0.2444061040878296,0.5707199144363404
-2.422473192214966,8.675239562988281,-0.2707559621334076
10.119582176208496,4.557918548583984,-0.1727301871776581
3.6319806575775146,5.3152031898498535,0.7403591632843017
-2.135610580444336,5.136507987976074,-0.007409365177154514
-1.7433124780654907,8.130866050720215,-0.021580421924591087
1.1297991275787354,7.51143741607666,0.23640619039535526
3.7515358924865723,5.087413311004639,0.08807125091552737
1.0528693199157715,6.89509391784668,-0.29273468017578125
-0.867922842502594,3.3965351581573486,-0.28552654266357425
3.020205020904541,3.751703977584839,-0.04403229236602785
0.03299090266227722,3.9415388107299805,-0.11942120552062989
2.8687257766723633,8.467782020568848,0.4417371129989624
0.9820914268493652,6.378414154052734,-0.1617643451690674
-1.740702748298645,8.71960163116455,-0.13953778862953187
0.061806872487068176,6.908979892730713,-0.3155332565307617
0.8006804585456848,6.403303146362305,0.10962105631828306
-3.2598915100097656,4.38712739944458,0.30630758762359617
4.037954807281494,4.901210308074951,0.9461682558059692
0.9264691472053528,4.305796146392822,-0.3472303771972656
8.291826248168945,5.303539276123047,-0.31195186674594877
2.785335063934326,8.44449234008789,0.4120872688293457
2.7362523078918457,6.851061820983887,-0.0656025278568268
3.514925003051758,5.894705295562744,0.08726107120513915
1.590522289276123,7.38425350189209,-0.34903491973876954
0.27752968668937683,4.390503883361816,0.1989690375328064
-2.686744213104248,2.2644965648651123,-0.2193095064163208
2.0976316928863525,7.925127983093262,-0.3576456832885742
1.1542353630065918,4.996030330657959,-0.3410744476318359
2.590575933456421,7.671182155609131,-0.050806120634078966
0.22802706062793732,7.513956069946289,-0.20130531311035157
-3.1837241649627686,5.253095626831055,-0.35740413665771487
3.6626410484313965,2.11191463470459,0.7587812566757202
-0.4661947786808014,9.597899436950684,-0.2890220832824707
-3.4223170280456543,9.32519817352295,-0.09835230350494384
1.473918080329895,5.076798915863037,0.4028820538520813
-0.6826683282852173,5.979826927185059,-0.29448612213134767
1.4149881601333618,7.9676289558410645,-0.3379359817504883
3.28298020362854,5.140872955322266,-0.01112300872802735
0.40829333662986755,4.626036167144775,-0.09596572399139403
1.7309664487838745,8.68378734588623,-0.251040855050087
-0.7375910878181458,4.776459217071533,0.2487391233444214
6.886590003967285,4.1364593505859375,-0.3923204803466797
7.950994491577148,3.969512939453125,0.4018926000595093
2.1024184226989746,6.379222393035889,0.44655834913253784
3.464775562286377,3.7765822410583496,0.7721122550964356
2.21189546585083,3.2115542888641357,0.41447452783584593
1.1603171825408936,6.3353962898254395,-0.25924201965332033
3.5804920196533203,4.73746395111084,0.1039517116546631
2.4349846839904785,4.576501369476318,-0.406336669921875
1.6163138151168823,8.841862678527832,-0.16325396299362183
1.930486798286438,3.1234259605407715,-0.2957015609741211
8.786121368408203,3.8956387042999268,-0.5392753523588181
0.5127900242805481,7.824735641479492,0.8332462215423584
-0.2612604796886444,6.1049346923828125,-0.12499871253967285
-0.3582104742527008,5.821316719055176,-0.0523696994781494
3.4749410152435303,5.314940452575684,0.680955057144165
-0.7501522898674011,8.118049621582031,-0.15749451518058777
-2.6803359985351562,2.144529342651367,0.5423840904235839
-0.21414689719676971,8.625486373901367,0.25722833156585695
-0.4343244433403015,8.366732597351074,-0.026505246162414564
0.48418259620666504,7.557427406311035,-0.3705710220336914
-2.610137462615967,10.58592700958252,-0.35634033203125
-0.4437863826751709,6.13765811920166,-0.18328338623046875
0.2036323845386505,3.454604148864746,-0.39349147796630857
1.3792070150375366,0.03888373821973801,-0.126635160446167
-1.5059481859207153,4.010455131530762,-0.15522392272949218
-0.5656479597091675,7.344684600830078,-0.243278785943985
1.5324537754058838,7.291042804718018,-0.2238878631591797
6.815799713134766,1.6038919687271118,-0.47555249810218814
5.275335311889648,5.686929225921631,1.017840795516968
3.9348785877227783,5.625461578369141,0.8588210487365723
2.1452138423919678,5.079747676849365,0.34321123361587524
0.020734300836920738,9.088396072387695,-0.16712591171264649
0.7474186420440674,6.824856758117676,0.0026109492778778054
3.9223029613494873,3.2606122493743896,0.3746833109855652
-2.1422085762023926,2.386680841445923,-0.3607132720947266
4.486380577087402,6.25070333480835,0.2946736764907837
-0.48300886154174805,1.8798789978027344,-0.3396389770507813
1.0549730062484741,4.614385604858398,0.27377155542373655
1.9785507917404175,7.869526386260986,-0.1321940815448761
1.9635592699050903,7.66839075088501,0.009468050599098193
1.0987557172775269,5.822361946105957,0.5087947034835816
2.3546009063720703,7.062649726867676,-0.49541587829589845
1.1332992315292358,7.9099321365356445,0.06846411705017091
-0.5124566555023193,4.16900634765625,-0.21997564315795898
-0.7961690425872803,5.29213285446167,-0.08476629972457883
3.8421833515167236,5.055595874786377,0.23693036794662475
0.4085671007633209,7.005836486816406,0.08699610233306884
2.5209062099456787,2.976001024246216,-0.1411524534225464
1.330919623374939,6.937310695648193,-0.14639039993286132
0.9194945693016052,9.464775085449219,-0.13571199893951413
3.362173557281494,4.113339424133301,0.9134785938262939
1.3208447694778442,5.613827228546143,0.21672672271728516
1.2224363088607788,5.819331645965576,-0.4932957077026367
4.085662364959717,4.768550395965576,0.49813817739486693
-4.375311851501465,4.517704010009766,-0.3812487030029297
0.8393212556838989,4.665530204772949,-0.30411577224731445
2.627429485321045,4.535679817199707,0.47688352584838867
-0.46171706914901733,7.969626426696777,-0.31596248626708984
1.8482424020767212,7.625636100769043,0.14020628333091734
0.4515729546546936,5.230313301086426,0.19967546224594118
2.1939473152160645,7.125208854675293,-0.1585750198364258
1.087373971939087,6.214050769805908,0.21408705949783324
0.39195358753204346,6.570576190948486,0.21574269533157348
3.336183547973633,5.871364116668701,0.3624076533317566
1.536093831062317,1.8473178148269653,0.11314061760902405
-0.28787559270858765,9.723611831665039,0.010332061052322372
0.9461182951927185,8.066073417663574,0.2848600959777832
4.171608924865723,6.48370361328125,1.4922555541992186
3.426441192626953,5.445697784423828,1.165256233215332
9.728875160217285,3.9858267307281494,0.48714303016662597
0.2306344360113144,2.147827625274658,-0.19045904159545898
2.8167014122009277,6.806334495544434,0.8409473514556884
1.0489591360092163,6.524859428405762,-0.15354930222034452
0.31924423575401306,7.2365241050720215,0.0506474542617798
3.4651052951812744,5.594499111175537,0.5870733308792114
0.08584892749786377,9.222158432006836,-0.14676848649978635
2.7445549964904785,3.5007123947143555,0.6415599918365478
2.2102084159851074,6.615864276885986,0.29700235843658446
3.2083640098571777,8.162383079528809,0.25471690654754636
-1.159170150756836,7.813766002655029,-0.07523708462715151
-0.07558314502239227,9.62236213684082,-0.12943635523319247
0.023789869621396065,5.528996467590332,0.031042613983154277
1.565560221672058,8.118898391723633,-0.2996628570556641
2.6401467323303223,8.756265640258789,-0.04524321913719176
-0.6917514801025391,6.507739543914795,-0.3116970252990723
0.22131410241127014,6.415163040161133,0.03309271693229676
1.3798317909240723,8.481626510620117,0.5856960201263428
-0.2962072789669037,5.427229404449463,0.11290178656578065
0.7314006090164185,7.367125034332275,0.47783859968185427
0.9867398738861084,6.094837188720703,-0.23265743255615234
3.653759002685547,6.360511302947998,0.9782028961181641
2.431582450866699,3.5276641845703125,-0.09262177646160125
-2.0398850440979004,2.9307055473327637,-0.18117061614990235
2.1687161922454834,9.078516960144043,0.17931573390960692
1.3265101909637451,5.803293704986572,0.2964964056015015
-3.26340389251709,4.901917934417725,0.3015700149536133
-0.34851357340812683,4.003101825714111,0.2339417541027069
1.2043037414550781,5.717843055725098,0.017217786908149707
-1.8685133457183838,8.752771377563477,0.022112196683883645
2.4345197677612305,8.079116821289062,0.531388840675354
-0.6695179343223572,6.786067962646484,-0.23143123626708983
4.695249080657959,6.093111515045166,0.9988608169555664
2.0680465698242188,7.146519660949707,-0.4250891494750977
-0.9917884469032288,7.863880157470703,0.4471413707733154
4.265422821044922,4.937699794769287,0.9321868753433227
0.0937143862247467,6.046204090118408,-0.23584932327270508
-0.4175924062728882,9.590291023254395,-0.2617367994785309
7.152219295501709,5.282148838043213,-0.20555210828781129
4.869925022125244,6.881530284881592,0.5648085832595825
2.851377010345459,6.897560119628906,0.3098787879943848
-0.5389869809150696,8.089119911193848,-0.3105994415283203
4.815052032470703,6.793744087219238,0.8659626960754394
1.080930233001709,6.307240962982178,-0.023178656101226824
-3.051811695098877,8.11146354675293,-0.14629016518592836
3.6258938312530518,5.804751873016357,1.0463258981704713
-0.2143278419971466,4.99495792388916,0.14332950353622437
3.6740527153015137,6.7704315185546875,0.48834052562713626
0.8833136558532715,7.754894733428955,-0.22660520553588867
-3.7941646575927734,4.860145568847656,-0.11291959047317501
4.6027679443359375,3.1852152347564697,-0.0783685255050659
4.055149555206299,6.70458459854126,0.8737759876251221
-4.686275959014893,3.633197784423828,-0.3069449996948242
-0.47508201003074646,6.912784576416016,-0.4883507537841797
-0.1781201958656311,6.894204139709473,-0.4015960693359375
3.492781162261963,5.361944198608398,1.0393085479736328
-0.2169152945280075,6.742990493774414,-0.30367698669433596
0.8625555038452148,7.701686859130859,-0.3902657699584961
4.271869659423828,3.6010677814483643,-0.170675106048584
0.2037455439567566,4.912486553192139,-0.4271398544311523
2.745194435119629,4.436601161956787,0.08367562890052793
9.190542221069336,4.643099308013916,0.28548032283782954
7.295199394226074,5.304914951324463,0.47162335634231567
-0.2695414423942566,8.493528366088867,-0.4357506942749023
0.4728931784629822,5.690690040588379,0.03496496200561522
-3.661668300628662,4.226085662841797,0.49562471866607666
1.8991254568099976,7.519367694854736,-0.1412264609336853
1.9772886037826538,7.093385219573975,0.350943820476532
2.5051422119140625,7.490645408630371,0.5676260948181152
5.566608905792236,3.877251148223877,0.327559015750885
-0.11128788441419601,9.235092163085938,-0.027775940895080564
0.8673774600028992,8.360855102539062,-0.3449475860595703
3.0241832733154297,8.374072074890137,0.002827651500701911
2.3305859565734863,7.61708927154541,0.4594127583503723
2.757981061935425,8.550796508789062,0.6838862609863281
-3.9686388969421387,4.876212120056152,-0.3399784469604492
1.5892256498336792,7.720714092254639,0.37683082580566407
3.027672290802002,6.570348739624023,0.837462158203125
3.250079870223999,7.071073055267334,1.133678641319275
2.7133169174194336,8.397835731506348,0.23599236488342284
2.145233631134033,7.461331844329834,0.1487476921081543
6.79829740524292,5.200706958770752,-0.20845956802368165
-0.555336058139801,5.0914740562438965,-0.08572383999824523
2.1064131259918213,7.025055885314941,0.44357129096984865
3.1791629791259766,6.126439571380615,0.5148874807357788
0.7457081079483032,2.9860117435455322,-0.34491180419921874
4.045047283172607,5.933820724487305,0.9433547449111939
2.1323776245117188,7.103103160858154,0.6189948892593384
3.478519916534424,4.559443473815918,0.15244050264358522
1.4158412218093872,6.562246322631836,0.2259248757362366
1.9424290657043457,5.232645034790039,0.8099208545684815
2.2208125591278076,3.9020447731018066,-0.3482632064819336
4.26685094833374,6.251960754394531,1.37142822265625
-1.5946836471557617,7.044444561004639,0.3180572366714478
0.603384792804718,6.025425434112549,-0.26902233123779296
3.4363856315612793,7.1727519035339355,0.6686795091629028
3.392164707183838,7.814027786254883,0.8240964221954346
-1.253570556640625,7.171813011169434,-0.2979490089416504
4.482059478759766,5.473597049713135,0.8870305442810058
4.118243217468262,6.691835880279541,0.40380048751831055
0.3191527724266052,7.831944942474365,-0.11090355575084687
2.9359283447265625,6.950303077697754,0.5767369008064269
1.735900640487671,6.6299824714660645,0.10343545556068423
0.5300657153129578,5.743374347686768,-0.28626353323459625
0.6559074521064758,4.810975551605225,0.16498139142990112
0.05929456651210785,7.9104390144348145,-0.1385710322856903
-0.3095431923866272,4.6472649574279785,-0.27812143325805666
2.237025022506714,8.388300895690918,0.33073610305786133
-0.7085699439048767,9.89452838897705,-0.42825759887695314
-0.6749280095100403,10.0191011428833,-0.4014605712890625
1.4153305292129517,7.778079509735107,-0.1408963757753372
1.834120512008667,2.022736072540283,-0.36917266845703123
-4.15641975402832,4.815090656280518,-0.20936577439308168
2.518596649169922,6.784815311431885,0.12427219748497009
2.1625821590423584,3.219878673553467,0.8689192199707032
1.6433734893798828,9.253536224365234,0.09784096717834473
3.2358150482177734,4.441265106201172,0.10648847579956056
2.0320141315460205,5.432832717895508,-0.2536310350894928
-0.8581303358078003,2.5532281398773193,-0.34517688751220704
3.234869956970215,8.497135162353516,0.26701898336410523
3.348484992980957,2.0740392208099365,-0.2664970588684082
1.3229409456253052,2.9920785427093506,-0.17761133491992953
0.9896897077560425,8.151956558227539,0.12007741928100585
3.1072120666503906,7.696849822998047,0.5554463148117066
-0.1962195187807083,7.514194011688232,-0.14234404563903807
4.0031914710998535,4.985932350158691,0.40655571460723877
3.706918716430664,5.995992660522461,1.588924570083618
-2.621856689453125,9.249210357666016,-0.3677011489868164
4.1748528480529785,4.6109619140625,1.378417844772339
-0.3902193009853363,5.078031539916992,-0.3401487350463867
3.0775184631347656,5.062506198883057,0.5053518772125244
-1.6371289491653442,8.125672340393066,-0.0947993314266205
-1.6096477508544922,8.919160842895508,-0.2783236849308014
4.396383762359619,5.458749294281006,0.7735856676101684
1.3527311086654663,8.783458709716797,0.006588530540466264
2.6949565410614014,6.642154216766357,0.3943095111846924
-1.897072434425354,2.7366867065429688,-0.21275638580322265
3.823347330093384,6.339136600494385,0.41316142320632937
0.3227732181549072,8.801957130432129,-0.02073672771453855
3.9327378273010254,4.888631820678711,0.7096438455581665
-0.3473306894302368,6.989516735076904,-0.38783893585205076
4.627254009246826,5.869569778442383,0.5654435682296752
2.4411377906799316,7.542999267578125,0.01797338962554934
3.9031620025634766,5.3612284660339355,0.659703061580658
-0.8639284372329712,8.43342399597168,-0.2858403587341309
8.050888061523438,2.460338592529297,-0.46704031169414517
3.2655317783355713,6.884657859802246,0.5152121710777282
-1.6756771802902222,8.596756935119629,0.3176843547821045
5.792079925537109,3.366682291030884,0.02620011448860171
3.882014274597168,4.865167140960693,0.6800158309936524
3.8682589530944824,6.869150638580322,0.5193735957145691
1.2403868436813354,7.53483772277832,0.7847114610671997
1.0643036365509033,4.399721145629883,-0.41220596313476565
3.5533132553100586,6.457993030548096,0.5706231546401977
-2.8608055114746094,3.638535737991333,-0.3803213882446289
-0.01858830824494362,5.182971477508545,-0.37283828735351565
3.2838268280029297,6.943769931793213,0.4696898245811463
1.3878430128097534,3.1275036334991455,-0.03125591993331911
1.6287145614624023,4.599678039550781,0.13753961086273192
2.174588441848755,1.9181195497512817,0.13843001365661622
0.6695126891136169,8.293094635009766,-0.31774656295776366
2.6340720653533936,8.883488655090332,0.9293428325653076
-0.13387984037399292,3.701643943786621,-0.25223503112792967
-3.2708182334899902,9.764984130859375,0.05257326722145078
4.171142578125,5.993000507354736,0.8002609252929688
-0.7043641209602356,4.951569080352783,-0.1873920440673828
7.52981424331665,2.5515573024749756,-0.20370351076126098
1.1344506740570068,6.498777389526367,-0.4030358505249023
-0.8803857564926147,9.137737274169922,-0.3683168411254883
0.7820659279823303,4.263259410858154,0.34603938579559324
-0.0419999435544014,6.090478420257568,0.04165800690650939
3.628732681274414,7.632136821746826,0.41950847148895265
2.9823708534240723,7.154117107391357,-0.143551367521286
0.17818351089954376,9.037343978881836,-0.004325342178344738
3.9786322116851807,6.711219787597656,0.5907386684417725
-0.2857476472854614,3.52341890335083,-0.26298940658569336
-2.37812876701355,3.946747303009033,-0.2185820198059082
0.46605148911476135,6.005836009979248,-0.019177327156066903
2.6754117012023926,7.457780361175537,-0.16439878225326537
3.2604377269744873,6.390623569488525,0.9342745876312255
1.8726558685302734,6.831026554107666,0.25145352840423585
1.386780858039856,8.817010879516602,0.061385834217071555
-0.9504809975624084,6.48052453994751,-0.02941979169845581
1.9007489681243896,6.506039142608643,0.41157520294189454
4.689972877502441,6.649340629577637,0.5157086253166199
1.7662628889083862,8.446227073669434,-0.06160413026809691
-0.664097011089325,8.49952220916748,-0.3708595216274262
-0.3273722529411316,3.5703065395355225,-0.19412752151489257
6.091878890991211,3.036442995071411,-0.18191849708557128
1.4566433429718018,6.804394245147705,0.34058040618896485
-0.7981751561164856,4.083319187164307,0.7945710754394532
2.0335946083068848,7.27546501159668,-0.40750022888183596
-0.007984424009919167,8.652745246887207,0.5366322708129883
0.8325369954109192,9.020245552062988,0.3010202741622925
1.0672873258590698,7.108541011810303,-0.05032909393310547
-3.533466100692749,7.524633407592773,-0.4471381378173828
3.7560462951660156,5.15815544128418,0.4854035949707031
-0.0418342649936676,5.3303351402282715,-0.388681640625
0.7254636287689209,6.5031962394714355,0.2722499990463257
6.521602153778076,4.7264885902404785,-0.27687280654907226
2.244123697280884,7.9129815101623535,-0.1636808967590332
0.5504459142684937,4.776829242706299,-0.11976948261260989
-1.8261312246322632,7.6694655418396,1.084110975265503
3.2096335887908936,-1.1730821132659912,-0.2288783884048462
1.5991572141647339,4.8059234619140625,0.4771663069725037
0.5700380206108093,6.775503635406494,0.25068097352981566
2.7236642837524414,7.533337593078613,0.36321457624435427
7.229132175445557,3.328868865966797,-0.252560977935791
0.42881229519844055,3.975707769393921,0.8921557950973511
1.955946683883667,6.0459980964660645,0.5301506233215332
-1.0255106687545776,8.341097831726074,0.5858948802947999
-1.3231539726257324,7.561966419219971,-0.4195170593261719
3.9966282844543457,6.137671947479248,0.9860926485061645
2.083326578140259,5.3037214279174805,0.04996755361557009
-0.27581578493118286,6.683042526245117,-0.2015056610107422
6.073598861694336,4.907678604125977,0.406722297668457
0.5147798657417297,3.330862283706665,-0.2073263168334961
1.0641899108886719,7.988403797149658,-0.41437713623046873
-0.9951953887939453,8.691716194152832,0.4977910733222961
0.19656363129615784,4.8793511390686035,0.06197523355484008
3.845824956893921,5.54322624206543,1.1195717906951903
1.958699107170105,8.383048057556152,0.06668546080589294
2.5553083419799805,3.6929585933685303,0.7051375889778138
3.461724281311035,6.8793559074401855,0.1575885558128357
1.0860779285430908,4.784103870391846,-0.24917327880859375
1.4368518590927124,6.270534038543701,0.34317941904067994
-1.6077100038528442,8.973165512084961,-0.038519445061683644
7.588985443115234,5.790545463562012,0.6700833225250244
-1.172203540802002,6.856321334838867,-0.23622695922851564
0.8812412023544312,7.66373348236084,0.15541256427764893
0.24045342206954956,4.769402980804443,0.16969890117645264
-0.3023459017276764,9.260588645935059,-0.17010276556015014
2.8576643466949463,6.585784912109375,0.6698299217224121
0.9678658843040466,3.954843759536743,-0.2926873970031738
2.297804117202759,8.990667343139648,0.48645754814147946
0.48409226536750793,8.127551078796387,0.04940875053405763
4.441871166229248,5.43231725692749,1.0928024435043335
-0.5026119947433472,8.04499626159668,-0.07539361357688906
-0.16489601135253906,7.60888671875,-0.29782360076904296
1.6912809610366821,3.08301043510437,0.2124290728569031
-0.3399266004562378,7.732391357421875,-0.05428688049316405
0.6198831796646118,7.119136333465576,0.07549213588237763
2.76369309425354,-0.1244981586933136,-0.36043270111083986
0.8845487833023071,4.042159557342529,-0.19591251373291016
0.34150898456573486,1.7448796033859253,-0.07774018228054047
1.098214864730835,8.415807723999023,-0.15958568811416624
2.393890380859375,6.81630802154541,0.5067419123649597
2.8231921195983887,8.007620811462402,0.1602057671546936
-0.28703856468200684,9.203632354736328,-0.16326682209968568
0.8405173420906067,6.898543357849121,0.1142817485332489
1.5313688516616821,6.972616195678711,-0.11643865704536438
0.9190327525138855,8.921480178833008,0.09789607524871824
1.2144911289215088,5.402451515197754,0.623152244091034
3.964940071105957,6.621284008026123,1.0937119817733765
-0.9593395590782166,6.633978366851807,-0.48206592559814454
-0.23890823125839233,9.35332202911377,-0.3506240463256836
0.10768178105354309,7.78285026550293,0.10674537897109987
0.010683862492442131,7.130161762237549,0.06342692136764527
-4.182004928588867,4.917866230010986,-0.1322387635707855
1.3015488386154175,8.28623104095459,-0.12301032245159149
4.153494358062744,5.950789451599121,0.21681832313537597
2.9036033153533936,8.23300552368164,0.5435599446296692
1.8317806720733643,6.7797417640686035,0.17712971210479733
2.5437488555908203,4.647426605224609,0.5468751001358032
-1.7245941162109375,3.276613712310791,0.12319752812385559
0.8978157639503479,3.5953829288482666,0.6491838693618774
3.0838463306427,5.476733684539795,-0.025706700086593648
-0.171741783618927,7.942698001861572,-0.1819135856628418
7.072796821594238,2.9101171493530273,0.3749135136604309
2.282001256942749,7.17714262008667,-0.2711054992675781
8.951727867126465,3.701516628265381,-0.2783807373046875
0.8636298179626465,4.056900501251221,0.04522072196006777
1.2814581394195557,3.6523547172546387,-0.09729097127914427
-2.5820634365081787,3.027247190475464,-0.2911699295043945
1.6382192373275757,5.383137226104736,0.16874754428863525
5.011715888977051,5.381298542022705,0.48745155811309815
3.9174106121063232,7.735447883605957,0.6586750507354736
4.091899394989014,5.74963903427124,0.6516751003265381
2.4766764640808105,9.027058601379395,0.17137566804885862
0.9676361083984375,7.56827449798584,0.6293634510040282
2.794459104537964,6.747702598571777,0.2594046401977539
-5.420264720916748,4.336791515350342,-0.24050197601318357
1.6057857275009155,7.839750289916992,0.49631954669952394
3.953004837036133,5.764425754547119,0.626954379081726
-0.5892523527145386,8.489749908447266,-0.31662464141845703
1.2341691255569458,5.752137660980225,-0.1204147028923035
1.3825280666351318,5.897207736968994,0.21513092517852783
0.6525236368179321,5.213144302368164,-0.12235412120819089
9.614948272705078,6.274791240692139,0.25912649631500245
-1.8562452793121338,2.5960781574249268,-0.16954294204711914
4.138464450836182,6.4408369064331055,1.0021345901489258
-3.4016101360321045,2.240652322769165,-0.16788118362426757
1.7965278625488281,4.3928022384643555,0.3758130264282227
2.0369298458099365,6.97349739074707,0.20582058906555178
2.5073189735412598,6.813135147094727,0.3851067304611206
-0.4303897023200989,5.705890655517578,-0.3317940139770508
0.7572776675224304,8.65705394744873,-0.21003344893455506
-2.6131532192230225,9.562422752380371,-0.35292701721191405
3.247438907623291,6.938076496124268,0.6812069940567016
0.3589355945587158,1.4456521272659302,-0.18358152389526367
-0.19428734481334686,7.607248783111572,-0.2771850323677063
-5.8641486167907715,2.676910638809204,-0.39523006439208985
-0.8105132579803467,8.171147346496582,-0.006620222330093406
-0.9500521421432495,9.284441947937012,-0.26769906997680665
3.5550951957702637,8.199748039245605,1.1375725078582763
0.7026297450065613,8.137369155883789,-0.3692890167236328
3.4185802936553955,7.49068021774292,0.6962668657302856
3.2080466747283936,3.6852660179138184,0.5933192157745362
5.031802177429199,6.581223011016846,0.9782760381698609
-3.93123197555542,4.832381248474121,-0.06229315996170043
1.0232481956481934,6.965184211730957,-0.17782278060913087
0.38903552293777466,8.553693771362305,0.2716278600692749
3.3758866786956787,5.852115631103516,1.2122554636001586
1.8597378730773926,8.67499828338623,-0.10070220530033114
8.75752067565918,3.1547229290008545,-0.38266398370265964
0.07718224823474884,7.721478462219238,-0.3232312393188477
1.180640697479248,7.318763256072998,0.5570574426651
-3.920309543609619,3.3811933994293213,0.05639826536178588
0.7326233386993408,4.44619607925415,0.42131170749664304
2.544811487197876,8.1216402053833,0.2504156994819641
6.3198747634887695,4.0036797523498535,0.6021637201309205
0.3749571740627289,9.725804328918457,-0.4442039108276367
-0.34519603848457336,7.074440002441406,0.4853626608848572
2.136488676071167,7.979995250701904,0.30196548223495484
2.3193390369415283,6.498983860015869,0.6926234126091003
2.6080808639526367,6.7862467765808105,0.7789522981643677
3.7789790630340576,6.0345988273620605,1.3574668455123902
0.9715940952301025,3.6938223838806152,-0.4197078323364258
3.239548683166504,7.176772117614746,0.11835432052612305
0.8769338130950928,7.159492492675781,-0.08421040773391725
0.026523292064666748,4.440345764160156,0.6061652088165284
1.919028401374817,5.492125988006592,-0.013086807727813732
-0.7328487038612366,6.242364406585693,-0.37614227294921876
2.541057825088501,4.583050727844238,0.5805894708633423
3.864865303039551,7.246024131774902,0.2062103796005249
1.8293509483337402,8.892462730407715,0.423205144405365
-0.49955207109451294,8.113525390625,-0.40957218170166015
1.4445114135742188,6.413232326507568,-0.011611148118972792
3.403946876525879,4.908841609954834,0.6521831703186035
0.14020876586437225,9.115729331970215,-0.3387400436401367
-2.0115840435028076,5.336241245269775,0.487767653465271
-0.03818773105740547,6.772003650665283,-0.1023478126525879
2.979243278503418,8.06790828704834,-0.13067492604255676
-0.15895439684391022,8.091302871704102,-0.10702370464801786
-0.16230171918869019,9.133121490478516,-0.3819704055786133
1.951512336730957,0.41181716322898865,0.0703513205051422
4.7041916847229,2.964559555053711,-0.31791099548339846
4.435000896453857,7.304249286651611,-0.1972244483232498
-0.707655131816864,9.806845664978027,-0.046600108146667485
2.781426429748535,6.456797122955322,0.26349875450134275
4.086476802825928,4.442471504211426,1.3806253147125245
3.2799413204193115,8.201651573181152,0.7264000129699707
-0.3761315643787384,7.897159099578857,-0.1988324922323227
0.785987913608551,1.983550786972046,-0.24942632675170898
-2.143453598022461,4.87222146987915,0.021744748950004583
-1.599735140800476,7.285101890563965,0.43075406074523925
1.0231153964996338,9.617437362670898,0.12334239602088926
1.8748277425765991,7.5359063148498535,0.5070957040786743
4.031474590301514,6.632737159729004,1.0173379611968993
3.92873215675354,2.467869997024536,0.3092404985427856
2.5868818759918213,7.7448296546936035,0.6375848531723023
-3.2191176414489746,1.8619694709777832,0.07791023015975951
3.8747079372406006,7.441650390625,0.6553095197677612
7.461565971374512,5.39109468460083,0.7500216770172119
2.126335859298706,9.110772132873535,0.6145561933517456
2.4966630935668945,6.227458953857422,0.0036714577674865634
1.3054478168487549,2.7041385173797607,-0.04724119663238524
2.00842547416687,8.138357162475586,0.5820102381706238
4.029071807861328,7.590089797973633,0.8602544593811035
-0.4579872488975525,6.942960739135742,-0.07576383829116823
1.2190395593643188,5.2064208984375,0.28468727827072143
1.1621729135513306,-0.9544833898544312,-0.13146984100341796
1.9903275966644287,3.3530242443084717,-0.06308304607868193
4.655515193939209,5.655979156494141,0.5507369756698608
0.43860915303230286,8.562968254089355,-0.06398040294647217
-4.013880252838135,3.989152669906616,0.2773768162727356
-3.7302255630493164,6.813766002655029,-0.2510786247253418
1.7018049955368042,5.183845520019531,-0.02081516504287717
2.749208927154541,7.415112018585205,0.5566247272491456
2.1758787631988525,7.7483015060424805,-0.02202080845832821
1.4827613830566406,6.236201286315918,0.061550314426422115
1.513383388519287,3.5700321197509766,-0.2710491943359375
6.295421123504639,5.218545913696289,0.7072646474838257
0.6588671803474426,2.9521548748016357,-0.3574688720703125
8.868112564086914,3.226750373840332,-0.41294261932373044
-0.11457499116659164,2.8948702812194824,-0.2688602447509766
2.43021297454834,6.659518241882324,-0.27354581832885744
-0.626724123954773,4.44127082824707,-0.21486364364624022
1.8026788234710693,2.395261526107788,0.13017464637756349
-1.1217471361160278,6.883607864379883,-0.2019864273071289
-0.12079762667417526,5.546167373657227,0.21127078533172608
0.6769475340843201,8.01302719116211,-0.26578259706497187
1.9968888759613037,4.99646520614624,-0.3611472702026367
-0.8382680416107178,4.130104064941406,-0.3197588348388672
5.063032627105713,6.272217273712158,1.8074444580078124
1.18324613571167,5.099650859832764,-0.004423613548278804
1.9424751996994019,6.348847389221191,0.46284761190414425
1.9361839294433594,7.924253463745117,1.0073363780975342
-2.4484424591064453,8.82245922088623,-0.12873581469058992
-2.959970712661743,9.269402503967285,-0.2549027061462402
0.2746496796607971,1.2885515689849854,-0.37707378387451174
5.655003070831299,4.685145854949951,-0.2652340126037598
4.2002458572387695,6.69621467590332,0.24913989067077635
-4.576976299285889,3.5290873050689697,-0.09688636302948
4.962296485900879,6.2640581130981445,1.192240581512451
4.322117328643799,5.947177410125732,-0.07797829151153568
-2.9646177291870117,7.0918426513671875,-0.16267879486083983
8.397130012512207,3.127443552017212,-0.4839025115966797
-1.1651209592819214,8.265055656433105,-0.2984544563293457
6.824999809265137,5.176695823669434,-0.24640453338623047
2.261284112930298,8.433691024780273,-0.36602394104003905
2.082298517227173,3.4455952644348145,0.07095219850540163
5.259528160095215,6.803665637969971,0.43637588500976565
-0.712151288986206,7.087951183319092,-0.22267488479614259
3.980940818786621,4.9027509689331055,0.18665781021118166
1.2826460599899292,5.22775411605835,-0.19640739798545837
4.040197849273682,0.6645187139511108,0.34089261531829834
0.828389585018158,8.323064804077148,-0.4130577087402344
1.4695757627487183,7.009966850280762,0.10592802047729491
1.0197877883911133,6.950331687927246,-0.07578673005104064
2.2399470806121826,6.897151470184326,0.29764102458953856
1.1140538454055786,5.34537935256958,-0.24503944396972657
3.935244083404541,7.19844913482666,0.7666562271118165
-0.4052703082561493,9.858194351196289,0.17976589918136598
-2.059342384338379,3.4595062732696533,0.30937652826309203
1.7288824319839478,5.613558292388916,0.6133922910690308
0.06515882909297943,7.50751256942749,0.1368602991104126
-0.027368366718292236,7.425693511962891,0.03965902209281924
2.509683132171631,8.488758087158203,0.31941794157028197
-2.7755818367004395,3.0919413566589355,0.4257199311256409
0.26044315099716187,8.71337890625,-0.02717011332511901
1.9775288105010986,5.1206231117248535,1.383989577293396
-0.041596636176109314,2.869178295135498,-0.15030454337596894
-1.3675363063812256,6.699214458465576,-0.08166770696640013
0.22544342279434204,7.919058322906494,-0.055894368886947654
1.2879294157028198,5.559203624725342,0.13068883657455443
-0.18903595209121704,5.118152141571045,0.32596885442733764
-0.7021721005439758,2.2903683185577393,-0.27095582962036135
-3.4093410968780518,6.359828472137451,0.36831064939498903
3.3127472400665283,7.073593616485596,0.36333058834075926
3.1346323490142822,8.112383842468262,1.0313716316223145
7.613677501678467,5.342174530029297,-0.4598828887939453
0.23860464990139008,2.2425427436828613,-0.32390335083007815
1.3085342645645142,6.535156726837158,-0.017095042467117294
3.7338428497314453,6.0924177169799805,0.029962525367736803
0.7768905162811279,7.374356269836426,-0.15111999213695526
5.038222789764404,6.935486793518066,0.9051364707946777
9.16164779663086,3.791916608810425,-0.16093439936637877
2.1914093494415283,6.39785623550415,0.20621068477630616
0.4922093451023102,3.8753268718719482,0.33491055488586424
4.235413551330566,6.0860276222229,0.4776038122177124
1.7190860509872437,5.25007963180542,-0.44522293090820314
0.8778713345527649,5.723042964935303,0.8781012582778931
0.8009887337684631,4.48966646194458,0.05232699632644655
-1.0502345561981201,8.616933822631836,-0.11456226348876954
3.6962060928344727,5.4955620765686035,0.5328043556213379
-4.915835857391357,4.240510940551758,-0.05497830390930175
4.122411251068115,4.813798427581787,1.1342754364013672
-2.3734939098358154,2.647247076034546,-0.15885454177856445
1.58235502243042,7.991682052612305,0.6314234495162964
6.70336389541626,3.2450528144836426,-0.10604299902915953
2.0780704021453857,6.906967639923096,0.5744040441513061
3.7374048233032227,5.61228609085083,0.2614761972427368
4.871740341186523,7.163932800292969,0.6508114242553711
0.050677452236413956,9.4403076171875,-0.11318566441535949
-0.7121552228927612,8.747639656066895,-0.1382484883069992
0.8222439885139465,8.604166030883789,-0.12898915171623232
-0.4368138909339905,6.565641403198242,-0.22341062545776366
0.37346991896629333,4.268797397613525,-0.3964629364013672
7.576208591461182,2.6400341987609863,0.9444246196746826
-1.2233392000198364,6.417060375213623,0.03314516305923462
-1.1232929229736328,9.01581859588623,-0.35084426879882813
1.4404387474060059,4.793564319610596,0.7879877042770386
-0.8103165030479431,8.142982482910156,-0.3539555358886719
-0.12472238391637802,2.7097716331481934,0.17050643324851988
2.694045305252075,6.446690082550049,0.2215453672409058
1.2463496923446655,6.239212989807129,1.2283349418640137
0.4259171783924103,6.0547919273376465,-0.18036208152770994
-1.4437603950500488,4.03600549697876,-0.06298639297485353
3.489537239074707,6.873162746429443,0.2728990030288696
1.8400136232376099,7.897619724273682,-0.33754581451416016
0.36947953701019287,5.236848831176758,-0.30508783340454104
4.636657238006592,6.452117443084717,0.5438604593276978
-1.1950725317001343,8.007990837097168,-0.4105966567993164
0.2859688401222229,8.308284759521484,-0.40832664489746096
3.503769874572754,7.0548415184021,0.594755859375
4.042067050933838,6.178990840911865,0.7042106914520263
0.45695698261260986,3.5864264965057373,0.053795670270919804
2.038839101791382,8.236648559570312,0.5742142629623412
0.054783500730991364,9.634642601013184,-0.08148698687553407
0.1664784997701645,6.628982067108154,0.6444657135009766
2.6992337703704834,8.293218612670898,0.5907095861434937
-0.5959012508392334,9.478363037109375,-0.5049625396728515
0.1044037938117981,6.864828109741211,0.48040361404418946
0.23999056220054626,4.739184856414795,0.13375742077827454
2.965667724609375,4.594703674316406,0.10766304969787599
-1.067535161972046,9.925888061523438,-0.3710887908935547
-0.23749035596847534,8.852343559265137,0.05217203497886658
-1.804869532585144,9.020241737365723,-0.42712188720703126
4.623534679412842,5.749267101287842,0.9717546463012695
4.373347282409668,6.611650466918945,0.7047679805755616
-0.1314205825328827,5.982705593109131,0.22648346424102783
3.7196712493896484,5.120142459869385,0.4554947805404663
2.3417537212371826,6.336080551147461,0.12258419275283816
-0.0675365999341011,8.288641929626465,-0.0074753594398498935
0.024576442316174507,9.794695854187012,-0.3620516967773437
-2.809199094772339,8.076216697692871,-0.4771539306640625
-0.45920345187187195,9.565805435180664,-0.12192687511444089
3.2373123168945312,7.21726655960083,0.6044616651535034
-5.567928314208984,3.79355788230896,-0.42453971862792966
1.3357282876968384,8.387971878051758,-0.17737635731697082
-1.5905905961990356,4.350833892822266,-0.3204575729370117
4.124581336975098,6.780750751495361,0.5199155712127685
-0.9871821403503418,3.6457412242889404,-0.1544589626789093
-1.5416778326034546,7.093694686889648,-0.07546907782554624
0.5528529286384583,4.807186603546143,-0.06337979495525359
1.4350229501724243,3.939002275466919,-0.3288985061645508
2.553220510482788,7.6582746505737305,0.08730220317840576
1.038986325263977,7.22477912902832,0.6551557731628418
-0.1433241069316864,9.525131225585938,-0.007046906948089626
-0.68425053358078,2.4474740028381348,-0.16815879821777344
-2.9708621501922607,7.880173206329346,-0.26912970244884493
1.6791871786117554,3.126603841781616,0.6283119368553162
3.1387135982513428,3.3330495357513428,-0.38348478436470035
-2.8620316982269287,6.745532035827637,0.17131064534187318
0.700199544429779,8.222448348999023,-0.007798122167587296
3.8834145069122314,6.51118803024292,0.8819224262237548
1.025938630104065,7.4709320068359375,-0.1957524228096008
3.280583143234253,6.8833909034729,0.7513262939453125
4.637378215789795,6.586931228637695,0.7333545970916748
1.970716953277588,6.840399742126465,0.049193903207778944
-0.8807074427604675,7.770636081695557,0.6576519203186035
3.64471435546875,5.903949737548828,0.4825826954841614
3.5035932064056396,0.8959236741065979,-0.23939013481140137
-2.7344489097595215,2.9421613216400146,-0.09025035858154297
4.127169609069824,6.953399181365967,0.7400526809692383
1.2593125104904175,9.249492645263672,0.3498332905769348
2.3802037239074707,8.865199089050293,0.9820077991485596
2.717062473297119,4.908177375793457,0.2986388540267944
-1.4004628658294678,9.316255569458008,-0.15195763051509859
2.2448668479919434,8.014509201049805,0.8804913759231567
2.586740016937256,7.638805866241455,-0.13352659821510315
1.5682543516159058,6.0436859130859375,-0.2998777961730957
3.029632091522217,8.453874588012695,-0.21557184219360354
1.1119153499603271,6.435873508453369,-0.009876953363418595
4.341913223266602,6.748651504516602,0.7992346143722534
2.8909528255462646,3.122655153274536,0.43840890407562255
-0.43869706988334656,7.073672771453857,-0.2621928215026855
9.14374828338623,6.1942243576049805,0.6969493675231934
1.3755459785461426,3.511121988296509,0.09990938067436217
-0.9142842292785645,7.9584479331970215,-0.39723812103271483
1.5841115713119507,7.422610759735107,0.956606206893921
1.8741992712020874,3.0417420864105225,0.04145845532417297
2.5878522396087646,6.838219165802002,0.5211121559143066
4.3978986740112305,6.035646915435791,1.130263090133667
2.54107403755188,8.107414245605469,0.7117992639541626
3.9652578830718994,7.100758075714111,0.4557503366470337
0.9750512838363647,8.274837493896484,-0.09642910957336426
2.9181816577911377,6.399582862854004,-0.22772615671157836
9.351602554321289,3.9952261447906494,0.06965382099151607
-0.555571436882019,7.236846446990967,-0.23054782867431642
1.639636516571045,8.867738723754883,-0.3641368865966797
0.39419177174568176,6.398470401763916,0.7265434074401855
3.347649335861206,4.0520782470703125,0.8764803743362426
4.228728771209717,6.260573863983154,0.4174972438812256
-1.0172903537750244,3.435641050338745,0.15615914940834044
1.7562686204910278,6.513113975524902,0.31607311487197876
4.408443450927734,6.057104110717773,0.842571120262146
4.003117084503174,7.026230335235596,0.9732499933242797
1.2774776220321655,8.631932258605957,-0.015669511556625382
0.06439297646284103,7.244604587554932,0.09150662183761599
4.139576435089111,6.306804180145264,0.7101706838607789
1.8177937269210815,7.187435150146484,-0.12490840077400206
-0.4820493459701538,7.397955417633057,-0.3221641159057617
1.3668897151947021,8.18426513671875,0.45385013341903685
-2.0701065063476562,5.702175140380859,-0.3977126693725586
3.8267428874969482,5.70373010635376,1.0456052350997924
1.0961214303970337,8.433115005493164,0.3419788336753845
3.5131092071533203,3.1988844871520996,0.7946717357635498
0.09031974524259567,4.909926891326904,-0.11162053108215332
-0.3026721477508545,2.0058391094207764,-0.2667515563964844
1.3120094537734985,6.169989585876465,1.1595327186584472
-3.2876040935516357,5.192843437194824,-0.16619800567626952
-1.128476858139038,2.684476375579834,-0.282565803527832
0.9753618836402893,8.197471618652344,-0.292893123626709
-3.2536027431488037,4.040035247802734,0.21141191720962527
3.2172791957855225,8.201171875,0.4161406183242798
0.9791645407676697,4.401099681854248,-0.24032032012939453
1.9751026630401611,7.192257404327393,0.024788067340850817
0.47880202531814575,5.202204704284668,-0.07903480947017671
2.490419626235962,7.308485507965088,1.0105437135696411
1.4623159170150757,5.620105266571045,0.1502850580215454
2.3802473545074463,6.297884941101074,0.118755145072937
-0.36212432384490967,6.035006999969482,-0.3350079345703125
2.2104413509368896,7.897047519683838,0.8542645740509034
1.6126530170440674,9.322562217712402,-0.2116430550813675
-2.1995997428894043,9.549765586853027,0.30800748825073243
3.7569313049316406,6.907564640045166,0.8693917131423949
4.986311435699463,7.062389850616455,-0.14033935546874998
0.1706383228302002,7.618806838989258,-0.29726247787475585
2.3404910564422607,6.490237712860107,0.2882430911064148
4.1803507804870605,6.03436803817749,1.7209007263183593
-0.051757555454969406,5.308934688568115,-0.3237389373779297
-0.8420215845108032,6.765772819519043,-0.36386211395263673
1.741652011871338,3.5362002849578857,-0.17681409835815431
0.5721026062965393,8.671464920043945,-0.3607625961303711
2.301807403564453,6.171482563018799,0.7041377782821655
3.7536301612854004,6.6278767585754395,0.9287847471237183
-0.044876839965581894,6.5194525718688965,-0.19727529406547545
2.180288791656494,6.403008937835693,0.1088140618801117
4.160154342651367,5.674142837524414,0.7296387815475464
-1.4271117448806763,9.92619800567627,-0.16404788970947265
-0.7142645120620728,8.592120170593262,0.16817526340484618
-1.3327800035476685,8.116308212280273,0.14537724018096926
9.269157409667969,3.063581705093384,0.5904767990112305
0.9276178479194641,8.994128227233887,-0.09782079875469207
1.7459831237792969,7.440067291259766,0.04412733554840087
2.672144651412964,6.3441362380981445,0.3248894786834717
-1.8353416919708252,8.364445686340332,-0.3382046890258789
0.7268994450569153,7.354231357574463,-0.30044734954833985
5.974244594573975,3.6293222904205322,0.8312306952476501
1.1802772283554077,1.768622636795044,0.45839895725250246
5.972591876983643,2.79805850982666,0.4066074705123901
2.4125213623046875,6.556724548339844,0.7432891464233398
3.656588554382324,6.115481853485107,0.5246824336051941
-1.0129765272140503,8.624541282653809,-0.26689489364624025
-2.1470744609832764,5.147122383117676,-0.21044116973876953
5.005362510681152,3.429321050643921,-0.2999696087837219
-0.812707781791687,5.5788140296936035,-0.297451343536377
2.4290194511413574,8.932368278503418,0.051970000267028804
-1.7152073383331299,8.519747734069824,-0.37052925109863283
-1.5385655164718628,6.811985492706299,-0.057609178423881524
-0.08494371920824051,8.155821800231934,-0.33807586669921874
-1.9097833633422852,7.901514530181885,0.1189503335952759
4.382767200469971,6.71974515914917,0.7671961307525634
0.12648513913154602,4.375716209411621,-0.0005468976497650102
4.639184474945068,6.300669193267822,0.5921975207328796
2.850247383117676,2.6658055782318115,0.22608936786651612
4.127790451049805,6.696524620056152,0.6316247463226319
2.878397226333618,7.823334217071533,0.18113803386688232
-1.2173843383789062,9.734627723693848,-0.4440119552612305
1.0781551599502563,7.111040115356445,0.11533067703247069
1.1539950370788574,5.021176815032959,0.03414057016372679
1.029349684715271,0.8757839202880859,-0.38445350646972654
3.2358486652374268,4.5553154945373535,0.6622271251678467
-1.8093053102493286,0.1416253298521042,0.5117100763320923
1.9764550924301147,8.164752006530762,-0.32940361022949216
2.597485303878784,8.753836631774902,0.6962409019470215
2.470888614654541,7.035336971282959,-0.22230804145336153
-0.6927748918533325,4.881470680236816,-0.32046215057373045
3.6724231243133545,6.037552356719971,0.8552401924133302
1.7416924238204956,2.929896354675293,-0.20337265014648437
0.9325944781303406,9.808682441711426,0.3106498575210571
1.268964409828186,3.8817968368530273,0.08596868038177491
2.9714112281799316,5.8334527015686035,0.6177847385406494
4.446861743927002,5.998887062072754,0.7468960714340209
1.9198663234710693,8.927000999450684,0.17247866868972783
-1.4442625045776367,3.7467288970947266,0.42232351303100585
2.5048913955688477,7.503902435302734,-0.14542963206768034
2.7668561935424805,8.746688842773438,0.46379493951797485
2.9870076179504395,7.010678768157959,0.5936247825622558
-2.8088691234588623,7.469854354858398,-0.05367306292057039
3.9008724689483643,6.212009906768799,0.8123730945587158
3.7679033279418945,2.14111328125,-0.11220239818096162
2.155290365219116,7.970383167266846,0.30163504838943483
0.9997624158859253,7.384609222412109,-0.0767983531951904
0.6259515285491943,7.691988468170166,0.4039762592315674
2.0821683406829834,8.45780086517334,0.1558484959602356
-3.1420350074768066,3.7107813358306885,0.4314658427238464
7.987122535705566,5.719783782958984,0.9310125732421874
3.236727476119995,7.812392234802246,0.9592952823638916
0.309932678937912,6.154320240020752,-0.08979846000671388
-0.8859300017356873,8.044999122619629,-0.1470439398288727
2.8036606311798096,5.5476908683776855,0.7098745965957642
0.6049010157585144,7.092227935791016,-0.41361007690429685
3.753072500228882,7.194561958312988,1.0581830310821534
-1.3373340368270874,2.413572311401367,-0.24033443450927736
0.595640242099762,8.659798622131348,-0.276739330291748
1.9169070720672607,3.7908260822296143,-0.023858464956283576
7.738526821136475,5.2744879722595215,0.2545190000534058
-1.3624869585037231,8.551300048828125,-0.1669658660888672
-1.0242366790771484,8.704150199890137,-0.39458805084228515
2.988779067993164,5.94724178314209,0.4244763469696045
-0.9543278217315674,3.9472780227661133,-0.18510763168334962
3.222212553024292,3.2322566509246826,-0.2807833868265152
1.6265935897827148,6.678179740905762,-0.18982173800468444
-0.7082151770591736,4.655109405517578,-0.0871500587463379
-1.339465856552124,8.577134132385254,0.05872568368911746
1.065332055091858,4.732569217681885,0.28038730144500734
1.8209524154663086,5.8240203857421875,-0.29961374282836917
5.2987565994262695,4.793493270874023,0.8786263513565064
0.2684464156627655,6.577728271484375,-0.06455120384693147
-3.2212092876434326,4.000427722930908,0.02239368200302122
3.0610523223876953,8.081978797912598,0.08161770820617675
-1.3831110000610352,1.8105499744415283,0.25797908067703246
-0.6881840825080872,4.908572196960449,0.34658079147338866
0.07828626036643982,7.644601345062256,0.5503710031509399
3.2658543586730957,2.8316681385040283,-0.12448924303054809
3.2392828464508057,5.537537097930908,0.3827566289901733
3.71096134185791,5.64084529876709,0.49683335304260257
2.469578266143799,8.715249061584473,0.3670148539543152
-0.12551575899124146,1.7996132373809814,-0.30162342071533205
2.530179738998413,6.534272193908691,-0.4344297409057617
2.6012957096099854,4.083549976348877,0.3537028002738953
-2.988652467727661,2.749666452407837,-0.24189149856567382
4.043201923370361,6.537002086639404,0.7989992046356201
-2.631052255630493,8.875482559204102,-0.2759523582458496
-0.8922617435455322,4.099949836730957,0.010417898893356314
-4.143293857574463,2.088926076889038,-0.23219964981079103
-0.5400411486625671,7.680662155151367,-0.3331093597412109
2.6379506587982178,7.874451160430908,-0.061851214170455915
2.2137789726257324,0.16571831703186035,0.03586335897445678
1.306356430053711,9.257447242736816,-0.10535043358802798
4.052611827850342,2.116966962814331,0.09927397608757021
-4.526209354400635,4.36699914932251,-0.39752132415771485
0.3422759473323822,9.263212203979492,-0.09372186064720156
0.0783269852399826,8.360925674438477,-0.27185672760009766
-3.5659055709838867,8.472875595092773,-0.05585282087326049
-3.004220962524414,9.521017074584961,-0.3959619140625
1.4665358066558838,3.599458694458008,-0.04873151898384093
3.0091617107391357,3.7039148807525635,0.34724003553390503
2.6350185871124268,7.250293254852295,0.3345905160903931
0.7659221291542053,6.038993835449219,0.009833558201789855
1.160542368888855,8.793976783752441,0.4446633100509644
-0.7889679074287415,5.417438507080078,-0.4392421722412109
7.119636535644531,4.310070514678955,0.5769664144515991
4.2943267822265625,6.888442516326904,0.7411783504486085
0.03480299189686775,4.623971939086914,-0.21902435302734374
1.0550819635391235,9.896281242370605,-0.04921726703643797
4.050926685333252,7.376403331756592,0.48209757804870607
0.3370053768157959,6.186850070953369,-0.358939094543457
4.4713850021362305,4.386500358581543,0.36839027881622316
3.5034468173980713,7.112555503845215,0.33122154951095584
2.084575891494751,7.555625915527344,-0.09653457343578337
7.331517696380615,1.3921098709106445,-0.4438297533988953
3.4847023487091064,5.881580829620361,0.49983659744262693
0.2930050492286682,9.721047401428223,0.009893342256546034
-0.44702640175819397,8.030135154724121,-0.03750124931335447
4.306571960449219,5.602919101715088,0.20484838008880613
-1.0237078666687012,9.502787590026855,-0.1109788990020752
0.9506238102912903,6.614121437072754,-0.2726559615135193
-5.0893449783325195,4.977022171020508,-0.35732570648193357
9.824782371520996,4.406153202056885,0.2628205454349518
3.958056926727295,7.113709449768066,1.2314348602294922
-0.01809290423989296,4.037866592407227,0.10120313644409179
2.674659252166748,3.4398083686828613,0.8012499713897705
1.5123690366744995,7.616508960723877,0.4952877402305603
3.4618818759918213,7.600048065185547,0.660340838432312
1.4391965866088867,5.212763786315918,-0.33257705688476563
-4.141429901123047,7.6110053062438965,0.3911916208267212
0.22935031354427338,2.1592824459075928,-0.21393606185913086
2.397836208343506,7.144685745239258,0.004416646957397408
-2.817455530166626,3.6996548175811768,0.25777581691741946
1.754226803779602,6.70947265625,-0.2807629585266113
0.3884766101837158,1.117990493774414,-0.1734449577331543
-0.31836220622062683,9.102420806884766,-0.26916358947753904
-3.1401758193969727,8.722328186035156,-0.35840587615966796
2.481009006500244,8.213204383850098,-0.09806320548057557
4.3509840965271,5.094394683837891,1.1806355810165405
2.2236709594726562,8.437569618225098,0.40291579246521
-0.012894838117063046,6.00499963760376,-0.13588994204998017
1.1048552989959717,8.696389198303223,0.2295042335987091
2.0740303993225098,2.2522757053375244,-0.2678805923461914
-3.582080602645874,2.7794928550720215,0.1700860583782196
2.3859689235687256,8.295257568359375,0.014342497587203962
-0.11105078458786011,5.636414527893066,-0.23759576797485352
-0.2485882192850113,3.0568196773529053,-0.20976497650146483
3.974219560623169,6.888862609863281,1.1858767318725585
-0.3854844272136688,7.87812614440918,-0.3002161026000977
-0.16151975095272064,7.958729267120361,-0.01753851175308227
-0.8174303770065308,7.00283145904541,-0.38407066345214846
0.6850812435150146,8.55474853515625,-0.07228128790855409
0.8624452352523804,8.658164978027344,0.24722171545028687
1.5082846879959106,7.398111343383789,-0.2918867111206055
-0.7176933884620667,5.823397636413574,-0.31130149841308596
-3.5243523120880127,3.8651585578918457,-0.30797462463378905
-0.21410208940505981,3.080500841140747,-0.3467451858520508
5.925111293792725,3.200404644012451,0.15537776947021487
2.9742045402526855,6.925264358520508,-0.2438446807861328
2.6907315254211426,6.186331272125244,0.220123770236969
-0.792768120765686,5.1380438804626465,-0.09018765687942504
-4.997689723968506,4.570326805114746,-0.479490966796875
3.8223416805267334,5.349013328552246,0.8263845109939576
1.6074728965759277,3.8603267669677734,-0.1872823351621628
2.8494062423706055,4.495888710021973,-0.024668641090393073
2.288759231567383,6.766037940979004,-0.12711384892463684
3.81010365486145,6.441717624664307,0.2224086570739746
-0.7819279432296753,2.959714651107788,-0.12151155471801758
2.378124475479126,7.969552516937256,-0.09957527041435243
4.641574382781982,6.6048760414123535,1.1813273954391479
2.4276137351989746,5.894379138946533,0.33479187488555906
1.5335177183151245,9.235588073730469,0.4370589351654053
-3.1107699871063232,5.46550178527832,-0.18989460468292235
1.4585827589035034,7.37404203414917,-0.3271143341064453
-3.8442184925079346,7.6412177085876465,-0.37391372680664064
4.691391944885254,6.408731460571289,0.9754232501983643
-0.5933825373649597,9.979484558105469,-0.17238341689109804
0.2549920380115509,8.53725528717041,-0.2189997100830078
1.6081414222717285,-1.264970302581787,0.25536375999450683
1.074893593788147,3.4169816970825195,0.6005956745147705
7.148160457611084,3.3838412761688232,-0.012927677631378198
8.088743209838867,5.565410614013672,0.7561915016174316
4.140594482421875,5.529040336608887,0.7671278762817383
0.0924532562494278,6.906188488006592,-0.3405837249755859
0.04065313562750816,3.577488660812378,-0.19001684188842774
0.043531935662031174,6.922740459442139,-0.015430866479873656
2.4557578563690186,3.4597373008728027,-0.10308940708637238
1.21194326877594,7.352109432220459,0.49639448165893557
2.1999411582946777,7.342803001403809,0.7670853757858276
0.29733380675315857,4.046631813049316,-0.2993295097351074
2.7281198501586914,6.155515670776367,0.8733908081054688
0.2923046350479126,1.9812480211257935,-0.2947321128845215
-3.1217706203460693,4.2894206047058105,-0.15548238039016726
-2.5937399864196777,3.5703659057617188,0.36304186344146727
1.5495226383209229,9.369189262390137,0.5154401063919067
7.987968921661377,4.362039089202881,-0.23969164490699768
0.3792520761489868,5.585581302642822,-0.38675743103027344
4.089206218719482,5.8214216232299805,1.2291465854644774
2.33046555519104,7.168001651763916,0.0180649721622467
2.554206609725952,8.201062202453613,0.3167216753959656
1.3577035665512085,7.741812705993652,0.20181210041046144
-2.670945167541504,7.301604270935059,-0.2737330055236816
-2.7406558990478516,8.990341186523438,-0.1167149567604065
2.4835073947906494,7.159473419189453,0.7203833937644959
0.14668342471122742,8.663127899169922,-0.08389011025428772
0.8061346411705017,4.210829257965088,0.8328294086456298
4.3873701095581055,6.156466960906982,0.357550311088562
0.8878498077392578,7.6549973487854,-0.06028817236423495
3.9144232273101807,4.07501745223999,0.22490208148956298
2.685171604156494,8.443314552307129,-0.19580049335956573
2.227450370788574,6.245823860168457,0.4072666835784912
2.8813512325286865,7.930671215057373,0.13388909816741945
7.757938861846924,2.689549684524536,0.059997191429138175
0.7235159873962402,7.982486724853516,0.09169741630554201
0.07543829828500748,8.610162734985352,-0.13073191642761228
2.6834137439727783,8.384404182434082,0.45651421546936033
1.2099297046661377,4.9380340576171875,-0.3185717010498047
-0.17974452674388885,6.927121162414551,0.18392807722091675
4.038372993469238,5.865563869476318,0.8803806686401368
3.1740641593933105,8.312286376953125,0.5901827335357666
0.19325517117977142,7.800105571746826,-0.25829166412353516
-2.2267417907714844,4.341783046722412,0.3132010841369629
5.117880821228027,6.064085483551025,1.1184382438659668
2.8795089721679688,4.164226055145264,0.335508930683136
0.6770566701889038,8.386998176574707,-0.5947864151000977
-0.7219289541244507,5.121330261230469,-0.2628090864419937
1.4900747537612915,4.146711349487305,0.7267936325073242
1.390430212020874,7.491690158843994,-0.26383012771606446
2.8255012035369873,5.962584495544434,-0.31291506946086883
-2.703415632247925,9.40420150756836,-0.15418862104415892
0.9838913679122925,5.75789213180542,-0.2917868423461914
9.147013664245605,4.176821708679199,0.2553319692611694
1.0646376609802246,8.426544189453125,-0.24097431182861329
0.09749381244182587,6.400811195373535,-0.38030086517333983
-0.28817179799079895,9.823707580566406,0.3732710695266724
-0.7571994662284851,6.819321632385254,-0.2825285530090332
-1.9930593967437744,5.996546268463135,-0.15039746642112733
0.22966232895851135,8.420377731323242,-0.24147457122802735
0.36550384759902954,8.085906028747559,0.33845808982849124
3.4188308715820312,3.941632032394409,-0.26053174793720246
2.760510206222534,7.7159504890441895,0.821376371383667
-1.0416160821914673,5.353017330169678,-0.26302515029907225
3.086271286010742,5.888950824737549,0.5824009251594544
-0.5605196356773376,8.925762176513672,-0.2099318301677704
-0.8972873091697693,7.324533462524414,-0.36590980529785155
-0.9512233138084412,6.676737308502197,-0.2047166633605957
1.4694924354553223,5.503201007843018,-0.3069318389892578
-1.6101490259170532,3.684415578842163,-0.15175631523132324
2.0457043647766113,3.466503858566284,0.045408987998962425
0.5008993744850159,6.46206521987915,-0.42141246795654297
-0.40171802043914795,9.288139343261719,-0.2519467544555664
-0.39837777614593506,1.4378712177276611,-0.17999811172485353
-0.07026141881942749,6.927867889404297,0.03757537722587584
2.51668643951416,5.2555108070373535,0.5821596479415894
2.5833005905151367,7.974494457244873,-0.0024645769596099987
0.9157999157905579,5.256906509399414,0.0645600914955139
1.0192893743515015,7.86603307723999,0.12333477377891539
1.2372798919677734,6.281808376312256,0.1602197217941284
2.246760606765747,6.443587303161621,-0.09678843498229983
4.610350131988525,6.015065670013428,0.6964450001716613
0.7159293293952942,7.878977298736572,-0.03588291764259338
0.737125039100647,8.5840425491333,-0.14978233695030213
1.9751635789871216,4.96821403503418,0.9187467527389527
3.588639259338379,6.10247802734375,0.38532095432281493
2.9614691734313965,8.70217227935791,-0.025201611518859857
1.4716203212738037,0.9857858419418335,-0.29304649353027346
-0.07925959676504135,7.800753593444824,-0.09124664187431336
3.038080930709839,6.553617477416992,1.1345593166351318
-0.1930558979511261,6.353043079376221,-0.271109619140625
3.7492520809173584,5.096619129180908,1.0793793106079101
4.783048629760742,5.074962615966797,0.9107705307006836
1.2878741025924683,6.414262771606445,0.4735265874862671
3.0430586338043213,5.171936511993408,0.6692054271697998
1.780181646347046,7.540592193603516,0.16876929998397827
9.298317909240723,4.094132423400879,0.33493574619293215
2.9318017959594727,4.899550914764404,0.2818229579925537
2.762866973876953,-0.10141538828611374,-0.18528947591781614
-3.7322099208831787,6.5874810218811035,0.03616700172424314
-2.305392026901245,2.1545629501342773,-0.14478097915649413
-2.091928720474243,4.304051876068115,-0.1009312283992767
1.8766356706619263,-0.3285881578922272,0.8157676362991333
-0.12094337493181229,3.0228686332702637,0.41308394908905033
1.2387654781341553,9.18726921081543,0.4071858286857605
7.0539960861206055,3.898984432220459,-0.33370357513427734
3.5057413578033447,2.6705996990203857,-0.17096711516380309
2.803774356842041,6.98660945892334,0.21020652770996096
3.765530586242676,7.3877272605896,0.5792999339103699
0.9910877346992493,3.016340732574463,-0.1403904902935028
1.462805151939392,3.9764819145202637,0.2787793684005737
0.03764721378684044,4.224127769470215,0.17652883410453796
4.169016361236572,4.07260274887085,0.6150870704650879
-2.294461727142334,2.277452230453491,-0.1696428680419922
2.0014307498931885,3.0045862197875977,-0.15946182191371916
3.3653507232666016,4.221033573150635,-0.2881657826900482
-1.742218255996704,1.4108806848526,-0.18547918319702147
4.8248419761657715,5.372475624084473,1.2809787321090698
6.593074321746826,3.468151330947876,0.0031803643703460782
7.935287952423096,5.089534282684326,-0.29518015146255494
3.796698808670044,6.554756164550781,0.009859166145324727
8.67761516571045,5.45514440536499,-0.5144654512405396
3.0881433486938477,6.465839862823486,0.5211290621757507
3.004441976547241,4.251951217651367,-0.12416162967681887
4.193871021270752,4.59376335144043,0.21524319171905515
2.829636812210083,7.066776275634766,0.029523944854736306
2.763371467590332,8.899247169494629,0.40473092555999757
3.49676513671875,5.791749954223633,0.06915542006492614
0.8471063375473022,2.09419846534729,0.2809017205238342
6.396294593811035,3.6173341274261475,-0.16008466720581055
3.7680399417877197,5.538488864898682,0.9468689489364623
3.3077681064605713,6.497856616973877,1.3140069913864136
7.932987689971924,4.316317081451416,-0.1585916519165039
4.808310031890869,6.348262786865234,1.3907908916473388
1.8225005865097046,2.2144439220428467,-0.09847445368766783
3.9264729022979736,2.3275959491729736,-0.06600141286849975
4.1244354248046875,5.103278636932373,2.1705001735687257
1.3913931846618652,7.257626533508301,-0.19948864579200742
5.158206939697266,7.126194953918457,0.10821583271026614
8.422593116760254,4.154300689697266,-0.2679436421394348
-0.6994386315345764,5.763596057891846,0.1335646140575409
0.6193498373031616,6.762545108795166,0.14048477172851562
7.248141765594482,5.202949523925781,-0.4159179228544235
3.3973171710968018,4.126230716705322,0.7431697750091553
2.2526183128356934,7.677619934082031,-0.1741657555103302
2.893512487411499,3.4689104557037354,0.31330815076828
-3.3524081707000732,2.4017562866210938,-0.4018801498413086
2.1566598415374756,3.470895528793335,-0.4153369140625
-1.964016318321228,10.071076393127441,0.37786288022994996
2.651339530944824,6.8832011222839355,-0.14575970828533175
0.42580872774124146,8.955533981323242,-0.42586780548095704
6.360058307647705,3.5570015907287598,-0.248560848236084
2.530405044555664,2.746835231781006,-0.30283872604370116
0.7501165270805359,0.505555272102356,0.022652544975280742
3.077533721923828,3.46293044090271,0.3338620233535767
3.9238929748535156,2.8641858100891113,-0.1763793069124222
0.9861310124397278,4.8805341720581055,-0.24276834130287173
2.1253371238708496,3.7548298835754395,0.26605483770370486
5.282149314880371,6.37211275100708,1.1402613258361816
2.307523727416992,3.431196451187134,0.14153200149536133
5.364937782287598,4.405200004577637,0.16348387479782103
3.1549999713897705,5.653502941131592,-0.1049382174015045
-3.420971393585205,9.139396667480469,-0.22606239914894105
-0.07554727047681808,9.141336441040039,0.3046702313423157
4.173266887664795,5.731799602508545,0.16892224788665766
-0.2380761057138443,-0.03994819149374962,-0.1817646598815918
1.1322530508041382,2.843893527984619,0.07557812213897705
4.286716461181641,5.2963128089904785,0.508734941482544
9.615042686462402,4.844638824462891,-0.2914353728294372
7.996043682098389,5.665323257446289,-0.07691983699798588
5.08504056930542,6.639725685119629,1.1283086776733398
4.768264293670654,3.047712802886963,-0.4151385498046875
2.2396903038024902,6.828198432922363,-0.25633236646652224
-1.0083343982696533,6.697734832763672,-0.34103729248046877
-2.4039080142974854,3.7408370971679688,-0.19538503646850586
4.660301685333252,5.871991157531738,0.9423461437225342
0.08911674469709396,6.591495037078857,-0.4291206359863281
2.472306489944458,7.912509441375732,0.13739647388458254
3.2684247493743896,5.6464104652404785,0.3283886957168579
0.07945017516613007,9.610876083374023,-0.0903114879131317
4.862894058227539,5.3893842697143555,1.3604139328002929
-2.112222194671631,2.597527265548706,0.046391029357910174
1.7481001615524292,3.1798019409179688,-0.4046154403686523
3.6999125480651855,0.5787144899368286,-0.3814936447143555
1.5300451517105103,5.93030309677124,-0.04816073179244995
4.133380889892578,5.077216625213623,1.541895351409912
-0.6462026238441467,7.919801712036133,-0.1536538505554199
0.10169510543346405,3.6505043506622314,0.029877767562866198
2.3609821796417236,2.384300947189331,-0.010832481384277337
-0.5826040506362915,7.810051441192627,0.13971579790115357
2.493070602416992,4.695047855377197,-0.22290980696678164
5.424703598022461,5.782736301422119,0.9825053548812865
-0.6850389242172241,3.1582977771759033,0.5101509165763856
-1.6835213899612427,6.790984630584717,0.2593993926048279
-1.4338018894195557,0.003162030829116702,0.23573946475982666
0.12675140798091888,7.083032608032227,0.30948550581932066
0.4313272535800934,8.253622055053711,0.05738178491592405
1.4162527322769165,2.2335364818573,-0.14265042304992676
1.1595677137374878,2.6878163814544678,0.2597640538215637
-1.4531245231628418,5.764676570892334,-0.15376385450363161
-3.960031032562256,8.515748977661133,-0.37698777437210085
3.4763317108154297,6.949875831604004,0.3578521823883057
4.7801642417907715,5.731688022613525,0.9358000707626343
-0.8877087235450745,5.612534999847412,-0.4988753509521484
7.974111557006836,5.227583408355713,-0.33297245025634764
3.954888105392456,4.677399158477783,0.19403027534484862
4.928664207458496,3.7163045406341553,-0.021537910699844343
-2.4378108978271484,3.7862391471862793,-0.22453848183155062
0.4473205506801605,7.427586555480957,-0.30320104598999026
2.690904378890991,3.0209689140319824,-0.4030699157714844
2.5313894748687744,7.033010005950928,0.01448934197425844
-0.3708089590072632,8.366045951843262,-0.24823678970336915
3.7847371101379395,2.2276604175567627,-0.07957579076290133
-0.05896064639091492,5.327626705169678,0.388489248752594
3.3387718200683594,4.441537857055664,0.3533385896682739
-1.2336796522140503,5.826425075531006,-0.1983211898803711
0.832030177116394,8.523394584655762,0.1784701943397522
4.16063928604126,7.218762397766113,1.3679177379608154
4.252342700958252,4.69833517074585,1.3103343057632446
2.6625685691833496,3.564451217651367,-0.24379178404808044
-1.1899904012680054,5.266073703765869,-0.31639942169189456
0.9278956055641174,5.881820201873779,0.5482187557220459
7.142826080322266,2.579467296600342,0.9824443292617798
1.0727256536483765,6.007759094238281,-0.3621207809448242
2.672790765762329,7.285034656524658,0.141875137090683
0.38759845495224,2.450503349304199,0.2690707039833069
-0.8156854510307312,5.96425724029541,-0.37833126068115236
-1.1830580234527588,4.628814220428467,-0.22665985107421874
1.1046035289764404,4.016000747680664,-0.4494044876098633
-1.1148492097854614,7.16182279586792,-0.09826229095458984
1.9765608310699463,4.265286445617676,-0.30228084564208985
-1.8955823183059692,8.957605361938477,-0.27862766265869143
-0.7527283430099487,4.960754871368408,-0.44699310302734374
1.4350438117980957,5.8068647384643555,-0.30846385955810546
-3.390160322189331,7.13942813873291,-0.37074424743652346
5.47907829284668,4.214788436889648,0.7258457469940186
9.880404472351074,3.8596880435943604,0.02777326822280879
2.7149875164031982,4.137468338012695,-0.2002704226970673
-2.6678755283355713,7.23202657699585,0.085050733089447
3.7066376209259033,0.9491497874259949,-0.09278948783874512
3.263810634613037,6.313272953033447,0.829779577255249
-0.17894324660301208,2.9611074924468994,0.06688888430595397
-3.1763110160827637,2.577108383178711,-0.22439617156982422
0.366161584854126,3.0454888343811035,-0.26705570220947267
-0.5949205160140991,4.244948387145996,-0.2948843765258789
2.636874198913574,-1.8785905838012695,-0.40153964996337893
3.223578929901123,2.984238862991333,-0.3666852951049805
3.598980188369751,6.1573166847229,0.36209903001785276
-0.4122507870197296,3.4785470962524414,-0.49253231048583984
-0.24004533886909485,7.6145124435424805,-0.2084322255849838
2.1816234588623047,8.045425415039062,-0.018478749990463283
8.02014446258545,2.826296091079712,-0.24471885085105893
9.226088523864746,6.190061092376709,-0.47121754527091975
0.17809109389781952,1.3739157915115356,-0.11525249242782593
1.4764647483825684,4.289666175842285,-0.15098745346069337
2.0861358642578125,3.5019726753234863,-0.24589122772216798
1.222520112991333,8.568984985351562,-0.31161281585693357
6.590940475463867,4.928369045257568,0.5382594585418701
1.916437029838562,6.344513893127441,-0.1313477790355682
5.054250717163086,5.857147216796875,1.056718626022339
-0.9588142037391663,2.4252896308898926,-0.2975430488586426
1.0049893856048584,2.924647569656372,0.010070403814315787
3.876272201538086,2.3309669494628906,-0.28844173431396486
0.35484230518341064,2.3912136554718018,-0.22350698471069336
-1.366102695465088,3.946453809738159,-0.3589331817626953
-6.056231498718262,3.5440263748168945,-0.3770101928710938
0.20050857961177826,2.0335981845855713,-0.22871028900146484
-2.6110785007476807,9.053078651428223,0.039884510040283205
3.615849018096924,4.3252058029174805,0.5407544851303101
4.858673572540283,6.558590888977051,1.1815014171600342
2.430516481399536,6.528661727905273,-0.4234946823120117
-4.533812522888184,7.631938934326172,-0.29952317774295806
-3.6304304599761963,7.494996547698975,-0.23690719246864317
5.795926094055176,5.577879428863525,0.8480229043960571
2.075836181640625,3.7136590480804443,-0.46225776672363283
6.672525405883789,2.8687894344329834,-0.1710790157318115
-2.4581499099731445,6.142073631286621,-0.2485996437072754
-3.9110302925109863,2.447704792022705,-0.13126747131347657
8.88113021850586,4.914980888366699,0.1355710935592651
0.3491462469100952,4.8545427322387695,-0.20522830963134767
-3.7074005603790283,7.526425838470459,-0.21439056396484374
4.267909049987793,5.98001766204834,1.452927598953247
-3.7241225242614746,5.595706939697266,-0.29118865966796875
0.9215755462646484,4.7709784507751465,-0.11204268038272858
2.9022748470306396,4.831600666046143,-0.22178133010864257
2.5318667888641357,5.813652515411377,0.11221237182617189
2.243694543838501,3.414329767227173,-0.3110359764099121
0.020609408617019653,7.2512946128845215,-0.0685280668735504
0.6466285586357117,7.310694217681885,-0.16139551162719726
-1.02628755569458,10.383942604064941,-0.2922031784057617
-1.1410770416259766,6.511565685272217,0.2221966028213501
-0.9585272669792175,6.20505428314209,0.3066467881202698
-4.081796169281006,7.32642936706543,-0.09675900459289549
3.6729719638824463,7.1823954582214355,0.5774744033813477
0.13042905926704407,2.3321993350982666,-0.18081197738647461
-1.6302449703216553,6.511795520782471,-0.234295511841774
4.691333293914795,5.3926005363464355,0.3442098140716553
9.573200225830078,3.7682201862335205,-0.471509054005146
-1.8638912439346313,7.234189987182617,-0.12051435887813566
0.9658065438270569,6.167180061340332,-0.07853989243507387
1.5658339262008667,4.86205530166626,-0.1282886689901352
-2.6560981273651123,5.786382675170898,-0.4243721389770508
-0.6107174754142761,9.218436241149902,-0.28942686080932617
1.2782576084136963,6.746402263641357,-0.1634643858671188
0.034210205078125,8.79212760925293,-0.04090719103813173
1.354265570640564,4.776546001434326,-0.5098178482055664
2.775233745574951,8.368289947509766,0.13003197193145755
-2.8327884674072266,9.148185729980469,0.4016659879684448
2.0010104179382324,1.5998210906982422,-0.14288198471069335
2.738645315170288,6.519069194793701,0.09272756338119509
-0.7511824369430542,2.062326431274414,-0.2156521987915039
-2.2811756134033203,9.802618026733398,-0.3730592727661133
-0.024171434342861176,8.492874145507812,-0.21919797897338866
-0.07519213855266571,8.365900039672852,-0.44099040985107424
0.6303349733352661,5.519809246063232,-0.3013779830932617
4.7196946144104,6.247432231903076,0.18606418609619135
-0.39492031931877136,4.5251030921936035,0.40527116537094116
2.3956496715545654,4.777234077453613,-0.08069641709327696
-1.086363673210144,3.6631548404693604,-0.26347415924072265
-0.9100059270858765,7.292485237121582,-0.4868565368652344
2.7124712467193604,-2.0134072303771973,-0.25623607635498047
1.4134076833724976,5.0585198402404785,-0.2527996706962585
-0.7623969912528992,6.684183120727539,-0.32811100006103516
-1.9423941373825073,6.090739727020264,-0.3661473083496094
-0.5542212724685669,3.643439769744873,-0.2955329513549805
1.715980052947998,3.12526798248291,0.8146057653427123
9.99848461151123,5.609633445739746,-0.48394725799560545
-3.2238101959228516,7.575196743011475,-0.2552431869506836
-3.2033748626708984,2.636643648147583,-0.36875099182128906
1.2468047142028809,3.800854206085205,-0.22168006896972656
2.440394401550293,9.289848327636719,-0.3400993347167969
0.24851922690868378,3.585089683532715,-0.3148327827453613
1.3941106796264648,4.785678863525391,-0.34147090911865235
2.826754331588745,7.042585849761963,0.18224395275115968
2.447286367416382,3.133113145828247,0.12038207769393922
2.2338993549346924,2.2698476314544678,0.05515465259551999
-4.402775287628174,2.452871561050415,-0.2728718757629395
2.082268238067627,4.758779048919678,-0.24328529357910156
1.3997749090194702,2.407081127166748,-0.29855302810668943
-1.5016969442367554,3.5778746604919434,-0.04239882707595827
2.012634515762329,4.607692718505859,-0.10332695364952088
-0.08987437933683395,6.039658546447754,-0.0815193086862564
4.613569736480713,6.5501556396484375,0.9368807029724121
1.6805994510650635,9.32077693939209,-0.14461769580841066
-0.5704915523529053,4.473252773284912,0.15278971433639527
-1.0738056898117065,4.665761947631836,-0.19416023254394532
0.36953288316726685,8.107439041137695,0.22017494201660154
1.7435307502746582,4.832888603210449,-0.20306840896606446
0.02816256508231163,4.127306938171387,-0.2940657615661621
-0.7179499864578247,7.246187686920166,-0.23755924224853517
-0.7890835404396057,3.118152141571045,-0.2968457794189453
2.281078815460205,8.873581886291504,0.2902133536338806
1.1215462684631348,2.597792148590088,-0.2982382965087891
0.943501353263855,5.252370357513428,-0.29208614349365236
1.2827668190002441,5.901387691497803,-0.20741493225097657
-2.4319028854370117,9.251630783081055,-0.20598076879978178
0.7355209589004517,3.4285354614257812,-0.35766448974609377
0.9800347089767456,7.229572296142578,-0.10966480255126954
-1.0073357820510864,7.868803024291992,-0.34243240356445315
-0.16550388932228088,1.801109790802002,-0.18960384368896485
-3.513258695602417,6.345259666442871,-0.10845905661582944
2.6253936290740967,4.191647529602051,-0.0504570937156677
3.0005135536193848,4.357426166534424,0.24577704191207883
4.857835292816162,6.871715545654297,1.2046711683273315
8.8450288772583,3.332118034362793,-0.404161376953125
-2.8123695850372314,6.687469482421875,-0.22575817108154297
0.8495171666145325,3.876831531524658,-0.2675082778930664
3.518004894256592,5.321352005004883,-0.13992743313312528
-3.257934808731079,6.907773971557617,-0.10434055447578428
1.184210181236267,5.685699939727783,-0.2891020232439041
1.7571156024932861,6.08110237121582,0.30570128440856936
7.626662731170654,4.258270263671875,-0.31048528671264647
1.6572763919830322,3.0527498722076416,-0.30853479385375976
2.2578938007354736,7.976273536682129,-0.38684165954589844
-0.28326329588890076,4.343489170074463,-0.06864158749580385
-1.6545379161834717,4.152400970458984,-0.3009978866577148
-3.2593371868133545,9.198476791381836,0.3679705715179443
4.683553695678711,5.07769250869751,0.6084964370727539
